watchlist_entry_id,subject_type,individual_id,entity_id,list_type,list_source,listed_date,reason
WL000001,Individual,IND0010378,,Adverse media-like,Adverse Media Index (fictional),2024-11-11 00:00:00,Fraud allegations in media
WL000002,Entity,,ENT006532,Sanctions-like,Global Restricted Parties List (fictional),2024-08-28 00:00:00,Asset freeze
WL000003,Individual,IND0037295,,PEP-like,Politically Exposed Persons Register (fictional),2019-08-20 00:00:00,Senior public function
WL000004,Entity,,ENT005912,Law enforcement-like,Regional Enforcement Bulletin (fictional),2026-01-28 00:00:00,Under investigation
WL000005,Entity,,ENT002635,Law enforcement-like,Regional Enforcement Bulletin (fictional),2022-04-11 00:00:00,Under investigation
WL000006,Entity,,ENT009426,PEP-like,Politically Exposed Persons Register (fictional),2023-09-29 00:00:00,Senior public function
WL000007,Entity,,ENT001661,Sanctions-like,Global Restricted Parties List (fictional),2022-01-07 00:00:00,Asset freeze
WL000008,Entity,,ENT000899,PEP-like,Politically Exposed Persons Register (fictional),2023-10-06 00:00:00,Senior public function
WL000009,Entity,,ENT003338,Law enforcement-like,Regional Enforcement Bulletin (fictional),2023-09-25 00:00:00,Under investigation
WL000010,Individual,IND0051768,,PEP-like,Politically Exposed Persons Register (fictional),2021-09-06 00:00:00,Senior public function
WL000011,Individual,IND0048429,,PEP-like,Politically Exposed Persons Register (fictional),2026-03-20 00:00:00,Senior public function
WL000012,Individual,IND0042710,,Adverse media-like,Adverse Media Index (fictional),2017-09-25 00:00:00,Fraud allegations in media
WL000013,Entity,,ENT004507,Adverse media-like,Adverse Media Index (fictional),2021-11-25 00:00:00,Fraud allegations in media
WL000014,Individual,IND0052909,,Law enforcement-like,Regional Enforcement Bulletin (fictional),2025-10-13 00:00:00,Under investigation
WL000015,Entity,,ENT005354,PEP-like,Politically Exposed Persons Register (fictional),2026-01-05 00:00:00,Senior public function
WL000016,Individual,IND0014060,,Law enforcement-like,Regional Enforcement Bulletin (fictional),2017-06-30 00:00:00,Under investigation
WL000017,Entity,,ENT003534,Sanctions-like,Global Restricted Parties List (fictional),2017-02-14 00:00:00,Asset freeze
WL000018,Individual,IND0042867,,Adverse media-like,Adverse Media Index (fictional),2016-04-25 00:00:00,Fraud allegations in media
WL000019,Individual,IND0019989,,PEP-like,Politically Exposed Persons Register (fictional),2019-09-03 00:00:00,Senior public function
WL000020,Individual,IND0022924,,PEP-like,Politically Exposed Persons Register (fictional),2015-10-06 00:00:00,Senior public function
WL000021,Individual,IND0037663,,Sanctions-like,Global Restricted Parties List (fictional),2020-06-01 00:00:00,Asset freeze
WL000022,Individual,IND0030568,,PEP-like,Politically Exposed Persons Register (fictional),2023-01-10 00:00:00,Senior public function
WL000023,Entity,,ENT005193,PEP-like,Politically Exposed Persons Register (fictional),2026-07-13 00:00:00,Senior public function
WL000024,Entity,,ENT002070,Sanctions-like,Global Restricted Parties List (fictional),2017-01-13 00:00:00,Asset freeze
WL000025,Individual,IND0040343,,Sanctions-like,Global Restricted Parties List (fictional),2025-05-07 00:00:00,Asset freeze
WL000026,Individual,IND0033360,,PEP-like,Politically Exposed Persons Register (fictional),2020-11-23 00:00:00,Senior public function
WL000027,Individual,IND0005953,,PEP-like,Politically Exposed Persons Register (fictional),2018-07-10 00:00:00,Senior public function
WL000028,Individual,IND0014541,,Adverse media-like,Adverse Media Index (fictional),2016-12-01 00:00:00,Fraud allegations in media
WL000029,Individual,IND0049830,,Adverse media-like,Adverse Media Index (fictional),2020-09-24 00:00:00,Fraud allegations in media
WL000030,Entity,,ENT006417,Law enforcement-like,Regional Enforcement Bulletin (fictional),2021-01-05 00:00:00,Under investigation
WL000031,Individual,IND0010319,,Adverse media-like,Adverse Media Index (fictional),2026-04-29 00:00:00,Fraud allegations in media
WL000032,Individual,IND0013290,,Sanctions-like,Global Restricted Parties List (fictional),2015-01-14 00:00:00,Asset freeze
WL000033,Entity,,ENT002567,Sanctions-like,Global Restricted Parties List (fictional),2022-05-09 00:00:00,Asset freeze
WL000034,Individual,IND0034592,,PEP-like,Politically Exposed Persons Register (fictional),2015-01-08 00:00:00,Senior public function
WL000035,Entity,,ENT004888,PEP-like,Politically Exposed Persons Register (fictional),2019-02-27 00:00:00,Senior public function
WL000036,Individual,IND0014162,,Sanctions-like,Global Restricted Parties List (fictional),2026-02-20 00:00:00,Asset freeze
WL000037,Entity,,ENT006698,Sanctions-like,Global Restricted Parties List (fictional),2017-02-27 00:00:00,Asset freeze
WL000038,Entity,,ENT004944,PEP-like,Politically Exposed Persons Register (fictional),2023-04-18 00:00:00,Senior public function
WL000039,Individual,IND0009745,,Sanctions-like,Global Restricted Parties List (fictional),2025-07-27 00:00:00,Asset freeze
WL000040,Entity,,ENT001111,Adverse media-like,Adverse Media Index (fictional),2015-06-18 00:00:00,Fraud allegations in media
WL000041,Individual,IND0039212,,Sanctions-like,Global Restricted Parties List (fictional),2020-08-20 00:00:00,Asset freeze
WL000042,Entity,,ENT003171,PEP-like,Politically Exposed Persons Register (fictional),2025-01-06 00:00:00,Senior public function
WL000043,Individual,IND0000073,,Adverse media-like,Adverse Media Index (fictional),2015-11-23 00:00:00,Fraud allegations in media
WL000044,Individual,IND0019467,,Law enforcement-like,Regional Enforcement Bulletin (fictional),2021-07-30 00:00:00,Under investigation
WL000045,Individual,IND0058163,,PEP-like,Politically Exposed Persons Register (fictional),2017-03-12 00:00:00,Senior public function
WL000046,Individual,IND0027517,,PEP-like,Politically Exposed Persons Register (fictional),2018-04-16 00:00:00,Senior public function
WL000047,Entity,,ENT008086,Adverse media-like,Adverse Media Index (fictional),2021-09-27 00:00:00,Fraud allegations in media
WL000048,Individual,IND0053648,,PEP-like,Politically Exposed Persons Register (fictional),2016-08-17 00:00:00,Senior public function
WL000049,Individual,IND0050266,,Sanctions-like,Global Restricted Parties List (fictional),2024-09-05 00:00:00,Asset freeze
WL000050,Entity,,ENT007711,PEP-like,Politically Exposed Persons Register (fictional),2021-08-30 00:00:00,Senior public function
WL000051,Entity,,ENT008399,Law enforcement-like,Regional Enforcement Bulletin (fictional),2017-08-01 00:00:00,Under investigation
WL000052,Entity,,ENT009027,Adverse media-like,Adverse Media Index (fictional),2025-07-28 00:00:00,Fraud allegations in media
WL000053,Entity,,ENT004882,PEP-like,Politically Exposed Persons Register (fictional),2017-11-17 00:00:00,Senior public function
WL000054,Individual,IND0048128,,Adverse media-like,Adverse Media Index (fictional),2024-12-06 00:00:00,Fraud allegations in media
WL000055,Individual,IND0016429,,PEP-like,Politically Exposed Persons Register (fictional),2020-07-17 00:00:00,Senior public function
WL000056,Individual,IND0008084,,PEP-like,Politically Exposed Persons Register (fictional),2019-02-25 00:00:00,Senior public function
WL000057,Entity,,ENT003788,Adverse media-like,Adverse Media Index (fictional),2016-01-01 00:00:00,Fraud allegations in media
WL000058,Individual,IND0027191,,Adverse media-like,Adverse Media Index (fictional),2021-06-27 00:00:00,Fraud allegations in media
WL000059,Individual,IND0030093,,PEP-like,Politically Exposed Persons Register (fictional),2023-07-26 00:00:00,Senior public function
WL000060,Individual,IND0053053,,Law enforcement-like,Regional Enforcement Bulletin (fictional),2025-12-22 00:00:00,Under investigation
WL000061,Individual,IND0012904,,PEP-like,Politically Exposed Persons Register (fictional),2016-07-01 00:00:00,Senior public function
WL000062,Entity,,ENT004904,Sanctions-like,Global Restricted Parties List (fictional),2024-04-23 00:00:00,Asset freeze
WL000063,Individual,IND0047809,,Law enforcement-like,Regional Enforcement Bulletin (fictional),2023-10-04 00:00:00,Under investigation
WL000064,Individual,IND0034965,,PEP-like,Politically Exposed Persons Register (fictional),2022-03-28 00:00:00,Senior public function
WL000065,Individual,IND0036130,,Law enforcement-like,Regional Enforcement Bulletin (fictional),2020-08-30 00:00:00,Under investigation
WL000066,Individual,IND0022349,,Sanctions-like,Global Restricted Parties List (fictional),2017-09-22 00:00:00,Asset freeze
WL000067,Entity,,ENT007950,PEP-like,Politically Exposed Persons Register (fictional),2018-06-08 00:00:00,Senior public function
WL000068,Individual,IND0034863,,Sanctions-like,Global Restricted Parties List (fictional),2021-01-11 00:00:00,Asset freeze
WL000069,Entity,,ENT001554,Adverse media-like,Adverse Media Index (fictional),2015-06-22 00:00:00,Fraud allegations in media
WL000070,Individual,IND0050427,,PEP-like,Politically Exposed Persons Register (fictional),2025-06-19 00:00:00,Senior public function
WL000071,Entity,,ENT007916,Sanctions-like,Global Restricted Parties List (fictional),2024-05-24 00:00:00,Asset freeze
WL000072,Individual,IND0034114,,PEP-like,Politically Exposed Persons Register (fictional),2021-12-24 00:00:00,Senior public function
WL000073,Entity,,ENT005394,PEP-like,Politically Exposed Persons Register (fictional),2023-05-30 00:00:00,Senior public function
WL000074,Individual,IND0033515,,Law enforcement-like,Regional Enforcement Bulletin (fictional),2016-07-04 00:00:00,Under investigation
WL000075,Individual,IND0013927,,Adverse media-like,Adverse Media Index (fictional),2018-09-04 00:00:00,Fraud allegations in media
WL000076,Individual,IND0058102,,Adverse media-like,Adverse Media Index (fictional),2020-07-31 00:00:00,Fraud allegations in media
WL000077,Entity,,ENT001830,PEP-like,Politically Exposed Persons Register (fictional),2015-10-22 00:00:00,Senior public function
WL000078,Entity,,ENT001498,PEP-like,Politically Exposed Persons Register (fictional),2016-03-18 00:00:00,Senior public function
WL000079,Individual,IND0013401,,PEP-like,Politically Exposed Persons Register (fictional),2022-06-01 00:00:00,Senior public function
WL000080,Individual,IND0023047,,Adverse media-like,Adverse Media Index (fictional),2018-10-01 00:00:00,Fraud allegations in media
WL000081,Individual,IND0057702,,Sanctions-like,Global Restricted Parties List (fictional),2022-12-05 00:00:00,Asset freeze
WL000082,Entity,,ENT005336,PEP-like,Politically Exposed Persons Register (fictional),2017-04-17 00:00:00,Senior public function
WL000083,Individual,IND0004872,,Law enforcement-like,Regional Enforcement Bulletin (fictional),2019-07-24 00:00:00,Under investigation
WL000084,Entity,,ENT009443,Adverse media-like,Adverse Media Index (fictional),2022-01-09 00:00:00,Fraud allegations in media
WL000085,Entity,,ENT008398,Adverse media-like,Adverse Media Index (fictional),2022-02-03 00:00:00,Fraud allegations in media
WL000086,Individual,IND0043173,,PEP-like,Politically Exposed Persons Register (fictional),2026-06-19 00:00:00,Senior public function
WL000087,Individual,IND0057457,,PEP-like,Politically Exposed Persons Register (fictional),2023-11-17 00:00:00,Senior public function
WL000088,Individual,IND0035979,,Adverse media-like,Adverse Media Index (fictional),2018-09-07 00:00:00,Fraud allegations in media
WL000089,Individual,IND0012343,,PEP-like,Politically Exposed Persons Register (fictional),2021-08-12 00:00:00,Senior public function
WL000090,Entity,,ENT008055,PEP-like,Politically Exposed Persons Register (fictional),2015-09-25 00:00:00,Senior public function
WL000091,Individual,IND0017555,,Sanctions-like,Global Restricted Parties List (fictional),2025-12-04 00:00:00,Asset freeze
WL000092,Individual,IND0014550,,PEP-like,Politically Exposed Persons Register (fictional),2021-04-21 00:00:00,Senior public function
WL000093,Individual,IND0054427,,Adverse media-like,Adverse Media Index (fictional),2018-04-20 00:00:00,Fraud allegations in media
WL000094,Individual,IND0001037,,Sanctions-like,Global Restricted Parties List (fictional),2022-07-25 00:00:00,Asset freeze
WL000095,Individual,IND0043028,,Adverse media-like,Adverse Media Index (fictional),2016-02-26 00:00:00,Fraud allegations in media
WL000096,Entity,,ENT005718,PEP-like,Politically Exposed Persons Register (fictional),2022-11-11 00:00:00,Senior public function
WL000097,Individual,IND0003047,,Adverse media-like,Adverse Media Index (fictional),2015-03-04 00:00:00,Fraud allegations in media
WL000098,Individual,IND0013156,,Adverse media-like,Adverse Media Index (fictional),2019-10-22 00:00:00,Fraud allegations in media
WL000099,Individual,IND0000572,,Sanctions-like,Global Restricted Parties List (fictional),2015-02-23 00:00:00,Asset freeze
WL000100,Individual,IND0032998,,PEP-like,Politically Exposed Persons Register (fictional),2016-10-20 00:00:00,Senior public function
WL000101,Individual,IND0054208,,PEP-like,Politically Exposed Persons Register (fictional),2015-02-05 00:00:00,Senior public function
WL000102,Entity,,ENT006438,PEP-like,Politically Exposed Persons Register (fictional),2023-01-10 00:00:00,Senior public function
WL000103,Entity,,ENT009441,PEP-like,Politically Exposed Persons Register (fictional),2018-04-06 00:00:00,Senior public function
WL000104,Entity,,ENT008457,Sanctions-like,Global Restricted Parties List (fictional),2024-02-26 00:00:00,Asset freeze
WL000105,Individual,IND0029928,,Sanctions-like,Global Restricted Parties List (fictional),2015-02-02 00:00:00,Asset freeze
WL000106,Individual,IND0040978,,Law enforcement-like,Regional Enforcement Bulletin (fictional),2021-08-02 00:00:00,Under investigation
WL000107,Entity,,ENT002758,Sanctions-like,Global Restricted Parties List (fictional),2025-12-08 00:00:00,Asset freeze
WL000108,Entity,,ENT004697,Law enforcement-like,Regional Enforcement Bulletin (fictional),2016-09-26 00:00:00,Under investigation
WL000109,Individual,IND0036758,,PEP-like,Politically Exposed Persons Register (fictional),2016-03-18 00:00:00,Senior public function
WL000110,Individual,IND0005517,,PEP-like,Politically Exposed Persons Register (fictional),2015-12-01 00:00:00,Senior public function
WL000111,Entity,,ENT000004,Sanctions-like,Global Restricted Parties List (fictional),2022-03-05 00:00:00,Asset freeze
WL000112,Individual,IND0004383,,PEP-like,Politically Exposed Persons Register (fictional),2016-04-25 00:00:00,Senior public function
WL000113,Entity,,ENT004409,Sanctions-like,Global Restricted Parties List (fictional),2015-06-08 00:00:00,Asset freeze
WL000114,Individual,IND0016667,,PEP-like,Politically Exposed Persons Register (fictional),2022-10-11 00:00:00,Senior public function
WL000115,Entity,,ENT002148,Law enforcement-like,Regional Enforcement Bulletin (fictional),2020-08-04 00:00:00,Under investigation
WL000116,Individual,IND0035235,,Sanctions-like,Global Restricted Parties List (fictional),2015-04-17 00:00:00,Asset freeze
WL000117,Entity,,ENT003818,Adverse media-like,Adverse Media Index (fictional),2023-08-11 00:00:00,Fraud allegations in media
WL000118,Entity,,ENT001881,Adverse media-like,Adverse Media Index (fictional),2022-05-16 00:00:00,Fraud allegations in media
WL000119,Entity,,ENT004553,Adverse media-like,Adverse Media Index (fictional),2017-07-10 00:00:00,Fraud allegations in media
WL000120,Individual,IND0043488,,Sanctions-like,Global Restricted Parties List (fictional),2025-12-19 00:00:00,Asset freeze
WL000121,Individual,IND0036700,,Adverse media-like,Adverse Media Index (fictional),2024-04-10 00:00:00,Fraud allegations in media
WL000122,Entity,,ENT005004,Sanctions-like,Global Restricted Parties List (fictional),2022-10-24 00:00:00,Asset freeze
WL000123,Individual,IND0013647,,Law enforcement-like,Regional Enforcement Bulletin (fictional),2020-05-22 00:00:00,Under investigation
WL000124,Entity,,ENT007629,PEP-like,Politically Exposed Persons Register (fictional),2019-03-08 00:00:00,Senior public function
WL000125,Individual,IND0022691,,Sanctions-like,Global Restricted Parties List (fictional),2026-01-19 00:00:00,Asset freeze
WL000126,Individual,IND0003995,,Law enforcement-like,Regional Enforcement Bulletin (fictional),2023-12-15 00:00:00,Under investigation
WL000127,Entity,,ENT005313,Law enforcement-like,Regional Enforcement Bulletin (fictional),2017-08-14 00:00:00,Under investigation
WL000128,Entity,,ENT003292,Adverse media-like,Adverse Media Index (fictional),2023-07-20 00:00:00,Fraud allegations in media
WL000129,Individual,IND0040628,,Sanctions-like,Global Restricted Parties List (fictional),2021-12-13 00:00:00,Asset freeze
WL000130,Individual,IND0053784,,Sanctions-like,Global Restricted Parties List (fictional),2024-04-19 00:00:00,Asset freeze
WL000131,Individual,IND0010806,,Sanctions-like,Global Restricted Parties List (fictional),2021-08-20 00:00:00,Asset freeze
WL000132,Individual,IND0000645,,PEP-like,Politically Exposed Persons Register (fictional),2021-06-11 00:00:00,Senior public function
WL000133,Entity,,ENT005869,PEP-like,Politically Exposed Persons Register (fictional),2016-07-23 00:00:00,Senior public function
WL000134,Individual,IND0055884,,Sanctions-like,Global Restricted Parties List (fictional),2019-03-11 00:00:00,Asset freeze
WL000135,Entity,,ENT006691,Sanctions-like,Global Restricted Parties List (fictional),2025-02-12 00:00:00,Asset freeze
WL000136,Individual,IND0057358,,PEP-like,Politically Exposed Persons Register (fictional),2025-09-23 00:00:00,Senior public function
WL000137,Entity,,ENT003713,PEP-like,Politically Exposed Persons Register (fictional),2023-12-15 00:00:00,Senior public function
WL000138,Entity,,ENT000763,PEP-like,Politically Exposed Persons Register (fictional),2026-05-06 00:00:00,Senior public function
WL000139,Entity,,ENT007480,PEP-like,Politically Exposed Persons Register (fictional),2019-12-17 00:00:00,Senior public function
WL000140,Entity,,ENT000446,Sanctions-like,Global Restricted Parties List (fictional),2021-10-11 00:00:00,Asset freeze
WL000141,Individual,IND0059978,,Law enforcement-like,Regional Enforcement Bulletin (fictional),2019-07-23 00:00:00,Under investigation
WL000142,Individual,IND0052093,,Sanctions-like,Global Restricted Parties List (fictional),2023-03-22 00:00:00,Asset freeze
WL000143,Entity,,ENT008884,PEP-like,Politically Exposed Persons Register (fictional),2022-10-21 00:00:00,Senior public function
WL000144,Individual,IND0022612,,Sanctions-like,Global Restricted Parties List (fictional),2023-11-24 00:00:00,Asset freeze
WL000145,Entity,,ENT000415,Sanctions-like,Global Restricted Parties List (fictional),2026-09-07 00:00:00,Asset freeze
WL000146,Individual,IND0017586,,Law enforcement-like,Regional Enforcement Bulletin (fictional),2017-03-10 00:00:00,Under investigation
WL000147,Entity,,ENT002966,Adverse media-like,Adverse Media Index (fictional),2016-02-17 00:00:00,Fraud allegations in media
WL000148,Individual,IND0038149,,Sanctions-like,Global Restricted Parties List (fictional),2017-11-17 00:00:00,Asset freeze
WL000149,Individual,IND0000650,,PEP-like,Politically Exposed Persons Register (fictional),2019-03-11 00:00:00,Senior public function
WL000150,Individual,IND0042439,,Law enforcement-like,Regional Enforcement Bulletin (fictional),2016-06-21 00:00:00,Under investigation
WL000151,Individual,IND0039946,,PEP-like,Politically Exposed Persons Register (fictional),2026-03-27 00:00:00,Senior public function
WL000152,Entity,,ENT001630,Law enforcement-like,Regional Enforcement Bulletin (fictional),2020-06-22 00:00:00,Under investigation
WL000153,Individual,IND0044856,,Sanctions-like,Global Restricted Parties List (fictional),2023-04-28 00:00:00,Asset freeze
WL000154,Entity,,ENT000161,PEP-like,Politically Exposed Persons Register (fictional),2017-03-08 00:00:00,Senior public function
WL000155,Individual,IND0014927,,Adverse media-like,Adverse Media Index (fictional),2017-07-24 00:00:00,Fraud allegations in media
WL000156,Individual,IND0045915,,Adverse media-like,Adverse Media Index (fictional),2021-07-13 00:00:00,Fraud allegations in media
WL000157,Entity,,ENT007277,Sanctions-like,Global Restricted Parties List (fictional),2026-03-12 00:00:00,Asset freeze
WL000158,Individual,IND0034730,,Adverse media-like,Adverse Media Index (fictional),2016-10-13 00:00:00,Fraud allegations in media
WL000159,Individual,IND0024215,,PEP-like,Politically Exposed Persons Register (fictional),2015-08-27 00:00:00,Senior public function
WL000160,Entity,,ENT004144,PEP-like,Politically Exposed Persons Register (fictional),2020-01-14 00:00:00,Senior public function
WL000161,Entity,,ENT001427,Adverse media-like,Adverse Media Index (fictional),2020-06-09 00:00:00,Fraud allegations in media
WL000162,Entity,,ENT009698,Adverse media-like,Adverse Media Index (fictional),2019-10-14 00:00:00,Fraud allegations in media
WL000163,Individual,IND0007309,,Adverse media-like,Adverse Media Index (fictional),2023-04-19 00:00:00,Fraud allegations in media
WL000164,Individual,IND0052595,,PEP-like,Politically Exposed Persons Register (fictional),2017-01-22 00:00:00,Senior public function
WL000165,Individual,IND0001380,,Sanctions-like,Global Restricted Parties List (fictional),2025-12-04 00:00:00,Asset freeze
WL000166,Entity,,ENT005135,Law enforcement-like,Regional Enforcement Bulletin (fictional),2023-09-01 00:00:00,Under investigation
WL000167,Individual,IND0020619,,Sanctions-like,Global Restricted Parties List (fictional),2017-03-06 00:00:00,Asset freeze
WL000168,Individual,IND0004830,,PEP-like,Politically Exposed Persons Register (fictional),2020-11-09 00:00:00,Senior public function
WL000169,Individual,IND0018477,,Adverse media-like,Adverse Media Index (fictional),2024-06-21 00:00:00,Fraud allegations in media
WL000170,Individual,IND0054766,,PEP-like,Politically Exposed Persons Register (fictional),2018-06-18 00:00:00,Senior public function
WL000171,Individual,IND0051650,,Sanctions-like,Global Restricted Parties List (fictional),2024-09-10 00:00:00,Asset freeze
WL000172,Individual,IND0003944,,PEP-like,Politically Exposed Persons Register (fictional),2020-09-03 00:00:00,Senior public function
WL000173,Individual,IND0012198,,Adverse media-like,Adverse Media Index (fictional),2022-08-02 00:00:00,Fraud allegations in media
WL000174,Individual,IND0039035,,Law enforcement-like,Regional Enforcement Bulletin (fictional),2020-12-23 00:00:00,Under investigation
WL000175,Individual,IND0037989,,Law enforcement-like,Regional Enforcement Bulletin (fictional),2017-03-20 00:00:00,Under investigation
WL000176,Entity,,ENT005045,Adverse media-like,Adverse Media Index (fictional),2020-02-17 00:00:00,Fraud allegations in media
WL000177,Individual,IND0044655,,Law enforcement-like,Regional Enforcement Bulletin (fictional),2015-10-13 00:00:00,Under investigation
WL000178,Entity,,ENT009691,PEP-like,Politically Exposed Persons Register (fictional),2016-08-08 00:00:00,Senior public function
WL000179,Individual,IND0009859,,PEP-like,Politically Exposed Persons Register (fictional),2026-09-28 00:00:00,Senior public function
WL000180,Individual,IND0049546,,PEP-like,Politically Exposed Persons Register (fictional),2024-06-14 00:00:00,Senior public function
WL000181,Entity,,ENT004955,Adverse media-like,Adverse Media Index (fictional),2024-04-26 00:00:00,Fraud allegations in media
WL000182,Individual,IND0043867,,Law enforcement-like,Regional Enforcement Bulletin (fictional),2022-04-22 00:00:00,Under investigation
WL000183,Individual,IND0012498,,Adverse media-like,Adverse Media Index (fictional),2021-07-30 00:00:00,Fraud allegations in media
WL000184,Individual,IND0037486,,Law enforcement-like,Regional Enforcement Bulletin (fictional),2019-03-25 00:00:00,Under investigation
WL000185,Entity,,ENT003091,PEP-like,Politically Exposed Persons Register (fictional),2015-02-04 00:00:00,Senior public function
WL000186,Individual,IND0008646,,Adverse media-like,Adverse Media Index (fictional),2020-08-29 00:00:00,Fraud allegations in media
WL000187,Individual,IND0011279,,Sanctions-like,Global Restricted Parties List (fictional),2016-09-12 00:00:00,Asset freeze
WL000188,Individual,IND0015110,,Adverse media-like,Adverse Media Index (fictional),2024-05-31 00:00:00,Fraud allegations in media
WL000189,Entity,,ENT002433,PEP-like,Politically Exposed Persons Register (fictional),2017-07-14 00:00:00,Senior public function
WL000190,Individual,IND0038360,,Adverse media-like,Adverse Media Index (fictional),2023-04-14 00:00:00,Fraud allegations in media
WL000191,Individual,IND0058883,,Sanctions-like,Global Restricted Parties List (fictional),2022-06-21 00:00:00,Asset freeze
WL000192,Individual,IND0038721,,Adverse media-like,Adverse Media Index (fictional),2023-05-19 00:00:00,Fraud allegations in media
WL000193,Individual,IND0015904,,PEP-like,Politically Exposed Persons Register (fictional),2018-11-30 00:00:00,Senior public function
WL000194,Individual,IND0040482,,PEP-like,Politically Exposed Persons Register (fictional),2023-10-26 00:00:00,Senior public function
WL000195,Entity,,ENT003431,Adverse media-like,Adverse Media Index (fictional),2021-10-29 00:00:00,Fraud allegations in media
WL000196,Individual,IND0051746,,PEP-like,Politically Exposed Persons Register (fictional),2017-02-03 00:00:00,Senior public function
WL000197,Individual,IND0037367,,PEP-like,Politically Exposed Persons Register (fictional),2025-10-06 00:00:00,Senior public function
WL000198,Individual,IND0031144,,PEP-like,Politically Exposed Persons Register (fictional),2020-04-28 00:00:00,Senior public function
WL000199,Individual,IND0008679,,Sanctions-like,Global Restricted Parties List (fictional),2022-02-07 00:00:00,Asset freeze
WL000200,Individual,IND0035642,,Sanctions-like,Global Restricted Parties List (fictional),2019-02-22 00:00:00,Asset freeze
WL000201,Individual,IND0038441,,Adverse media-like,Adverse Media Index (fictional),2019-09-13 00:00:00,Fraud allegations in media
WL000202,Individual,IND0046475,,Adverse media-like,Adverse Media Index (fictional),2024-12-24 00:00:00,Fraud allegations in media
WL000203,Individual,IND0042029,,Adverse media-like,Adverse Media Index (fictional),2018-12-10 00:00:00,Fraud allegations in media
WL000204,Entity,,ENT009811,Law enforcement-like,Regional Enforcement Bulletin (fictional),2015-08-04 00:00:00,Under investigation
WL000205,Individual,IND0002893,,PEP-like,Politically Exposed Persons Register (fictional),2020-11-09 00:00:00,Senior public function
WL000206,Individual,IND0001694,,PEP-like,Politically Exposed Persons Register (fictional),2025-04-10 00:00:00,Senior public function
WL000207,Individual,IND0042402,,PEP-like,Politically Exposed Persons Register (fictional),2019-03-18 00:00:00,Senior public function
WL000208,Entity,,ENT004347,Law enforcement-like,Regional Enforcement Bulletin (fictional),2025-10-30 00:00:00,Under investigation
WL000209,Entity,,ENT000082,PEP-like,Politically Exposed Persons Register (fictional),2021-05-03 00:00:00,Senior public function
WL000210,Individual,IND0012262,,Sanctions-like,Global Restricted Parties List (fictional),2020-02-20 00:00:00,Asset freeze
WL000211,Individual,IND0038382,,Adverse media-like,Adverse Media Index (fictional),2019-03-22 00:00:00,Fraud allegations in media
WL000212,Individual,IND0033531,,Law enforcement-like,Regional Enforcement Bulletin (fictional),2025-09-26 00:00:00,Under investigation
WL000213,Individual,IND0016511,,Adverse media-like,Adverse Media Index (fictional),2017-10-03 00:00:00,Fraud allegations in media
WL000214,Individual,IND0031492,,Sanctions-like,Global Restricted Parties List (fictional),2025-09-10 00:00:00,Asset freeze
WL000215,Entity,,ENT005895,Adverse media-like,Adverse Media Index (fictional),2017-11-03 00:00:00,Fraud allegations in media
WL000216,Individual,IND0003045,,Adverse media-like,Adverse Media Index (fictional),2023-09-13 00:00:00,Fraud allegations in media
WL000217,Entity,,ENT004524,Adverse media-like,Adverse Media Index (fictional),2022-08-17 00:00:00,Fraud allegations in media
WL000218,Individual,IND0045088,,Sanctions-like,Global Restricted Parties List (fictional),2025-01-29 00:00:00,Asset freeze
WL000219,Entity,,ENT000965,Sanctions-like,Global Restricted Parties List (fictional),2024-03-29 00:00:00,Asset freeze
WL000220,Individual,IND0058736,,Adverse media-like,Adverse Media Index (fictional),2015-06-13 00:00:00,Fraud allegations in media
WL000221,Entity,,ENT005148,PEP-like,Politically Exposed Persons Register (fictional),2021-02-12 00:00:00,Senior public function
WL000222,Entity,,ENT000564,Adverse media-like,Adverse Media Index (fictional),2020-01-16 00:00:00,Fraud allegations in media
WL000223,Individual,IND0042319,,PEP-like,Politically Exposed Persons Register (fictional),2019-05-24 00:00:00,Senior public function
WL000224,Individual,IND0000510,,Sanctions-like,Global Restricted Parties List (fictional),2021-04-05 00:00:00,Asset freeze
WL000225,Individual,IND0033389,,Adverse media-like,Adverse Media Index (fictional),2019-04-08 00:00:00,Fraud allegations in media
WL000226,Individual,IND0034486,,PEP-like,Politically Exposed Persons Register (fictional),2026-01-14 00:00:00,Senior public function
WL000227,Individual,IND0016858,,Adverse media-like,Adverse Media Index (fictional),2018-12-18 00:00:00,Fraud allegations in media
WL000228,Individual,IND0013392,,Sanctions-like,Global Restricted Parties List (fictional),2015-11-09 00:00:00,Asset freeze
WL000229,Individual,IND0009515,,PEP-like,Politically Exposed Persons Register (fictional),2015-06-13 00:00:00,Senior public function
WL000230,Individual,IND0004016,,Adverse media-like,Adverse Media Index (fictional),2018-08-13 00:00:00,Fraud allegations in media
WL000231,Individual,IND0037810,,Adverse media-like,Adverse Media Index (fictional),2023-03-11 00:00:00,Fraud allegations in media
WL000232,Individual,IND0010802,,PEP-like,Politically Exposed Persons Register (fictional),2017-12-19 00:00:00,Senior public function
WL000233,Entity,,ENT008754,PEP-like,Politically Exposed Persons Register (fictional),2025-04-03 00:00:00,Senior public function
WL000234,Individual,IND0034366,,Adverse media-like,Adverse Media Index (fictional),2025-06-25 00:00:00,Fraud allegations in media
WL000235,Individual,IND0011508,,Law enforcement-like,Regional Enforcement Bulletin (fictional),2026-04-03 00:00:00,Under investigation
WL000236,Entity,,ENT009889,PEP-like,Politically Exposed Persons Register (fictional),2026-05-06 00:00:00,Senior public function
WL000237,Entity,,ENT008589,PEP-like,Politically Exposed Persons Register (fictional),2021-09-20 00:00:00,Senior public function
WL000238,Entity,,ENT006685,Adverse media-like,Adverse Media Index (fictional),2019-12-10 00:00:00,Fraud allegations in media
WL000239,Entity,,ENT003217,PEP-like,Politically Exposed Persons Register (fictional),2015-04-27 00:00:00,Senior public function
WL000240,Individual,IND0018184,,Adverse media-like,Adverse Media Index (fictional),2023-04-14 00:00:00,Fraud allegations in media
WL000241,Entity,,ENT002255,PEP-like,Politically Exposed Persons Register (fictional),2020-12-10 00:00:00,Senior public function
WL000242,Individual,IND0051356,,PEP-like,Politically Exposed Persons Register (fictional),2024-05-06 00:00:00,Senior public function
WL000243,Entity,,ENT007066,Sanctions-like,Global Restricted Parties List (fictional),2023-08-15 00:00:00,Asset freeze
WL000244,Individual,IND0014402,,PEP-like,Politically Exposed Persons Register (fictional),2020-01-27 00:00:00,Senior public function
WL000245,Entity,,ENT003361,PEP-like,Politically Exposed Persons Register (fictional),2017-02-07 00:00:00,Senior public function
WL000246,Entity,,ENT000521,PEP-like,Politically Exposed Persons Register (fictional),2017-09-25 00:00:00,Senior public function
WL000247,Individual,IND0017933,,Sanctions-like,Global Restricted Parties List (fictional),2021-12-13 00:00:00,Asset freeze
WL000248,Individual,IND0059207,,Law enforcement-like,Regional Enforcement Bulletin (fictional),2026-06-11 00:00:00,Under investigation
WL000249,Individual,IND0048210,,PEP-like,Politically Exposed Persons Register (fictional),2023-10-16 00:00:00,Senior public function
WL000250,Individual,IND0010847,,Sanctions-like,Global Restricted Parties List (fictional),2015-05-13 00:00:00,Asset freeze
WL000251,Individual,IND0034533,,Sanctions-like,Global Restricted Parties List (fictional),2019-10-03 00:00:00,Asset freeze
WL000252,Individual,IND0027333,,Adverse media-like,Adverse Media Index (fictional),2022-07-20 00:00:00,Fraud allegations in media
WL000253,Individual,IND0037334,,PEP-like,Politically Exposed Persons Register (fictional),2019-12-09 00:00:00,Senior public function
WL000254,Individual,IND0040092,,Sanctions-like,Global Restricted Parties List (fictional),2015-11-23 00:00:00,Asset freeze
WL000255,Individual,IND0000017,,PEP-like,Politically Exposed Persons Register (fictional),2021-03-08 00:00:00,Senior public function
WL000256,Individual,IND0021417,,Sanctions-like,Global Restricted Parties List (fictional),2015-03-23 00:00:00,Asset freeze
WL000257,Individual,IND0046859,,Adverse media-like,Adverse Media Index (fictional),2016-02-09 00:00:00,Fraud allegations in media
WL000258,Individual,IND0024707,,Law enforcement-like,Regional Enforcement Bulletin (fictional),2015-12-18 00:00:00,Under investigation
WL000259,Individual,IND0020771,,Adverse media-like,Adverse Media Index (fictional),2016-06-03 00:00:00,Fraud allegations in media
WL000260,Individual,IND0006921,,Law enforcement-like,Regional Enforcement Bulletin (fictional),2026-07-24 00:00:00,Under investigation
WL000261,Individual,IND0048992,,PEP-like,Politically Exposed Persons Register (fictional),2020-09-22 00:00:00,Senior public function
WL000262,Entity,,ENT007986,Sanctions-like,Global Restricted Parties List (fictional),2017-02-11 00:00:00,Asset freeze
WL000263,Individual,IND0020764,,PEP-like,Politically Exposed Persons Register (fictional),2025-12-18 00:00:00,Senior public function
WL000264,Entity,,ENT006634,PEP-like,Politically Exposed Persons Register (fictional),2017-11-27 00:00:00,Senior public function
WL000265,Individual,IND0034123,,PEP-like,Politically Exposed Persons Register (fictional),2021-10-15 00:00:00,Senior public function
WL000266,Individual,IND0058185,,Adverse media-like,Adverse Media Index (fictional),2022-05-06 00:00:00,Fraud allegations in media
WL000267,Individual,IND0052092,,Law enforcement-like,Regional Enforcement Bulletin (fictional),2020-08-10 00:00:00,Under investigation
WL000268,Individual,IND0035818,,Sanctions-like,Global Restricted Parties List (fictional),2016-01-29 00:00:00,Asset freeze
WL000269,Individual,IND0012692,,Adverse media-like,Adverse Media Index (fictional),2020-10-14 00:00:00,Fraud allegations in media
WL000270,Entity,,ENT004483,Law enforcement-like,Regional Enforcement Bulletin (fictional),2020-10-28 00:00:00,Under investigation
WL000271,Entity,,ENT002662,Adverse media-like,Adverse Media Index (fictional),2016-11-07 00:00:00,Fraud allegations in media
WL000272,Individual,IND0036432,,PEP-like,Politically Exposed Persons Register (fictional),2019-02-04 00:00:00,Senior public function
WL000273,Entity,,ENT009457,PEP-like,Politically Exposed Persons Register (fictional),2022-06-14 00:00:00,Senior public function
WL000274,Individual,IND0008150,,PEP-like,Politically Exposed Persons Register (fictional),2024-10-18 00:00:00,Senior public function
WL000275,Individual,IND0015989,,Sanctions-like,Global Restricted Parties List (fictional),2025-09-02 00:00:00,Asset freeze
WL000276,Entity,,ENT002257,PEP-like,Politically Exposed Persons Register (fictional),2020-05-21 00:00:00,Senior public function
WL000277,Individual,IND0013564,,Sanctions-like,Global Restricted Parties List (fictional),2020-01-27 00:00:00,Asset freeze
WL000278,Entity,,ENT002860,Sanctions-like,Global Restricted Parties List (fictional),2015-01-05 00:00:00,Asset freeze
WL000279,Individual,IND0057157,,PEP-like,Politically Exposed Persons Register (fictional),2025-12-12 00:00:00,Senior public function
WL000280,Individual,IND0009957,,PEP-like,Politically Exposed Persons Register (fictional),2019-08-14 00:00:00,Senior public function
WL000281,Entity,,ENT003268,PEP-like,Politically Exposed Persons Register (fictional),2019-01-01 00:00:00,Senior public function
WL000282,Individual,IND0009531,,PEP-like,Politically Exposed Persons Register (fictional),2016-03-24 00:00:00,Senior public function
WL000283,Individual,IND0024912,,Law enforcement-like,Regional Enforcement Bulletin (fictional),2024-06-10 00:00:00,Under investigation
WL000284,Individual,IND0007181,,PEP-like,Politically Exposed Persons Register (fictional),2026-03-12 00:00:00,Senior public function
WL000285,Entity,,ENT001404,PEP-like,Politically Exposed Persons Register (fictional),2023-01-20 00:00:00,Senior public function
WL000286,Entity,,ENT002257,Sanctions-like,Global Restricted Parties List (fictional),2015-11-05 00:00:00,Asset freeze
WL000287,Entity,,ENT007979,PEP-like,Politically Exposed Persons Register (fictional),2025-10-22 00:00:00,Senior public function
WL000288,Individual,IND0007177,,PEP-like,Politically Exposed Persons Register (fictional),2017-10-04 00:00:00,Senior public function
WL000289,Individual,IND0024651,,PEP-like,Politically Exposed Persons Register (fictional),2022-03-18 00:00:00,Senior public function
WL000290,Individual,IND0012672,,Sanctions-like,Global Restricted Parties List (fictional),2020-03-06 00:00:00,Asset freeze
WL000291,Individual,IND0035495,,Adverse media-like,Adverse Media Index (fictional),2020-10-30 00:00:00,Fraud allegations in media
WL000292,Entity,,ENT003828,Law enforcement-like,Regional Enforcement Bulletin (fictional),2021-09-19 00:00:00,Under investigation
WL000293,Individual,IND0052750,,Sanctions-like,Global Restricted Parties List (fictional),2021-11-18 00:00:00,Asset freeze
WL000294,Individual,IND0049284,,Sanctions-like,Global Restricted Parties List (fictional),2026-06-25 00:00:00,Asset freeze
WL000295,Individual,IND0018146,,Adverse media-like,Adverse Media Index (fictional),2024-12-09 00:00:00,Fraud allegations in media
WL000296,Individual,IND0037765,,Sanctions-like,Global Restricted Parties List (fictional),2022-12-15 00:00:00,Asset freeze
WL000297,Individual,IND0007728,,Adverse media-like,Adverse Media Index (fictional),2023-11-19 00:00:00,Fraud allegations in media
WL000298,Entity,,ENT006402,PEP-like,Politically Exposed Persons Register (fictional),2021-11-18 00:00:00,Senior public function
WL000299,Individual,IND0039847,,Sanctions-like,Global Restricted Parties List (fictional),2019-03-29 00:00:00,Asset freeze
WL000300,Individual,IND0056024,,PEP-like,Politically Exposed Persons Register (fictional),2025-11-26 00:00:00,Senior public function
WL000301,Individual,IND0050476,,Sanctions-like,Global Restricted Parties List (fictional),2016-05-16 00:00:00,Asset freeze
WL000302,Individual,IND0000430,,PEP-like,Politically Exposed Persons Register (fictional),2026-08-26 00:00:00,Senior public function
WL000303,Individual,IND0015374,,Sanctions-like,Global Restricted Parties List (fictional),2018-05-18 00:00:00,Asset freeze
WL000304,Entity,,ENT000656,Sanctions-like,Global Restricted Parties List (fictional),2025-10-14 00:00:00,Asset freeze
WL000305,Individual,IND0005784,,Adverse media-like,Adverse Media Index (fictional),2016-12-26 00:00:00,Fraud allegations in media
WL000306,Individual,IND0019763,,PEP-like,Politically Exposed Persons Register (fictional),2020-09-25 00:00:00,Senior public function
WL000307,Entity,,ENT005889,Sanctions-like,Global Restricted Parties List (fictional),2020-02-07 00:00:00,Asset freeze
WL000308,Individual,IND0027395,,Adverse media-like,Adverse Media Index (fictional),2021-04-15 00:00:00,Fraud allegations in media
WL000309,Individual,IND0011311,,Sanctions-like,Global Restricted Parties List (fictional),2025-02-24 00:00:00,Asset freeze
WL000310,Entity,,ENT008812,PEP-like,Politically Exposed Persons Register (fictional),2017-06-26 00:00:00,Senior public function
WL000311,Individual,IND0010704,,PEP-like,Politically Exposed Persons Register (fictional),2023-10-24 00:00:00,Senior public function
WL000312,Entity,,ENT003906,PEP-like,Politically Exposed Persons Register (fictional),2023-04-14 00:00:00,Senior public function
WL000313,Individual,IND0058387,,Adverse media-like,Adverse Media Index (fictional),2020-01-22 00:00:00,Fraud allegations in media
WL000314,Individual,IND0037142,,PEP-like,Politically Exposed Persons Register (fictional),2023-02-22 00:00:00,Senior public function
WL000315,Entity,,ENT007376,PEP-like,Politically Exposed Persons Register (fictional),2019-05-20 00:00:00,Senior public function
WL000316,Individual,IND0016415,,Sanctions-like,Global Restricted Parties List (fictional),2022-12-01 00:00:00,Asset freeze
WL000317,Entity,,ENT009957,Sanctions-like,Global Restricted Parties List (fictional),2022-01-14 00:00:00,Asset freeze
WL000318,Individual,IND0011591,,PEP-like,Politically Exposed Persons Register (fictional),2019-03-22 00:00:00,Senior public function
WL000319,Individual,IND0051964,,PEP-like,Politically Exposed Persons Register (fictional),2024-09-02 00:00:00,Senior public function
WL000320,Individual,IND0034807,,Law enforcement-like,Regional Enforcement Bulletin (fictional),2016-08-12 00:00:00,Under investigation
WL000321,Entity,,ENT001165,Adverse media-like,Adverse Media Index (fictional),2019-11-29 00:00:00,Fraud allegations in media
WL000322,Entity,,ENT004979,Adverse media-like,Adverse Media Index (fictional),2018-01-08 00:00:00,Fraud allegations in media
WL000323,Individual,IND0038578,,Adverse media-like,Adverse Media Index (fictional),2024-06-13 00:00:00,Fraud allegations in media
WL000324,Entity,,ENT005412,PEP-like,Politically Exposed Persons Register (fictional),2022-02-07 00:00:00,Senior public function
WL000325,Entity,,ENT001165,Law enforcement-like,Regional Enforcement Bulletin (fictional),2025-11-10 00:00:00,Under investigation
WL000326,Entity,,ENT003772,Sanctions-like,Global Restricted Parties List (fictional),2023-01-23 00:00:00,Asset freeze
WL000327,Individual,IND0035477,,Sanctions-like,Global Restricted Parties List (fictional),2017-07-06 00:00:00,Asset freeze
WL000328,Entity,,ENT001455,PEP-like,Politically Exposed Persons Register (fictional),2020-09-11 00:00:00,Senior public function
WL000329,Individual,IND0027743,,Sanctions-like,Global Restricted Parties List (fictional),2022-12-06 00:00:00,Asset freeze
WL000330,Individual,IND0020435,,Sanctions-like,Global Restricted Parties List (fictional),2023-06-19 00:00:00,Asset freeze
WL000331,Entity,,ENT009169,PEP-like,Politically Exposed Persons Register (fictional),2016-01-18 00:00:00,Senior public function
WL000332,Individual,IND0042226,,PEP-like,Politically Exposed Persons Register (fictional),2020-07-31 00:00:00,Senior public function
WL000333,Entity,,ENT007821,Sanctions-like,Global Restricted Parties List (fictional),2022-03-28 00:00:00,Asset freeze
WL000334,Entity,,ENT003976,PEP-like,Politically Exposed Persons Register (fictional),2025-04-07 00:00:00,Senior public function
WL000335,Entity,,ENT007354,Law enforcement-like,Regional Enforcement Bulletin (fictional),2022-05-21 00:00:00,Under investigation
WL000336,Individual,IND0046058,,PEP-like,Politically Exposed Persons Register (fictional),2016-12-06 00:00:00,Senior public function
WL000337,Individual,IND0041962,,PEP-like,Politically Exposed Persons Register (fictional),2026-09-18 00:00:00,Senior public function
WL000338,Entity,,ENT005129,Adverse media-like,Adverse Media Index (fictional),2022-10-14 00:00:00,Fraud allegations in media
WL000339,Individual,IND0041770,,Adverse media-like,Adverse Media Index (fictional),2016-07-25 00:00:00,Fraud allegations in media
WL000340,Entity,,ENT009566,Adverse media-like,Adverse Media Index (fictional),2023-09-15 00:00:00,Fraud allegations in media
WL000341,Entity,,ENT000086,PEP-like,Politically Exposed Persons Register (fictional),2025-05-15 00:00:00,Senior public function
WL000342,Individual,IND0006617,,PEP-like,Politically Exposed Persons Register (fictional),2026-09-13 00:00:00,Senior public function
WL000343,Individual,IND0052400,,Adverse media-like,Adverse Media Index (fictional),2015-05-08 00:00:00,Fraud allegations in media
WL000344,Individual,IND0035984,,Adverse media-like,Adverse Media Index (fictional),2019-01-03 00:00:00,Fraud allegations in media
WL000345,Individual,IND0023607,,PEP-like,Politically Exposed Persons Register (fictional),2025-06-22 00:00:00,Senior public function
WL000346,Individual,IND0023643,,Law enforcement-like,Regional Enforcement Bulletin (fictional),2025-05-23 00:00:00,Under investigation
WL000347,Entity,,ENT001112,Sanctions-like,Global Restricted Parties List (fictional),2020-01-06 00:00:00,Asset freeze
WL000348,Individual,IND0011905,,Sanctions-like,Global Restricted Parties List (fictional),2025-08-18 00:00:00,Asset freeze
WL000349,Individual,IND0059432,,PEP-like,Politically Exposed Persons Register (fictional),2020-02-21 00:00:00,Senior public function
WL000350,Entity,,ENT000925,PEP-like,Politically Exposed Persons Register (fictional),2018-06-28 00:00:00,Senior public function
WL000351,Entity,,ENT003624,PEP-like,Politically Exposed Persons Register (fictional),2018-04-30 00:00:00,Senior public function
WL000352,Entity,,ENT008643,Sanctions-like,Global Restricted Parties List (fictional),2022-06-22 00:00:00,Asset freeze
WL000353,Individual,IND0055935,,Adverse media-like,Adverse Media Index (fictional),2021-06-03 00:00:00,Fraud allegations in media
WL000354,Individual,IND0048920,,Sanctions-like,Global Restricted Parties List (fictional),2017-01-29 00:00:00,Asset freeze
WL000355,Individual,IND0008301,,PEP-like,Politically Exposed Persons Register (fictional),2022-08-22 00:00:00,Senior public function
WL000356,Entity,,ENT000500,Adverse media-like,Adverse Media Index (fictional),2021-11-15 00:00:00,Fraud allegations in media
WL000357,Entity,,ENT007623,Adverse media-like,Adverse Media Index (fictional),2018-10-05 00:00:00,Fraud allegations in media
WL000358,Individual,IND0046811,,Adverse media-like,Adverse Media Index (fictional),2017-11-23 00:00:00,Fraud allegations in media
WL000359,Entity,,ENT008158,Law enforcement-like,Regional Enforcement Bulletin (fictional),2020-01-02 00:00:00,Under investigation
WL000360,Individual,IND0048283,,PEP-like,Politically Exposed Persons Register (fictional),2020-02-10 00:00:00,Senior public function
WL000361,Individual,IND0049033,,PEP-like,Politically Exposed Persons Register (fictional),2017-06-23 00:00:00,Senior public function
WL000362,Individual,IND0006736,,PEP-like,Politically Exposed Persons Register (fictional),2025-07-31 00:00:00,Senior public function
WL000363,Entity,,ENT002712,PEP-like,Politically Exposed Persons Register (fictional),2022-05-02 00:00:00,Senior public function
WL000364,Entity,,ENT005509,Adverse media-like,Adverse Media Index (fictional),2025-03-02 00:00:00,Fraud allegations in media
WL000365,Individual,IND0016116,,Adverse media-like,Adverse Media Index (fictional),2016-06-13 00:00:00,Fraud allegations in media
WL000366,Individual,IND0056762,,Sanctions-like,Global Restricted Parties List (fictional),2018-10-03 00:00:00,Asset freeze
WL000367,Individual,IND0000833,,Adverse media-like,Adverse Media Index (fictional),2026-03-24 00:00:00,Fraud allegations in media
WL000368,Individual,IND0030602,,PEP-like,Politically Exposed Persons Register (fictional),2015-11-16 00:00:00,Senior public function
WL000369,Individual,IND0009205,,Sanctions-like,Global Restricted Parties List (fictional),2024-02-07 00:00:00,Asset freeze
WL000370,Entity,,ENT009473,Adverse media-like,Adverse Media Index (fictional),2018-07-10 00:00:00,Fraud allegations in media
WL000371,Individual,IND0023743,,Adverse media-like,Adverse Media Index (fictional),2017-01-10 00:00:00,Fraud allegations in media
WL000372,Entity,,ENT003455,PEP-like,Politically Exposed Persons Register (fictional),2016-05-26 00:00:00,Senior public function
WL000373,Individual,IND0020381,,PEP-like,Politically Exposed Persons Register (fictional),2017-12-05 00:00:00,Senior public function
WL000374,Individual,IND0008238,,Sanctions-like,Global Restricted Parties List (fictional),2016-08-02 00:00:00,Asset freeze
WL000375,Entity,,ENT003089,PEP-like,Politically Exposed Persons Register (fictional),2021-05-31 00:00:00,Senior public function
WL000376,Entity,,ENT009204,Law enforcement-like,Regional Enforcement Bulletin (fictional),2019-05-08 00:00:00,Under investigation
WL000377,Individual,IND0037139,,Adverse media-like,Adverse Media Index (fictional),2021-06-11 00:00:00,Fraud allegations in media
WL000378,Entity,,ENT005026,Adverse media-like,Adverse Media Index (fictional),2026-02-09 00:00:00,Fraud allegations in media
WL000379,Entity,,ENT007147,PEP-like,Politically Exposed Persons Register (fictional),2025-10-22 00:00:00,Senior public function
WL000380,Individual,IND0001191,,Adverse media-like,Adverse Media Index (fictional),2025-01-27 00:00:00,Fraud allegations in media
WL000381,Entity,,ENT003845,Law enforcement-like,Regional Enforcement Bulletin (fictional),2022-02-07 00:00:00,Under investigation
WL000382,Entity,,ENT008782,Adverse media-like,Adverse Media Index (fictional),2020-04-20 00:00:00,Fraud allegations in media
WL000383,Individual,IND0012919,,Adverse media-like,Adverse Media Index (fictional),2022-10-31 00:00:00,Fraud allegations in media
WL000384,Individual,IND0056634,,Sanctions-like,Global Restricted Parties List (fictional),2021-02-12 00:00:00,Asset freeze
WL000385,Individual,IND0047569,,Sanctions-like,Global Restricted Parties List (fictional),2023-06-30 00:00:00,Asset freeze
WL000386,Individual,IND0035659,,Sanctions-like,Global Restricted Parties List (fictional),2025-08-27 00:00:00,Asset freeze
WL000387,Individual,IND0047339,,Adverse media-like,Adverse Media Index (fictional),2020-09-02 00:00:00,Fraud allegations in media
WL000388,Entity,,ENT007833,Adverse media-like,Adverse Media Index (fictional),2019-02-20 00:00:00,Fraud allegations in media
WL000389,Individual,IND0047978,,Adverse media-like,Adverse Media Index (fictional),2018-11-16 00:00:00,Fraud allegations in media
WL000390,Individual,IND0006733,,Law enforcement-like,Regional Enforcement Bulletin (fictional),2025-03-18 00:00:00,Under investigation
WL000391,Entity,,ENT003286,PEP-like,Politically Exposed Persons Register (fictional),2022-02-17 00:00:00,Senior public function
WL000392,Individual,IND0017589,,Adverse media-like,Adverse Media Index (fictional),2021-05-19 00:00:00,Fraud allegations in media
WL000393,Entity,,ENT003038,Adverse media-like,Adverse Media Index (fictional),2016-11-03 00:00:00,Fraud allegations in media
WL000394,Individual,IND0005373,,PEP-like,Politically Exposed Persons Register (fictional),2021-03-18 00:00:00,Senior public function
WL000395,Individual,IND0010934,,Sanctions-like,Global Restricted Parties List (fictional),2018-08-09 00:00:00,Asset freeze
WL000396,Entity,,ENT008631,Sanctions-like,Global Restricted Parties List (fictional),2024-07-24 00:00:00,Asset freeze
WL000397,Entity,,ENT006323,Adverse media-like,Adverse Media Index (fictional),2016-08-03 00:00:00,Fraud allegations in media
WL000398,Entity,,ENT001803,Sanctions-like,Global Restricted Parties List (fictional),2016-12-23 00:00:00,Asset freeze
WL000399,Individual,IND0056981,,Sanctions-like,Global Restricted Parties List (fictional),2023-02-05 00:00:00,Asset freeze
WL000400,Entity,,ENT006586,Sanctions-like,Global Restricted Parties List (fictional),2015-01-30 00:00:00,Asset freeze
WL000401,Entity,,ENT003041,Law enforcement-like,Regional Enforcement Bulletin (fictional),2024-05-07 00:00:00,Under investigation
WL000402,Individual,IND0005437,,PEP-like,Politically Exposed Persons Register (fictional),2019-10-21 00:00:00,Senior public function
WL000403,Entity,,ENT007898,Sanctions-like,Global Restricted Parties List (fictional),2024-05-03 00:00:00,Asset freeze
WL000404,Entity,,ENT009451,Adverse media-like,Adverse Media Index (fictional),2021-01-07 00:00:00,Fraud allegations in media
WL000405,Entity,,ENT007025,Adverse media-like,Adverse Media Index (fictional),2025-04-01 00:00:00,Fraud allegations in media
WL000406,Individual,IND0038682,,PEP-like,Politically Exposed Persons Register (fictional),2023-11-07 00:00:00,Senior public function
WL000407,Individual,IND0045734,,PEP-like,Politically Exposed Persons Register (fictional),2024-02-19 00:00:00,Senior public function
WL000408,Individual,IND0049341,,PEP-like,Politically Exposed Persons Register (fictional),2021-10-15 00:00:00,Senior public function
WL000409,Entity,,ENT004293,Law enforcement-like,Regional Enforcement Bulletin (fictional),2023-10-05 00:00:00,Under investigation
WL000410,Individual,IND0004912,,Law enforcement-like,Regional Enforcement Bulletin (fictional),2025-02-27 00:00:00,Under investigation
WL000411,Entity,,ENT005454,PEP-like,Politically Exposed Persons Register (fictional),2019-08-14 00:00:00,Senior public function
WL000412,Entity,,ENT007800,Sanctions-like,Global Restricted Parties List (fictional),2016-05-18 00:00:00,Asset freeze
WL000413,Entity,,ENT007332,PEP-like,Politically Exposed Persons Register (fictional),2015-09-14 00:00:00,Senior public function
WL000414,Individual,IND0044070,,PEP-like,Politically Exposed Persons Register (fictional),2019-08-21 00:00:00,Senior public function
WL000415,Entity,,ENT006430,Sanctions-like,Global Restricted Parties List (fictional),2024-08-30 00:00:00,Asset freeze
WL000416,Individual,IND0058200,,Sanctions-like,Global Restricted Parties List (fictional),2019-05-30 00:00:00,Asset freeze
WL000417,Individual,IND0026642,,PEP-like,Politically Exposed Persons Register (fictional),2015-01-26 00:00:00,Senior public function
WL000418,Individual,IND0039056,,Adverse media-like,Adverse Media Index (fictional),2022-11-09 00:00:00,Fraud allegations in media
WL000419,Individual,IND0041043,,Adverse media-like,Adverse Media Index (fictional),2018-12-10 00:00:00,Fraud allegations in media
WL000420,Individual,IND0006186,,Law enforcement-like,Regional Enforcement Bulletin (fictional),2016-05-31 00:00:00,Under investigation
WL000421,Entity,,ENT006592,PEP-like,Politically Exposed Persons Register (fictional),2023-08-10 00:00:00,Senior public function
WL000422,Entity,,ENT005042,Sanctions-like,Global Restricted Parties List (fictional),2020-11-20 00:00:00,Asset freeze
WL000423,Individual,IND0038176,,Adverse media-like,Adverse Media Index (fictional),2023-12-11 00:00:00,Fraud allegations in media
WL000424,Individual,IND0046418,,Sanctions-like,Global Restricted Parties List (fictional),2021-06-07 00:00:00,Asset freeze
WL000425,Entity,,ENT002382,Law enforcement-like,Regional Enforcement Bulletin (fictional),2018-12-03 00:00:00,Under investigation
WL000426,Individual,IND0034743,,Sanctions-like,Global Restricted Parties List (fictional),2023-11-08 00:00:00,Asset freeze
WL000427,Entity,,ENT005921,Sanctions-like,Global Restricted Parties List (fictional),2020-10-18 00:00:00,Asset freeze
WL000428,Entity,,ENT007292,PEP-like,Politically Exposed Persons Register (fictional),2016-10-05 00:00:00,Senior public function
WL000429,Individual,IND0022749,,PEP-like,Politically Exposed Persons Register (fictional),2022-12-26 00:00:00,Senior public function
WL000430,Individual,IND0000864,,Adverse media-like,Adverse Media Index (fictional),2018-01-26 00:00:00,Fraud allegations in media
WL000431,Individual,IND0001539,,PEP-like,Politically Exposed Persons Register (fictional),2017-05-15 00:00:00,Senior public function
WL000432,Individual,IND0046148,,Sanctions-like,Global Restricted Parties List (fictional),2020-08-10 00:00:00,Asset freeze
WL000433,Entity,,ENT003628,Adverse media-like,Adverse Media Index (fictional),2015-09-04 00:00:00,Fraud allegations in media
WL000434,Individual,IND0036362,,PEP-like,Politically Exposed Persons Register (fictional),2022-04-16 00:00:00,Senior public function
WL000435,Individual,IND0025445,,Sanctions-like,Global Restricted Parties List (fictional),2021-09-24 00:00:00,Asset freeze
WL000436,Entity,,ENT004263,Sanctions-like,Global Restricted Parties List (fictional),2023-06-23 00:00:00,Asset freeze
WL000437,Individual,IND0038483,,PEP-like,Politically Exposed Persons Register (fictional),2026-02-16 00:00:00,Senior public function
WL000438,Individual,IND0036626,,PEP-like,Politically Exposed Persons Register (fictional),2025-12-29 00:00:00,Senior public function
WL000439,Entity,,ENT006452,Adverse media-like,Adverse Media Index (fictional),2025-09-03 00:00:00,Fraud allegations in media
WL000440,Individual,IND0008860,,PEP-like,Politically Exposed Persons Register (fictional),2015-02-19 00:00:00,Senior public function
WL000441,Entity,,ENT001227,Sanctions-like,Global Restricted Parties List (fictional),2021-10-22 00:00:00,Asset freeze
WL000442,Individual,IND0019485,,PEP-like,Politically Exposed Persons Register (fictional),2015-12-23 00:00:00,Senior public function
WL000443,Entity,,ENT000405,PEP-like,Politically Exposed Persons Register (fictional),2016-07-04 00:00:00,Senior public function
WL000444,Individual,IND0037369,,PEP-like,Politically Exposed Persons Register (fictional),2019-11-29 00:00:00,Senior public function
WL000445,Entity,,ENT005763,Adverse media-like,Adverse Media Index (fictional),2018-09-07 00:00:00,Fraud allegations in media
WL000446,Individual,IND0021177,,Sanctions-like,Global Restricted Parties List (fictional),2025-10-13 00:00:00,Asset freeze
WL000447,Entity,,ENT001095,Adverse media-like,Adverse Media Index (fictional),2023-03-29 00:00:00,Fraud allegations in media
WL000448,Individual,IND0038245,,Adverse media-like,Adverse Media Index (fictional),2016-04-14 00:00:00,Fraud allegations in media
WL000449,Entity,,ENT007653,Adverse media-like,Adverse Media Index (fictional),2017-10-24 00:00:00,Fraud allegations in media
WL000450,Individual,IND0020152,,Sanctions-like,Global Restricted Parties List (fictional),2026-07-29 00:00:00,Asset freeze
WL000451,Entity,,ENT005598,Sanctions-like,Global Restricted Parties List (fictional),2024-10-02 00:00:00,Asset freeze
WL000452,Individual,IND0030633,,PEP-like,Politically Exposed Persons Register (fictional),2017-11-20 00:00:00,Senior public function
WL000453,Individual,IND0013602,,PEP-like,Politically Exposed Persons Register (fictional),2025-09-08 00:00:00,Senior public function
WL000454,Entity,,ENT001924,Sanctions-like,Global Restricted Parties List (fictional),2016-08-04 00:00:00,Asset freeze
WL000455,Individual,IND0046415,,Law enforcement-like,Regional Enforcement Bulletin (fictional),2016-04-10 00:00:00,Under investigation
WL000456,Individual,IND0036413,,Adverse media-like,Adverse Media Index (fictional),2020-08-16 00:00:00,Fraud allegations in media
WL000457,Entity,,ENT000514,Sanctions-like,Global Restricted Parties List (fictional),2025-12-22 00:00:00,Asset freeze
WL000458,Entity,,ENT005682,Adverse media-like,Adverse Media Index (fictional),2021-07-02 00:00:00,Fraud allegations in media
WL000459,Entity,,ENT004752,Sanctions-like,Global Restricted Parties List (fictional),2015-11-06 00:00:00,Asset freeze
WL000460,Individual,IND0030317,,PEP-like,Politically Exposed Persons Register (fictional),2021-10-15 00:00:00,Senior public function
WL000461,Individual,IND0030419,,PEP-like,Politically Exposed Persons Register (fictional),2023-02-06 00:00:00,Senior public function
WL000462,Individual,IND0006793,,PEP-like,Politically Exposed Persons Register (fictional),2024-06-25 00:00:00,Senior public function
WL000463,Individual,IND0056881,,Sanctions-like,Global Restricted Parties List (fictional),2018-09-05 00:00:00,Asset freeze
WL000464,Individual,IND0012434,,Adverse media-like,Adverse Media Index (fictional),2024-01-04 00:00:00,Fraud allegations in media
WL000465,Individual,IND0023529,,Sanctions-like,Global Restricted Parties List (fictional),2024-12-17 00:00:00,Asset freeze
WL000466,Individual,IND0057086,,PEP-like,Politically Exposed Persons Register (fictional),2020-01-31 00:00:00,Senior public function
WL000467,Individual,IND0000709,,Adverse media-like,Adverse Media Index (fictional),2020-12-07 00:00:00,Fraud allegations in media
WL000468,Entity,,ENT000976,Law enforcement-like,Regional Enforcement Bulletin (fictional),2023-01-20 00:00:00,Under investigation
WL000469,Individual,IND0041463,,PEP-like,Politically Exposed Persons Register (fictional),2022-10-02 00:00:00,Senior public function
WL000470,Entity,,ENT003901,Adverse media-like,Adverse Media Index (fictional),2022-02-16 00:00:00,Fraud allegations in media
WL000471,Individual,IND0020331,,Adverse media-like,Adverse Media Index (fictional),2024-12-02 00:00:00,Fraud allegations in media
WL000472,Entity,,ENT008348,Adverse media-like,Adverse Media Index (fictional),2019-05-17 00:00:00,Fraud allegations in media
WL000473,Individual,IND0019618,,Sanctions-like,Global Restricted Parties List (fictional),2023-01-17 00:00:00,Asset freeze
WL000474,Individual,IND0034793,,Adverse media-like,Adverse Media Index (fictional),2015-11-19 00:00:00,Fraud allegations in media
WL000475,Individual,IND0040415,,PEP-like,Politically Exposed Persons Register (fictional),2017-05-29 00:00:00,Senior public function
WL000476,Individual,IND0028423,,PEP-like,Politically Exposed Persons Register (fictional),2026-02-20 00:00:00,Senior public function
WL000477,Individual,IND0015931,,Sanctions-like,Global Restricted Parties List (fictional),2023-03-27 00:00:00,Asset freeze
WL000478,Entity,,ENT009006,Adverse media-like,Adverse Media Index (fictional),2022-04-26 00:00:00,Fraud allegations in media
WL000479,Individual,IND0059751,,PEP-like,Politically Exposed Persons Register (fictional),2016-07-18 00:00:00,Senior public function
WL000480,Individual,IND0052995,,Sanctions-like,Global Restricted Parties List (fictional),2020-05-22 00:00:00,Asset freeze
WL000481,Individual,IND0047380,,Adverse media-like,Adverse Media Index (fictional),2025-08-22 00:00:00,Fraud allegations in media
WL000482,Entity,,ENT003311,Adverse media-like,Adverse Media Index (fictional),2016-11-23 00:00:00,Fraud allegations in media
WL000483,Individual,IND0013347,,Adverse media-like,Adverse Media Index (fictional),2018-07-17 00:00:00,Fraud allegations in media
WL000484,Individual,IND0035102,,Adverse media-like,Adverse Media Index (fictional),2025-02-26 00:00:00,Fraud allegations in media
WL000485,Entity,,ENT002458,Law enforcement-like,Regional Enforcement Bulletin (fictional),2018-01-02 00:00:00,Under investigation
WL000486,Individual,IND0033922,,Adverse media-like,Adverse Media Index (fictional),2018-01-09 00:00:00,Fraud allegations in media
WL000487,Individual,IND0016388,,Adverse media-like,Adverse Media Index (fictional),2015-11-16 00:00:00,Fraud allegations in media
WL000488,Individual,IND0023205,,Sanctions-like,Global Restricted Parties List (fictional),2018-08-13 00:00:00,Asset freeze
WL000489,Entity,,ENT001755,PEP-like,Politically Exposed Persons Register (fictional),2019-05-10 00:00:00,Senior public function
WL000490,Individual,IND0025043,,PEP-like,Politically Exposed Persons Register (fictional),2023-02-03 00:00:00,Senior public function
WL000491,Entity,,ENT004854,Sanctions-like,Global Restricted Parties List (fictional),2019-12-05 00:00:00,Asset freeze
WL000492,Individual,IND0040217,,Adverse media-like,Adverse Media Index (fictional),2017-03-28 00:00:00,Fraud allegations in media
WL000493,Entity,,ENT009164,Adverse media-like,Adverse Media Index (fictional),2016-01-26 00:00:00,Fraud allegations in media
WL000494,Individual,IND0037985,,PEP-like,Politically Exposed Persons Register (fictional),2016-10-02 00:00:00,Senior public function
WL000495,Individual,IND0007426,,Adverse media-like,Adverse Media Index (fictional),2024-12-18 00:00:00,Fraud allegations in media
WL000496,Individual,IND0002043,,Law enforcement-like,Regional Enforcement Bulletin (fictional),2020-01-17 00:00:00,Under investigation
WL000497,Entity,,ENT000756,Adverse media-like,Adverse Media Index (fictional),2026-06-30 00:00:00,Fraud allegations in media
WL000498,Individual,IND0019104,,Adverse media-like,Adverse Media Index (fictional),2022-03-10 00:00:00,Fraud allegations in media
WL000499,Entity,,ENT004153,Sanctions-like,Global Restricted Parties List (fictional),2024-12-27 00:00:00,Asset freeze
WL000500,Individual,IND0013830,,Adverse media-like,Adverse Media Index (fictional),2017-01-13 00:00:00,Fraud allegations in media
WL000501,Individual,IND0018001,,Adverse media-like,Adverse Media Index (fictional),2016-01-09 00:00:00,Fraud allegations in media
WL000502,Individual,IND0018651,,PEP-like,Politically Exposed Persons Register (fictional),2023-10-12 00:00:00,Senior public function
WL000503,Entity,,ENT004409,PEP-like,Politically Exposed Persons Register (fictional),2025-09-23 00:00:00,Senior public function
WL000504,Individual,IND0055826,,Sanctions-like,Global Restricted Parties List (fictional),2016-04-01 00:00:00,Asset freeze
WL000505,Individual,IND0012676,,Law enforcement-like,Regional Enforcement Bulletin (fictional),2015-06-26 00:00:00,Under investigation
WL000506,Entity,,ENT005180,PEP-like,Politically Exposed Persons Register (fictional),2023-09-25 00:00:00,Senior public function
WL000507,Individual,IND0024255,,Adverse media-like,Adverse Media Index (fictional),2025-02-05 00:00:00,Fraud allegations in media
WL000508,Entity,,ENT001645,Adverse media-like,Adverse Media Index (fictional),2022-01-27 00:00:00,Fraud allegations in media
WL000509,Individual,IND0051717,,Adverse media-like,Adverse Media Index (fictional),2023-05-11 00:00:00,Fraud allegations in media
WL000510,Individual,IND0001737,,PEP-like,Politically Exposed Persons Register (fictional),2017-09-18 00:00:00,Senior public function
WL000511,Individual,IND0009525,,Law enforcement-like,Regional Enforcement Bulletin (fictional),2015-03-02 00:00:00,Under investigation
WL000512,Individual,IND0026010,,Adverse media-like,Adverse Media Index (fictional),2024-09-17 00:00:00,Fraud allegations in media
WL000513,Individual,IND0030058,,Adverse media-like,Adverse Media Index (fictional),2018-12-07 00:00:00,Fraud allegations in media
WL000514,Individual,IND0011463,,Sanctions-like,Global Restricted Parties List (fictional),2017-02-21 00:00:00,Asset freeze
WL000515,Individual,IND0047857,,Adverse media-like,Adverse Media Index (fictional),2023-12-22 00:00:00,Fraud allegations in media
WL000516,Entity,,ENT002493,Adverse media-like,Adverse Media Index (fictional),2019-08-05 00:00:00,Fraud allegations in media
WL000517,Entity,,ENT008749,Law enforcement-like,Regional Enforcement Bulletin (fictional),2024-10-20 00:00:00,Under investigation
WL000518,Individual,IND0031920,,Adverse media-like,Adverse Media Index (fictional),2018-10-01 00:00:00,Fraud allegations in media
WL000519,Individual,IND0009395,,Adverse media-like,Adverse Media Index (fictional),2019-03-21 00:00:00,Fraud allegations in media
WL000520,Entity,,ENT003817,Law enforcement-like,Regional Enforcement Bulletin (fictional),2024-06-02 00:00:00,Under investigation
WL000521,Entity,,ENT000457,PEP-like,Politically Exposed Persons Register (fictional),2015-06-18 00:00:00,Senior public function
WL000522,Individual,IND0058356,,Adverse media-like,Adverse Media Index (fictional),2023-07-18 00:00:00,Fraud allegations in media
WL000523,Entity,,ENT001626,Adverse media-like,Adverse Media Index (fictional),2024-09-06 00:00:00,Fraud allegations in media
WL000524,Individual,IND0022309,,Sanctions-like,Global Restricted Parties List (fictional),2017-03-08 00:00:00,Asset freeze
WL000525,Entity,,ENT009953,PEP-like,Politically Exposed Persons Register (fictional),2025-03-11 00:00:00,Senior public function
WL000526,Entity,,ENT005855,Adverse media-like,Adverse Media Index (fictional),2026-09-11 00:00:00,Fraud allegations in media
WL000527,Individual,IND0020236,,PEP-like,Politically Exposed Persons Register (fictional),2020-05-04 00:00:00,Senior public function
WL000528,Entity,,ENT000404,Adverse media-like,Adverse Media Index (fictional),2019-02-25 00:00:00,Fraud allegations in media
WL000529,Individual,IND0008358,,PEP-like,Politically Exposed Persons Register (fictional),2016-01-07 00:00:00,Senior public function
WL000530,Individual,IND0040889,,PEP-like,Politically Exposed Persons Register (fictional),2023-03-18 00:00:00,Senior public function
WL000531,Individual,IND0043516,,Adverse media-like,Adverse Media Index (fictional),2024-06-24 00:00:00,Fraud allegations in media
WL000532,Entity,,ENT006320,PEP-like,Politically Exposed Persons Register (fictional),2018-03-21 00:00:00,Senior public function
WL000533,Individual,IND0000497,,Adverse media-like,Adverse Media Index (fictional),2024-02-13 00:00:00,Fraud allegations in media
WL000534,Individual,IND0031072,,PEP-like,Politically Exposed Persons Register (fictional),2017-05-22 00:00:00,Senior public function
WL000535,Individual,IND0020592,,Sanctions-like,Global Restricted Parties List (fictional),2017-09-28 00:00:00,Asset freeze
WL000536,Individual,IND0016740,,Law enforcement-like,Regional Enforcement Bulletin (fictional),2018-01-10 00:00:00,Under investigation
WL000537,Individual,IND0048938,,Sanctions-like,Global Restricted Parties List (fictional),2019-12-05 00:00:00,Asset freeze
WL000538,Individual,IND0055576,,PEP-like,Politically Exposed Persons Register (fictional),2019-03-08 00:00:00,Senior public function
WL000539,Entity,,ENT007049,Adverse media-like,Adverse Media Index (fictional),2016-07-15 00:00:00,Fraud allegations in media
WL000540,Individual,IND0036897,,Adverse media-like,Adverse Media Index (fictional),2017-05-23 00:00:00,Fraud allegations in media
WL000541,Entity,,ENT000490,Sanctions-like,Global Restricted Parties List (fictional),2016-09-12 00:00:00,Asset freeze
WL000542,Individual,IND0032028,,Law enforcement-like,Regional Enforcement Bulletin (fictional),2020-06-09 00:00:00,Under investigation
WL000543,Individual,IND0007386,,PEP-like,Politically Exposed Persons Register (fictional),2021-03-01 00:00:00,Senior public function
WL000544,Entity,,ENT007513,Sanctions-like,Global Restricted Parties List (fictional),2015-08-03 00:00:00,Asset freeze
WL000545,Individual,IND0022388,,Sanctions-like,Global Restricted Parties List (fictional),2017-10-11 00:00:00,Asset freeze
WL000546,Entity,,ENT003324,Sanctions-like,Global Restricted Parties List (fictional),2018-04-13 00:00:00,Asset freeze
WL000547,Individual,IND0046550,,Sanctions-like,Global Restricted Parties List (fictional),2023-01-31 00:00:00,Asset freeze
WL000548,Individual,IND0033802,,Law enforcement-like,Regional Enforcement Bulletin (fictional),2020-11-23 00:00:00,Under investigation
WL000549,Individual,IND0054431,,PEP-like,Politically Exposed Persons Register (fictional),2016-11-22 00:00:00,Senior public function
WL000550,Individual,IND0051994,,PEP-like,Politically Exposed Persons Register (fictional),2021-04-19 00:00:00,Senior public function
WL000551,Entity,,ENT004909,Adverse media-like,Adverse Media Index (fictional),2024-12-31 00:00:00,Fraud allegations in media
WL000552,Individual,IND0030783,,Adverse media-like,Adverse Media Index (fictional),2019-11-04 00:00:00,Fraud allegations in media
WL000553,Entity,,ENT009541,PEP-like,Politically Exposed Persons Register (fictional),2017-01-17 00:00:00,Senior public function
WL000554,Individual,IND0056690,,PEP-like,Politically Exposed Persons Register (fictional),2019-04-05 00:00:00,Senior public function
WL000555,Individual,IND0039156,,Adverse media-like,Adverse Media Index (fictional),2018-01-16 00:00:00,Fraud allegations in media
WL000556,Individual,IND0046976,,Sanctions-like,Global Restricted Parties List (fictional),2023-10-17 00:00:00,Asset freeze
WL000557,Individual,IND0047601,,Law enforcement-like,Regional Enforcement Bulletin (fictional),2021-02-26 00:00:00,Under investigation
WL000558,Entity,,ENT007303,Adverse media-like,Adverse Media Index (fictional),2018-10-12 00:00:00,Fraud allegations in media
WL000559,Individual,IND0020013,,Sanctions-like,Global Restricted Parties List (fictional),2026-06-09 00:00:00,Asset freeze
WL000560,Entity,,ENT005005,PEP-like,Politically Exposed Persons Register (fictional),2015-03-23 00:00:00,Senior public function
WL000561,Entity,,ENT001183,PEP-like,Politically Exposed Persons Register (fictional),2026-08-17 00:00:00,Senior public function
WL000562,Individual,IND0052718,,Sanctions-like,Global Restricted Parties List (fictional),2017-08-08 00:00:00,Asset freeze
WL000563,Individual,IND0046730,,Sanctions-like,Global Restricted Parties List (fictional),2020-01-17 00:00:00,Asset freeze
WL000564,Entity,,ENT002466,Sanctions-like,Global Restricted Parties List (fictional),2023-10-20 00:00:00,Asset freeze
WL000565,Individual,IND0056128,,Sanctions-like,Global Restricted Parties List (fictional),2023-01-31 00:00:00,Asset freeze
WL000566,Entity,,ENT005721,Law enforcement-like,Regional Enforcement Bulletin (fictional),2020-11-25 00:00:00,Under investigation
WL000567,Individual,IND0010433,,Adverse media-like,Adverse Media Index (fictional),2021-06-23 00:00:00,Fraud allegations in media
WL000568,Entity,,ENT001729,PEP-like,Politically Exposed Persons Register (fictional),2023-10-04 00:00:00,Senior public function
WL000569,Entity,,ENT004319,Sanctions-like,Global Restricted Parties List (fictional),2016-08-16 00:00:00,Asset freeze
WL000570,Entity,,ENT003237,Law enforcement-like,Regional Enforcement Bulletin (fictional),2022-08-06 00:00:00,Under investigation
WL000571,Individual,IND0050775,,PEP-like,Politically Exposed Persons Register (fictional),2018-07-09 00:00:00,Senior public function
WL000572,Entity,,ENT009900,PEP-like,Politically Exposed Persons Register (fictional),2026-09-22 00:00:00,Senior public function
WL000573,Individual,IND0046521,,PEP-like,Politically Exposed Persons Register (fictional),2019-12-05 00:00:00,Senior public function
WL000574,Individual,IND0041098,,PEP-like,Politically Exposed Persons Register (fictional),2015-12-07 00:00:00,Senior public function
WL000575,Individual,IND0044074,,Sanctions-like,Global Restricted Parties List (fictional),2021-09-27 00:00:00,Asset freeze
WL000576,Individual,IND0012612,,PEP-like,Politically Exposed Persons Register (fictional),2016-02-11 00:00:00,Senior public function
WL000577,Individual,IND0008963,,PEP-like,Politically Exposed Persons Register (fictional),2026-06-15 00:00:00,Senior public function
WL000578,Entity,,ENT007700,Sanctions-like,Global Restricted Parties List (fictional),2021-04-05 00:00:00,Asset freeze
WL000579,Individual,IND0042035,,PEP-like,Politically Exposed Persons Register (fictional),2022-03-28 00:00:00,Senior public function
WL000580,Entity,,ENT004864,PEP-like,Politically Exposed Persons Register (fictional),2024-01-05 00:00:00,Senior public function
WL000581,Individual,IND0041238,,Adverse media-like,Adverse Media Index (fictional),2025-12-18 00:00:00,Fraud allegations in media
WL000582,Entity,,ENT000615,PEP-like,Politically Exposed Persons Register (fictional),2021-03-16 00:00:00,Senior public function
WL000583,Entity,,ENT000338,Adverse media-like,Adverse Media Index (fictional),2019-05-28 00:00:00,Fraud allegations in media
WL000584,Individual,IND0029734,,PEP-like,Politically Exposed Persons Register (fictional),2021-10-08 00:00:00,Senior public function
WL000585,Entity,,ENT005233,Adverse media-like,Adverse Media Index (fictional),2023-10-18 00:00:00,Fraud allegations in media
WL000586,Individual,IND0050397,,PEP-like,Politically Exposed Persons Register (fictional),2017-03-20 00:00:00,Senior public function
WL000587,Individual,IND0001303,,Adverse media-like,Adverse Media Index (fictional),2018-11-06 00:00:00,Fraud allegations in media
WL000588,Individual,IND0011795,,Law enforcement-like,Regional Enforcement Bulletin (fictional),2025-09-01 00:00:00,Under investigation
WL000589,Individual,IND0009577,,Adverse media-like,Adverse Media Index (fictional),2020-05-11 00:00:00,Fraud allegations in media
WL000590,Individual,IND0028622,,Adverse media-like,Adverse Media Index (fictional),2025-11-17 00:00:00,Fraud allegations in media
WL000591,Individual,IND0040440,,Adverse media-like,Adverse Media Index (fictional),2016-06-09 00:00:00,Fraud allegations in media
WL000592,Individual,IND0041675,,PEP-like,Politically Exposed Persons Register (fictional),2015-05-19 00:00:00,Senior public function
WL000593,Individual,IND0001406,,Sanctions-like,Global Restricted Parties List (fictional),2019-09-09 00:00:00,Asset freeze
WL000594,Individual,IND0036834,,Adverse media-like,Adverse Media Index (fictional),2021-03-17 00:00:00,Fraud allegations in media
WL000595,Individual,IND0026540,,PEP-like,Politically Exposed Persons Register (fictional),2024-01-12 00:00:00,Senior public function
WL000596,Individual,IND0032951,,Adverse media-like,Adverse Media Index (fictional),2025-03-26 00:00:00,Fraud allegations in media
WL000597,Individual,IND0011683,,PEP-like,Politically Exposed Persons Register (fictional),2025-02-03 00:00:00,Senior public function
WL000598,Individual,IND0011283,,PEP-like,Politically Exposed Persons Register (fictional),2026-07-17 00:00:00,Senior public function
WL000599,Individual,IND0012335,,Adverse media-like,Adverse Media Index (fictional),2024-08-22 00:00:00,Fraud allegations in media
WL000600,Entity,,ENT007659,Sanctions-like,Global Restricted Parties List (fictional),2025-08-15 00:00:00,Asset freeze
WL000601,Individual,IND0045096,,PEP-like,Politically Exposed Persons Register (fictional),2022-06-03 00:00:00,Senior public function
WL000602,Individual,IND0017658,,Adverse media-like,Adverse Media Index (fictional),2016-01-22 00:00:00,Fraud allegations in media
WL000603,Entity,,ENT003610,PEP-like,Politically Exposed Persons Register (fictional),2025-05-12 00:00:00,Senior public function
WL000604,Individual,IND0033698,,PEP-like,Politically Exposed Persons Register (fictional),2023-08-21 00:00:00,Senior public function
WL000605,Entity,,ENT000103,Sanctions-like,Global Restricted Parties List (fictional),2026-03-16 00:00:00,Asset freeze
WL000606,Entity,,ENT004001,Adverse media-like,Adverse Media Index (fictional),2023-10-13 00:00:00,Fraud allegations in media
WL000607,Individual,IND0049637,,PEP-like,Politically Exposed Persons Register (fictional),2019-05-03 00:00:00,Senior public function
WL000608,Individual,IND0029100,,PEP-like,Politically Exposed Persons Register (fictional),2022-03-01 00:00:00,Senior public function
WL000609,Entity,,ENT005544,PEP-like,Politically Exposed Persons Register (fictional),2022-04-15 00:00:00,Senior public function
WL000610,Individual,IND0052207,,Sanctions-like,Global Restricted Parties List (fictional),2017-06-27 00:00:00,Asset freeze
WL000611,Individual,IND0014576,,PEP-like,Politically Exposed Persons Register (fictional),2020-03-16 00:00:00,Senior public function
WL000612,Individual,IND0000958,,Sanctions-like,Global Restricted Parties List (fictional),2023-03-08 00:00:00,Asset freeze
WL000613,Entity,,ENT000134,PEP-like,Politically Exposed Persons Register (fictional),2016-01-19 00:00:00,Senior public function
WL000614,Individual,IND0037424,,Adverse media-like,Adverse Media Index (fictional),2025-09-25 00:00:00,Fraud allegations in media
WL000615,Entity,,ENT003521,PEP-like,Politically Exposed Persons Register (fictional),2022-08-01 00:00:00,Senior public function
WL000616,Individual,IND0020793,,Sanctions-like,Global Restricted Parties List (fictional),2020-01-20 00:00:00,Asset freeze
WL000617,Entity,,ENT005182,Law enforcement-like,Regional Enforcement Bulletin (fictional),2022-06-29 00:00:00,Under investigation
WL000618,Entity,,ENT000482,Adverse media-like,Adverse Media Index (fictional),2015-06-09 00:00:00,Fraud allegations in media
WL000619,Individual,IND0053942,,PEP-like,Politically Exposed Persons Register (fictional),2022-04-15 00:00:00,Senior public function
WL000620,Entity,,ENT001889,Adverse media-like,Adverse Media Index (fictional),2023-09-14 00:00:00,Fraud allegations in media
WL000621,Individual,IND0026413,,PEP-like,Politically Exposed Persons Register (fictional),2020-06-25 00:00:00,Senior public function
WL000622,Entity,,ENT001530,Sanctions-like,Global Restricted Parties List (fictional),2016-11-28 00:00:00,Asset freeze
WL000623,Entity,,ENT007252,Adverse media-like,Adverse Media Index (fictional),2023-04-06 00:00:00,Fraud allegations in media
WL000624,Individual,IND0032425,,PEP-like,Politically Exposed Persons Register (fictional),2016-06-12 00:00:00,Senior public function
WL000625,Individual,IND0003992,,Law enforcement-like,Regional Enforcement Bulletin (fictional),2020-04-22 00:00:00,Under investigation
WL000626,Entity,,ENT006670,PEP-like,Politically Exposed Persons Register (fictional),2019-01-10 00:00:00,Senior public function
WL000627,Entity,,ENT003486,PEP-like,Politically Exposed Persons Register (fictional),2018-06-01 00:00:00,Senior public function
WL000628,Individual,IND0003702,,Sanctions-like,Global Restricted Parties List (fictional),2018-01-05 00:00:00,Asset freeze
WL000629,Individual,IND0044515,,Law enforcement-like,Regional Enforcement Bulletin (fictional),2018-03-23 00:00:00,Under investigation
WL000630,Individual,IND0056864,,Sanctions-like,Global Restricted Parties List (fictional),2022-10-12 00:00:00,Asset freeze
WL000631,Entity,,ENT008624,PEP-like,Politically Exposed Persons Register (fictional),2024-10-14 00:00:00,Senior public function
WL000632,Individual,IND0050451,,PEP-like,Politically Exposed Persons Register (fictional),2021-10-20 00:00:00,Senior public function
WL000633,Individual,IND0006974,,PEP-like,Politically Exposed Persons Register (fictional),2018-07-07 00:00:00,Senior public function
WL000634,Individual,IND0013029,,PEP-like,Politically Exposed Persons Register (fictional),2017-10-10 00:00:00,Senior public function
WL000635,Individual,IND0043062,,PEP-like,Politically Exposed Persons Register (fictional),2016-03-15 00:00:00,Senior public function
WL000636,Individual,IND0012419,,PEP-like,Politically Exposed Persons Register (fictional),2026-08-07 00:00:00,Senior public function
WL000637,Individual,IND0024006,,Adverse media-like,Adverse Media Index (fictional),2026-06-26 00:00:00,Fraud allegations in media
WL000638,Individual,IND0053072,,Law enforcement-like,Regional Enforcement Bulletin (fictional),2019-10-30 00:00:00,Under investigation
WL000639,Individual,IND0027903,,Sanctions-like,Global Restricted Parties List (fictional),2015-05-18 00:00:00,Asset freeze
WL000640,Entity,,ENT005349,Adverse media-like,Adverse Media Index (fictional),2024-08-25 00:00:00,Fraud allegations in media
WL000641,Entity,,ENT009074,Sanctions-like,Global Restricted Parties List (fictional),2026-07-28 00:00:00,Asset freeze
WL000642,Entity,,ENT007705,Adverse media-like,Adverse Media Index (fictional),2021-04-26 00:00:00,Fraud allegations in media
WL000643,Individual,IND0007748,,PEP-like,Politically Exposed Persons Register (fictional),2020-12-22 00:00:00,Senior public function
WL000644,Entity,,ENT005966,Law enforcement-like,Regional Enforcement Bulletin (fictional),2016-10-10 00:00:00,Under investigation
WL000645,Entity,,ENT004553,Adverse media-like,Adverse Media Index (fictional),2023-05-15 00:00:00,Fraud allegations in media
WL000646,Individual,IND0053220,,Law enforcement-like,Regional Enforcement Bulletin (fictional),2020-06-15 00:00:00,Under investigation
WL000647,Individual,IND0007905,,Law enforcement-like,Regional Enforcement Bulletin (fictional),2019-11-04 00:00:00,Under investigation
WL000648,Individual,IND0021064,,Adverse media-like,Adverse Media Index (fictional),2019-11-15 00:00:00,Fraud allegations in media
WL000649,Individual,IND0046722,,Adverse media-like,Adverse Media Index (fictional),2024-05-22 00:00:00,Fraud allegations in media
WL000650,Individual,IND0027926,,PEP-like,Politically Exposed Persons Register (fictional),2024-11-07 00:00:00,Senior public function
WL000651,Individual,IND0029866,,Adverse media-like,Adverse Media Index (fictional),2017-09-01 00:00:00,Fraud allegations in media
WL000652,Entity,,ENT001853,Sanctions-like,Global Restricted Parties List (fictional),2017-08-14 00:00:00,Asset freeze
WL000653,Individual,IND0007582,,Sanctions-like,Global Restricted Parties List (fictional),2015-05-15 00:00:00,Asset freeze
WL000654,Entity,,ENT007767,Sanctions-like,Global Restricted Parties List (fictional),2015-05-02 00:00:00,Asset freeze
WL000655,Individual,IND0020972,,PEP-like,Politically Exposed Persons Register (fictional),2022-01-24 00:00:00,Senior public function
WL000656,Individual,IND0020477,,PEP-like,Politically Exposed Persons Register (fictional),2019-10-11 00:00:00,Senior public function
WL000657,Individual,IND0003467,,PEP-like,Politically Exposed Persons Register (fictional),2020-07-17 00:00:00,Senior public function
WL000658,Individual,IND0036714,,Adverse media-like,Adverse Media Index (fictional),2017-11-09 00:00:00,Fraud allegations in media
WL000659,Individual,IND0054572,,Adverse media-like,Adverse Media Index (fictional),2020-06-10 00:00:00,Fraud allegations in media
WL000660,Individual,IND0050683,,Sanctions-like,Global Restricted Parties List (fictional),2021-12-31 00:00:00,Asset freeze
WL000661,Individual,IND0058411,,Adverse media-like,Adverse Media Index (fictional),2019-05-17 00:00:00,Fraud allegations in media
WL000662,Entity,,ENT004666,Adverse media-like,Adverse Media Index (fictional),2019-04-15 00:00:00,Fraud allegations in media
WL000663,Entity,,ENT003316,Sanctions-like,Global Restricted Parties List (fictional),2024-02-01 00:00:00,Asset freeze
WL000664,Entity,,ENT001747,Sanctions-like,Global Restricted Parties List (fictional),2020-02-03 00:00:00,Asset freeze
WL000665,Entity,,ENT004716,Sanctions-like,Global Restricted Parties List (fictional),2015-08-07 00:00:00,Asset freeze
WL000666,Individual,IND0009120,,Sanctions-like,Global Restricted Parties List (fictional),2021-09-13 00:00:00,Asset freeze
WL000667,Individual,IND0053836,,Sanctions-like,Global Restricted Parties List (fictional),2018-12-06 00:00:00,Asset freeze
WL000668,Individual,IND0028036,,PEP-like,Politically Exposed Persons Register (fictional),2019-08-04 00:00:00,Senior public function
WL000669,Individual,IND0031882,,Sanctions-like,Global Restricted Parties List (fictional),2020-11-27 00:00:00,Asset freeze
WL000670,Individual,IND0034766,,Adverse media-like,Adverse Media Index (fictional),2016-02-10 00:00:00,Fraud allegations in media
WL000671,Individual,IND0003658,,Sanctions-like,Global Restricted Parties List (fictional),2021-12-01 00:00:00,Asset freeze
WL000672,Entity,,ENT000958,Sanctions-like,Global Restricted Parties List (fictional),2018-04-09 00:00:00,Asset freeze
WL000673,Individual,IND0057355,,Adverse media-like,Adverse Media Index (fictional),2019-04-19 00:00:00,Fraud allegations in media
WL000674,Individual,IND0029501,,Sanctions-like,Global Restricted Parties List (fictional),2018-01-19 00:00:00,Asset freeze
WL000675,Individual,IND0050323,,PEP-like,Politically Exposed Persons Register (fictional),2016-06-20 00:00:00,Senior public function
WL000676,Individual,IND0020130,,PEP-like,Politically Exposed Persons Register (fictional),2020-04-10 00:00:00,Senior public function
WL000677,Entity,,ENT009294,Law enforcement-like,Regional Enforcement Bulletin (fictional),2022-04-25 00:00:00,Under investigation
WL000678,Individual,IND0050225,,Sanctions-like,Global Restricted Parties List (fictional),2017-09-25 00:00:00,Asset freeze
WL000679,Entity,,ENT005362,Adverse media-like,Adverse Media Index (fictional),2016-02-19 00:00:00,Fraud allegations in media
WL000680,Entity,,ENT005648,PEP-like,Politically Exposed Persons Register (fictional),2015-11-13 00:00:00,Senior public function
WL000681,Individual,IND0008820,,Sanctions-like,Global Restricted Parties List (fictional),2015-12-15 00:00:00,Asset freeze
WL000682,Entity,,ENT001299,Sanctions-like,Global Restricted Parties List (fictional),2019-09-30 00:00:00,Asset freeze
WL000683,Individual,IND0008254,,Sanctions-like,Global Restricted Parties List (fictional),2024-07-18 00:00:00,Asset freeze
WL000684,Individual,IND0024300,,Law enforcement-like,Regional Enforcement Bulletin (fictional),2021-06-25 00:00:00,Under investigation
WL000685,Individual,IND0035946,,Adverse media-like,Adverse Media Index (fictional),2017-10-23 00:00:00,Fraud allegations in media
WL000686,Individual,IND0008073,,PEP-like,Politically Exposed Persons Register (fictional),2015-04-02 00:00:00,Senior public function
WL000687,Entity,,ENT008100,PEP-like,Politically Exposed Persons Register (fictional),2019-02-04 00:00:00,Senior public function
WL000688,Entity,,ENT002813,PEP-like,Politically Exposed Persons Register (fictional),2025-12-26 00:00:00,Senior public function
WL000689,Individual,IND0009381,,Sanctions-like,Global Restricted Parties List (fictional),2021-05-14 00:00:00,Asset freeze
WL000690,Individual,IND0049596,,Adverse media-like,Adverse Media Index (fictional),2019-12-23 00:00:00,Fraud allegations in media
WL000691,Individual,IND0032322,,Sanctions-like,Global Restricted Parties List (fictional),2025-05-27 00:00:00,Asset freeze
WL000692,Entity,,ENT009436,Adverse media-like,Adverse Media Index (fictional),2022-07-25 00:00:00,Fraud allegations in media
WL000693,Individual,IND0015578,,Adverse media-like,Adverse Media Index (fictional),2018-02-14 00:00:00,Fraud allegations in media
WL000694,Individual,IND0037225,,Adverse media-like,Adverse Media Index (fictional),2018-02-01 00:00:00,Fraud allegations in media
WL000695,Individual,IND0022745,,Sanctions-like,Global Restricted Parties List (fictional),2018-02-13 00:00:00,Asset freeze
WL000696,Entity,,ENT009652,Adverse media-like,Adverse Media Index (fictional),2015-07-21 00:00:00,Fraud allegations in media
WL000697,Individual,IND0016636,,Adverse media-like,Adverse Media Index (fictional),2016-05-03 00:00:00,Fraud allegations in media
WL000698,Entity,,ENT001074,Sanctions-like,Global Restricted Parties List (fictional),2025-09-23 00:00:00,Asset freeze
WL000699,Entity,,ENT002240,Adverse media-like,Adverse Media Index (fictional),2020-07-01 00:00:00,Fraud allegations in media
WL000700,Individual,IND0046456,,PEP-like,Politically Exposed Persons Register (fictional),2025-04-18 00:00:00,Senior public function
WL000701,Entity,,ENT008686,PEP-like,Politically Exposed Persons Register (fictional),2015-09-07 00:00:00,Senior public function
WL000702,Individual,IND0010634,,Sanctions-like,Global Restricted Parties List (fictional),2026-05-04 00:00:00,Asset freeze
WL000703,Individual,IND0010395,,Sanctions-like,Global Restricted Parties List (fictional),2024-03-25 00:00:00,Asset freeze
WL000704,Individual,IND0046246,,Sanctions-like,Global Restricted Parties List (fictional),2017-05-19 00:00:00,Asset freeze
WL000705,Individual,IND0052985,,PEP-like,Politically Exposed Persons Register (fictional),2021-10-27 00:00:00,Senior public function
WL000706,Individual,IND0047894,,Adverse media-like,Adverse Media Index (fictional),2015-10-28 00:00:00,Fraud allegations in media
WL000707,Entity,,ENT005026,PEP-like,Politically Exposed Persons Register (fictional),2023-09-28 00:00:00,Senior public function
WL000708,Individual,IND0056585,,PEP-like,Politically Exposed Persons Register (fictional),2023-08-21 00:00:00,Senior public function
WL000709,Entity,,ENT000210,PEP-like,Politically Exposed Persons Register (fictional),2023-02-28 00:00:00,Senior public function
WL000710,Entity,,ENT009841,Sanctions-like,Global Restricted Parties List (fictional),2024-10-14 00:00:00,Asset freeze
WL000711,Entity,,ENT009042,PEP-like,Politically Exposed Persons Register (fictional),2018-01-08 00:00:00,Senior public function
WL000712,Entity,,ENT002803,PEP-like,Politically Exposed Persons Register (fictional),2025-05-22 00:00:00,Senior public function
WL000713,Entity,,ENT001126,PEP-like,Politically Exposed Persons Register (fictional),2021-12-03 00:00:00,Senior public function
WL000714,Individual,IND0019819,,Law enforcement-like,Regional Enforcement Bulletin (fictional),2015-04-24 00:00:00,Under investigation
WL000715,Entity,,ENT009089,Adverse media-like,Adverse Media Index (fictional),2016-02-04 00:00:00,Fraud allegations in media
WL000716,Individual,IND0037427,,Sanctions-like,Global Restricted Parties List (fictional),2026-03-27 00:00:00,Asset freeze
WL000717,Individual,IND0014024,,Sanctions-like,Global Restricted Parties List (fictional),2023-06-27 00:00:00,Asset freeze
WL000718,Individual,IND0003425,,PEP-like,Politically Exposed Persons Register (fictional),2026-09-23 00:00:00,Senior public function
WL000719,Individual,IND0020191,,Sanctions-like,Global Restricted Parties List (fictional),2019-06-18 00:00:00,Asset freeze
WL000720,Entity,,ENT000965,Sanctions-like,Global Restricted Parties List (fictional),2025-11-21 00:00:00,Asset freeze
WL000721,Individual,IND0056481,,Sanctions-like,Global Restricted Parties List (fictional),2026-03-18 00:00:00,Asset freeze
WL000722,Individual,IND0058607,,PEP-like,Politically Exposed Persons Register (fictional),2022-09-06 00:00:00,Senior public function
WL000723,Individual,IND0020785,,Adverse media-like,Adverse Media Index (fictional),2015-09-21 00:00:00,Fraud allegations in media
WL000724,Individual,IND0016832,,Sanctions-like,Global Restricted Parties List (fictional),2015-09-16 00:00:00,Asset freeze
WL000725,Entity,,ENT001640,PEP-like,Politically Exposed Persons Register (fictional),2016-07-14 00:00:00,Senior public function
WL000726,Individual,IND0027739,,PEP-like,Politically Exposed Persons Register (fictional),2016-09-29 00:00:00,Senior public function
WL000727,Individual,IND0023474,,Sanctions-like,Global Restricted Parties List (fictional),2019-02-08 00:00:00,Asset freeze
WL000728,Individual,IND0021273,,Sanctions-like,Global Restricted Parties List (fictional),2024-04-25 00:00:00,Asset freeze
WL000729,Entity,,ENT008291,PEP-like,Politically Exposed Persons Register (fictional),2016-01-04 00:00:00,Senior public function
WL000730,Entity,,ENT007076,Adverse media-like,Adverse Media Index (fictional),2016-10-25 00:00:00,Fraud allegations in media
WL000731,Individual,IND0023698,,Law enforcement-like,Regional Enforcement Bulletin (fictional),2022-01-14 00:00:00,Under investigation
WL000732,Individual,IND0001224,,Sanctions-like,Global Restricted Parties List (fictional),2021-10-11 00:00:00,Asset freeze
WL000733,Individual,IND0001679,,Adverse media-like,Adverse Media Index (fictional),2019-02-11 00:00:00,Fraud allegations in media
WL000734,Individual,IND0042736,,Sanctions-like,Global Restricted Parties List (fictional),2018-09-28 00:00:00,Asset freeze
WL000735,Individual,IND0017439,,PEP-like,Politically Exposed Persons Register (fictional),2026-07-13 00:00:00,Senior public function
WL000736,Entity,,ENT004764,PEP-like,Politically Exposed Persons Register (fictional),2023-09-13 00:00:00,Senior public function
WL000737,Entity,,ENT005327,Adverse media-like,Adverse Media Index (fictional),2020-08-31 00:00:00,Fraud allegations in media
WL000738,Entity,,ENT004880,PEP-like,Politically Exposed Persons Register (fictional),2016-03-28 00:00:00,Senior public function
WL000739,Individual,IND0025146,,Sanctions-like,Global Restricted Parties List (fictional),2025-10-31 00:00:00,Asset freeze
WL000740,Individual,IND0031123,,Sanctions-like,Global Restricted Parties List (fictional),2023-06-29 00:00:00,Asset freeze
WL000741,Individual,IND0014785,,Adverse media-like,Adverse Media Index (fictional),2022-09-19 00:00:00,Fraud allegations in media
WL000742,Individual,IND0037815,,Adverse media-like,Adverse Media Index (fictional),2015-05-08 00:00:00,Fraud allegations in media
WL000743,Entity,,ENT005280,PEP-like,Politically Exposed Persons Register (fictional),2024-07-12 00:00:00,Senior public function
WL000744,Entity,,ENT004837,Adverse media-like,Adverse Media Index (fictional),2025-02-19 00:00:00,Fraud allegations in media
WL000745,Entity,,ENT000463,PEP-like,Politically Exposed Persons Register (fictional),2021-08-16 00:00:00,Senior public function
WL000746,Entity,,ENT008043,PEP-like,Politically Exposed Persons Register (fictional),2015-06-18 00:00:00,Senior public function
WL000747,Individual,IND0023763,,Sanctions-like,Global Restricted Parties List (fictional),2022-07-18 00:00:00,Asset freeze
WL000748,Individual,IND0054193,,Sanctions-like,Global Restricted Parties List (fictional),2026-01-14 00:00:00,Asset freeze
WL000749,Individual,IND0049472,,Adverse media-like,Adverse Media Index (fictional),2015-09-04 00:00:00,Fraud allegations in media
WL000750,Entity,,ENT003172,PEP-like,Politically Exposed Persons Register (fictional),2021-06-04 00:00:00,Senior public function
WL000751,Individual,IND0044916,,Adverse media-like,Adverse Media Index (fictional),2017-10-05 00:00:00,Fraud allegations in media
WL000752,Individual,IND0046449,,Adverse media-like,Adverse Media Index (fictional),2019-03-10 00:00:00,Fraud allegations in media
WL000753,Individual,IND0041666,,Adverse media-like,Adverse Media Index (fictional),2022-11-15 00:00:00,Fraud allegations in media
WL000754,Entity,,ENT009653,Adverse media-like,Adverse Media Index (fictional),2021-09-23 00:00:00,Fraud allegations in media
WL000755,Individual,IND0016968,,PEP-like,Politically Exposed Persons Register (fictional),2022-08-09 00:00:00,Senior public function
WL000756,Entity,,ENT006506,Adverse media-like,Adverse Media Index (fictional),2022-03-26 00:00:00,Fraud allegations in media
WL000757,Individual,IND0051154,,PEP-like,Politically Exposed Persons Register (fictional),2025-03-28 00:00:00,Senior public function
WL000758,Individual,IND0034913,,Adverse media-like,Adverse Media Index (fictional),2020-10-13 00:00:00,Fraud allegations in media
WL000759,Individual,IND0054863,,Adverse media-like,Adverse Media Index (fictional),2024-11-08 00:00:00,Fraud allegations in media
WL000760,Individual,IND0033540,,PEP-like,Politically Exposed Persons Register (fictional),2017-12-04 00:00:00,Senior public function
WL000761,Individual,IND0019402,,PEP-like,Politically Exposed Persons Register (fictional),2026-05-22 00:00:00,Senior public function
WL000762,Entity,,ENT005769,Sanctions-like,Global Restricted Parties List (fictional),2023-06-12 00:00:00,Asset freeze
WL000763,Entity,,ENT007775,PEP-like,Politically Exposed Persons Register (fictional),2023-04-21 00:00:00,Senior public function
WL000764,Individual,IND0010334,,Adverse media-like,Adverse Media Index (fictional),2015-01-26 00:00:00,Fraud allegations in media
WL000765,Entity,,ENT003403,Law enforcement-like,Regional Enforcement Bulletin (fictional),2017-03-28 00:00:00,Under investigation
WL000766,Individual,IND0001851,,Law enforcement-like,Regional Enforcement Bulletin (fictional),2025-04-16 00:00:00,Under investigation
WL000767,Entity,,ENT001820,Adverse media-like,Adverse Media Index (fictional),2019-03-11 00:00:00,Fraud allegations in media
WL000768,Individual,IND0004331,,PEP-like,Politically Exposed Persons Register (fictional),2022-01-21 00:00:00,Senior public function
WL000769,Entity,,ENT001565,Adverse media-like,Adverse Media Index (fictional),2017-01-19 00:00:00,Fraud allegations in media
WL000770,Individual,IND0045334,,Adverse media-like,Adverse Media Index (fictional),2018-07-13 00:00:00,Fraud allegations in media
WL000771,Individual,IND0059917,,Sanctions-like,Global Restricted Parties List (fictional),2016-09-26 00:00:00,Asset freeze
WL000772,Individual,IND0027822,,Adverse media-like,Adverse Media Index (fictional),2021-04-22 00:00:00,Fraud allegations in media
WL000773,Entity,,ENT000286,Law enforcement-like,Regional Enforcement Bulletin (fictional),2020-07-27 00:00:00,Under investigation
WL000774,Individual,IND0038309,,Law enforcement-like,Regional Enforcement Bulletin (fictional),2021-11-08 00:00:00,Under investigation
WL000775,Entity,,ENT002768,PEP-like,Politically Exposed Persons Register (fictional),2017-11-21 00:00:00,Senior public function
WL000776,Entity,,ENT001969,PEP-like,Politically Exposed Persons Register (fictional),2026-06-26 00:00:00,Senior public function
WL000777,Individual,IND0034501,,PEP-like,Politically Exposed Persons Register (fictional),2016-04-11 00:00:00,Senior public function
WL000778,Individual,IND0007121,,Adverse media-like,Adverse Media Index (fictional),2019-09-09 00:00:00,Fraud allegations in media
WL000779,Individual,IND0010486,,PEP-like,Politically Exposed Persons Register (fictional),2017-03-01 00:00:00,Senior public function
WL000780,Entity,,ENT005137,PEP-like,Politically Exposed Persons Register (fictional),2016-02-08 00:00:00,Senior public function
WL000781,Entity,,ENT008860,Sanctions-like,Global Restricted Parties List (fictional),2020-02-03 00:00:00,Asset freeze
WL000782,Entity,,ENT002880,Adverse media-like,Adverse Media Index (fictional),2021-09-23 00:00:00,Fraud allegations in media
WL000783,Individual,IND0001720,,Adverse media-like,Adverse Media Index (fictional),2017-01-26 00:00:00,Fraud allegations in media
WL000784,Entity,,ENT005537,Law enforcement-like,Regional Enforcement Bulletin (fictional),2026-09-07 00:00:00,Under investigation
WL000785,Individual,IND0047161,,PEP-like,Politically Exposed Persons Register (fictional),2018-03-14 00:00:00,Senior public function
WL000786,Entity,,ENT001919,PEP-like,Politically Exposed Persons Register (fictional),2021-10-04 00:00:00,Senior public function
WL000787,Individual,IND0016019,,Law enforcement-like,Regional Enforcement Bulletin (fictional),2017-09-11 00:00:00,Under investigation
WL000788,Entity,,ENT003290,PEP-like,Politically Exposed Persons Register (fictional),2019-02-11 00:00:00,Senior public function
WL000789,Entity,,ENT003426,PEP-like,Politically Exposed Persons Register (fictional),2023-11-20 00:00:00,Senior public function
WL000790,Individual,IND0013333,,PEP-like,Politically Exposed Persons Register (fictional),2025-05-06 00:00:00,Senior public function
WL000791,Individual,IND0054841,,PEP-like,Politically Exposed Persons Register (fictional),2015-01-12 00:00:00,Senior public function
WL000792,Individual,IND0059635,,PEP-like,Politically Exposed Persons Register (fictional),2017-01-20 00:00:00,Senior public function
WL000793,Entity,,ENT007983,PEP-like,Politically Exposed Persons Register (fictional),2022-04-14 00:00:00,Senior public function
WL000794,Individual,IND0020137,,PEP-like,Politically Exposed Persons Register (fictional),2020-10-16 00:00:00,Senior public function
WL000795,Individual,IND0001952,,PEP-like,Politically Exposed Persons Register (fictional),2023-10-30 00:00:00,Senior public function
WL000796,Individual,IND0023956,,PEP-like,Politically Exposed Persons Register (fictional),2021-07-05 00:00:00,Senior public function
WL000797,Individual,IND0018368,,Sanctions-like,Global Restricted Parties List (fictional),2026-05-29 00:00:00,Asset freeze
WL000798,Individual,IND0032673,,Law enforcement-like,Regional Enforcement Bulletin (fictional),2025-12-29 00:00:00,Under investigation
WL000799,Entity,,ENT004634,Sanctions-like,Global Restricted Parties List (fictional),2018-01-31 00:00:00,Asset freeze
WL000800,Individual,IND0007598,,Adverse media-like,Adverse Media Index (fictional),2015-10-16 00:00:00,Fraud allegations in media
WL000801,Individual,IND0018500,,Adverse media-like,Adverse Media Index (fictional),2016-05-18 00:00:00,Fraud allegations in media
WL000802,Individual,IND0011959,,PEP-like,Politically Exposed Persons Register (fictional),2017-03-14 00:00:00,Senior public function
WL000803,Individual,IND0043902,,PEP-like,Politically Exposed Persons Register (fictional),2015-08-03 00:00:00,Senior public function
WL000804,Entity,,ENT004329,Law enforcement-like,Regional Enforcement Bulletin (fictional),2015-07-10 00:00:00,Under investigation
WL000805,Individual,IND0029795,,PEP-like,Politically Exposed Persons Register (fictional),2019-08-15 00:00:00,Senior public function
WL000806,Individual,IND0051755,,Sanctions-like,Global Restricted Parties List (fictional),2023-09-28 00:00:00,Asset freeze
WL000807,Individual,IND0005499,,Adverse media-like,Adverse Media Index (fictional),2020-07-24 00:00:00,Fraud allegations in media
WL000808,Individual,IND0044258,,PEP-like,Politically Exposed Persons Register (fictional),2026-05-13 00:00:00,Senior public function
WL000809,Entity,,ENT000300,PEP-like,Politically Exposed Persons Register (fictional),2015-04-16 00:00:00,Senior public function
WL000810,Individual,IND0033056,,Adverse media-like,Adverse Media Index (fictional),2023-09-26 00:00:00,Fraud allegations in media
WL000811,Individual,IND0049170,,PEP-like,Politically Exposed Persons Register (fictional),2024-06-03 00:00:00,Senior public function
WL000812,Individual,IND0018749,,Adverse media-like,Adverse Media Index (fictional),2019-01-05 00:00:00,Fraud allegations in media
WL000813,Entity,,ENT005029,PEP-like,Politically Exposed Persons Register (fictional),2015-01-03 00:00:00,Senior public function
WL000814,Individual,IND0015794,,Law enforcement-like,Regional Enforcement Bulletin (fictional),2025-03-19 00:00:00,Under investigation
WL000815,Individual,IND0040796,,Adverse media-like,Adverse Media Index (fictional),2016-09-16 00:00:00,Fraud allegations in media
WL000816,Individual,IND0044685,,Adverse media-like,Adverse Media Index (fictional),2022-10-31 00:00:00,Fraud allegations in media
WL000817,Individual,IND0005037,,PEP-like,Politically Exposed Persons Register (fictional),2023-06-16 00:00:00,Senior public function
WL000818,Individual,IND0057091,,Law enforcement-like,Regional Enforcement Bulletin (fictional),2017-09-15 00:00:00,Under investigation
WL000819,Entity,,ENT007317,Adverse media-like,Adverse Media Index (fictional),2016-04-12 00:00:00,Fraud allegations in media
WL000820,Individual,IND0043452,,Adverse media-like,Adverse Media Index (fictional),2021-12-27 00:00:00,Fraud allegations in media
WL000821,Entity,,ENT002140,Adverse media-like,Adverse Media Index (fictional),2016-07-14 00:00:00,Fraud allegations in media
WL000822,Individual,IND0004690,,Adverse media-like,Adverse Media Index (fictional),2020-07-31 00:00:00,Fraud allegations in media
WL000823,Individual,IND0050444,,Adverse media-like,Adverse Media Index (fictional),2015-10-02 00:00:00,Fraud allegations in media
WL000824,Entity,,ENT000126,PEP-like,Politically Exposed Persons Register (fictional),2025-04-23 00:00:00,Senior public function
WL000825,Individual,IND0058328,,PEP-like,Politically Exposed Persons Register (fictional),2017-07-14 00:00:00,Senior public function
WL000826,Entity,,ENT009994,Law enforcement-like,Regional Enforcement Bulletin (fictional),2023-12-07 00:00:00,Under investigation
WL000827,Individual,IND0042311,,Law enforcement-like,Regional Enforcement Bulletin (fictional),2023-09-19 00:00:00,Under investigation
WL000828,Individual,IND0000780,,Adverse media-like,Adverse Media Index (fictional),2017-06-29 00:00:00,Fraud allegations in media
WL000829,Individual,IND0007301,,Law enforcement-like,Regional Enforcement Bulletin (fictional),2019-12-11 00:00:00,Under investigation
WL000830,Individual,IND0003731,,PEP-like,Politically Exposed Persons Register (fictional),2022-07-22 00:00:00,Senior public function
WL000831,Entity,,ENT003832,PEP-like,Politically Exposed Persons Register (fictional),2019-01-14 00:00:00,Senior public function
WL000832,Individual,IND0047160,,Law enforcement-like,Regional Enforcement Bulletin (fictional),2020-04-30 00:00:00,Under investigation
WL000833,Individual,IND0051759,,PEP-like,Politically Exposed Persons Register (fictional),2018-06-11 00:00:00,Senior public function
WL000834,Individual,IND0001153,,Sanctions-like,Global Restricted Parties List (fictional),2024-11-22 00:00:00,Asset freeze
WL000835,Individual,IND0052743,,Law enforcement-like,Regional Enforcement Bulletin (fictional),2021-05-05 00:00:00,Under investigation
WL000836,Individual,IND0042543,,Sanctions-like,Global Restricted Parties List (fictional),2026-03-10 00:00:00,Asset freeze
WL000837,Entity,,ENT001338,PEP-like,Politically Exposed Persons Register (fictional),2026-01-12 00:00:00,Senior public function
WL000838,Individual,IND0049235,,PEP-like,Politically Exposed Persons Register (fictional),2019-02-13 00:00:00,Senior public function
WL000839,Individual,IND0000111,,PEP-like,Politically Exposed Persons Register (fictional),2021-09-20 00:00:00,Senior public function
WL000840,Individual,IND0013963,,Sanctions-like,Global Restricted Parties List (fictional),2022-04-24 00:00:00,Asset freeze
WL000841,Individual,IND0055019,,Sanctions-like,Global Restricted Parties List (fictional),2017-11-07 00:00:00,Asset freeze
WL000842,Individual,IND0035551,,Adverse media-like,Adverse Media Index (fictional),2025-12-16 00:00:00,Fraud allegations in media
WL000843,Entity,,ENT008406,PEP-like,Politically Exposed Persons Register (fictional),2026-08-28 00:00:00,Senior public function
WL000844,Individual,IND0046797,,Adverse media-like,Adverse Media Index (fictional),2023-02-19 00:00:00,Fraud allegations in media
WL000845,Individual,IND0034878,,PEP-like,Politically Exposed Persons Register (fictional),2017-10-30 00:00:00,Senior public function
WL000846,Entity,,ENT000535,PEP-like,Politically Exposed Persons Register (fictional),2015-07-03 00:00:00,Senior public function
WL000847,Entity,,ENT008674,Adverse media-like,Adverse Media Index (fictional),2023-09-18 00:00:00,Fraud allegations in media
WL000848,Entity,,ENT006575,Adverse media-like,Adverse Media Index (fictional),2019-04-23 00:00:00,Fraud allegations in media
WL000849,Entity,,ENT007267,Law enforcement-like,Regional Enforcement Bulletin (fictional),2018-07-17 00:00:00,Under investigation
WL000850,Individual,IND0022446,,Adverse media-like,Adverse Media Index (fictional),2022-09-01 00:00:00,Fraud allegations in media
WL000851,Entity,,ENT004768,Sanctions-like,Global Restricted Parties List (fictional),2026-05-12 00:00:00,Asset freeze
WL000852,Entity,,ENT006242,PEP-like,Politically Exposed Persons Register (fictional),2019-05-10 00:00:00,Senior public function
WL000853,Entity,,ENT000470,Sanctions-like,Global Restricted Parties List (fictional),2025-03-12 00:00:00,Asset freeze
WL000854,Individual,IND0051266,,PEP-like,Politically Exposed Persons Register (fictional),2017-12-05 00:00:00,Senior public function
WL000855,Entity,,ENT009615,PEP-like,Politically Exposed Persons Register (fictional),2022-09-12 00:00:00,Senior public function
WL000856,Individual,IND0035634,,PEP-like,Politically Exposed Persons Register (fictional),2025-12-09 00:00:00,Senior public function
WL000857,Entity,,ENT000126,PEP-like,Politically Exposed Persons Register (fictional),2016-11-03 00:00:00,Senior public function
WL000858,Individual,IND0031586,,Sanctions-like,Global Restricted Parties List (fictional),2024-08-12 00:00:00,Asset freeze
WL000859,Individual,IND0010902,,Sanctions-like,Global Restricted Parties List (fictional),2022-05-16 00:00:00,Asset freeze
WL000860,Individual,IND0039495,,Adverse media-like,Adverse Media Index (fictional),2026-08-27 00:00:00,Fraud allegations in media
WL000861,Entity,,ENT008807,PEP-like,Politically Exposed Persons Register (fictional),2025-03-05 00:00:00,Senior public function
WL000862,Entity,,ENT000461,Sanctions-like,Global Restricted Parties List (fictional),2022-11-11 00:00:00,Asset freeze
WL000863,Individual,IND0025030,,Adverse media-like,Adverse Media Index (fictional),2023-11-02 00:00:00,Fraud allegations in media
WL000864,Entity,,ENT005045,Adverse media-like,Adverse Media Index (fictional),2022-07-05 00:00:00,Fraud allegations in media
WL000865,Entity,,ENT007931,PEP-like,Politically Exposed Persons Register (fictional),2026-02-06 00:00:00,Senior public function
WL000866,Entity,,ENT003076,Sanctions-like,Global Restricted Parties List (fictional),2022-12-26 00:00:00,Asset freeze
WL000867,Individual,IND0043015,,Law enforcement-like,Regional Enforcement Bulletin (fictional),2023-11-20 00:00:00,Under investigation
WL000868,Entity,,ENT002317,PEP-like,Politically Exposed Persons Register (fictional),2025-06-17 00:00:00,Senior public function
WL000869,Entity,,ENT002166,Adverse media-like,Adverse Media Index (fictional),2017-11-16 00:00:00,Fraud allegations in media
WL000870,Entity,,ENT008500,PEP-like,Politically Exposed Persons Register (fictional),2022-05-26 00:00:00,Senior public function
WL000871,Entity,,ENT009481,PEP-like,Politically Exposed Persons Register (fictional),2016-10-28 00:00:00,Senior public function
WL000872,Individual,IND0056965,,PEP-like,Politically Exposed Persons Register (fictional),2022-01-01 00:00:00,Senior public function
WL000873,Individual,IND0003430,,PEP-like,Politically Exposed Persons Register (fictional),2020-03-02 00:00:00,Senior public function
WL000874,Entity,,ENT002715,Adverse media-like,Adverse Media Index (fictional),2023-06-13 00:00:00,Fraud allegations in media
WL000875,Individual,IND0039479,,PEP-like,Politically Exposed Persons Register (fictional),2019-08-22 00:00:00,Senior public function
WL000876,Entity,,ENT006083,PEP-like,Politically Exposed Persons Register (fictional),2023-08-07 00:00:00,Senior public function
WL000877,Individual,IND0013950,,Adverse media-like,Adverse Media Index (fictional),2019-04-17 00:00:00,Fraud allegations in media
WL000878,Individual,IND0003494,,PEP-like,Politically Exposed Persons Register (fictional),2019-08-23 00:00:00,Senior public function
WL000879,Entity,,ENT003067,PEP-like,Politically Exposed Persons Register (fictional),2021-07-15 00:00:00,Senior public function
WL000880,Individual,IND0010803,,Law enforcement-like,Regional Enforcement Bulletin (fictional),2017-09-14 00:00:00,Under investigation
WL000881,Individual,IND0025854,,Sanctions-like,Global Restricted Parties List (fictional),2025-04-14 00:00:00,Asset freeze
WL000882,Entity,,ENT001701,Sanctions-like,Global Restricted Parties List (fictional),2026-08-03 00:00:00,Asset freeze
WL000883,Individual,IND0040145,,Adverse media-like,Adverse Media Index (fictional),2018-03-23 00:00:00,Fraud allegations in media
WL000884,Entity,,ENT006358,Law enforcement-like,Regional Enforcement Bulletin (fictional),2023-03-15 00:00:00,Under investigation
WL000885,Entity,,ENT004363,Sanctions-like,Global Restricted Parties List (fictional),2025-05-20 00:00:00,Asset freeze
WL000886,Individual,IND0032418,,Adverse media-like,Adverse Media Index (fictional),2020-03-18 00:00:00,Fraud allegations in media
WL000887,Individual,IND0046220,,PEP-like,Politically Exposed Persons Register (fictional),2021-04-19 00:00:00,Senior public function
WL000888,Individual,IND0032042,,Law enforcement-like,Regional Enforcement Bulletin (fictional),2019-04-26 00:00:00,Under investigation
WL000889,Entity,,ENT001305,PEP-like,Politically Exposed Persons Register (fictional),2019-04-23 00:00:00,Senior public function
WL000890,Entity,,ENT004386,Sanctions-like,Global Restricted Parties List (fictional),2018-05-25 00:00:00,Asset freeze
WL000891,Individual,IND0000638,,Adverse media-like,Adverse Media Index (fictional),2018-12-11 00:00:00,Fraud allegations in media
WL000892,Individual,IND0053883,,PEP-like,Politically Exposed Persons Register (fictional),2015-12-30 00:00:00,Senior public function
WL000893,Entity,,ENT000543,Adverse media-like,Adverse Media Index (fictional),2023-01-18 00:00:00,Fraud allegations in media
WL000894,Individual,IND0020494,,Law enforcement-like,Regional Enforcement Bulletin (fictional),2022-06-24 00:00:00,Under investigation
WL000895,Entity,,ENT004886,Adverse media-like,Adverse Media Index (fictional),2018-09-24 00:00:00,Fraud allegations in media
WL000896,Entity,,ENT007314,Sanctions-like,Global Restricted Parties List (fictional),2020-01-20 00:00:00,Asset freeze
WL000897,Individual,IND0007038,,Sanctions-like,Global Restricted Parties List (fictional),2022-05-11 00:00:00,Asset freeze
WL000898,Entity,,ENT001966,Sanctions-like,Global Restricted Parties List (fictional),2021-12-01 00:00:00,Asset freeze
WL000899,Individual,IND0054385,,PEP-like,Politically Exposed Persons Register (fictional),2022-06-03 00:00:00,Senior public function
WL000900,Individual,IND0044546,,PEP-like,Politically Exposed Persons Register (fictional),2018-05-27 00:00:00,Senior public function
WL000901,Entity,,ENT004720,PEP-like,Politically Exposed Persons Register (fictional),2021-12-14 00:00:00,Senior public function
WL000902,Individual,IND0057714,,Law enforcement-like,Regional Enforcement Bulletin (fictional),2021-01-02 00:00:00,Under investigation
WL000903,Individual,IND0010701,,PEP-like,Politically Exposed Persons Register (fictional),2016-10-13 00:00:00,Senior public function
WL000904,Individual,IND0048789,,Sanctions-like,Global Restricted Parties List (fictional),2024-08-05 00:00:00,Asset freeze
WL000905,Individual,IND0013010,,Adverse media-like,Adverse Media Index (fictional),2015-07-09 00:00:00,Fraud allegations in media
WL000906,Individual,IND0049553,,Sanctions-like,Global Restricted Parties List (fictional),2017-09-18 00:00:00,Asset freeze
WL000907,Individual,IND0029708,,Law enforcement-like,Regional Enforcement Bulletin (fictional),2024-10-08 00:00:00,Under investigation
WL000908,Entity,,ENT008911,Sanctions-like,Global Restricted Parties List (fictional),2026-07-24 00:00:00,Asset freeze
WL000909,Individual,IND0027328,,PEP-like,Politically Exposed Persons Register (fictional),2025-08-30 00:00:00,Senior public function
WL000910,Individual,IND0004153,,Adverse media-like,Adverse Media Index (fictional),2023-11-06 00:00:00,Fraud allegations in media
WL000911,Individual,IND0034940,,Adverse media-like,Adverse Media Index (fictional),2022-08-25 00:00:00,Fraud allegations in media
WL000912,Individual,IND0013348,,Sanctions-like,Global Restricted Parties List (fictional),2022-04-25 00:00:00,Asset freeze
WL000913,Individual,IND0040570,,Sanctions-like,Global Restricted Parties List (fictional),2022-08-19 00:00:00,Asset freeze
WL000914,Individual,IND0050564,,PEP-like,Politically Exposed Persons Register (fictional),2019-09-22 00:00:00,Senior public function
WL000915,Individual,IND0026519,,Adverse media-like,Adverse Media Index (fictional),2017-01-16 00:00:00,Fraud allegations in media
WL000916,Individual,IND0012202,,PEP-like,Politically Exposed Persons Register (fictional),2022-04-06 00:00:00,Senior public function
WL000917,Entity,,ENT000875,Adverse media-like,Adverse Media Index (fictional),2026-06-11 00:00:00,Fraud allegations in media
WL000918,Individual,IND0058564,,Sanctions-like,Global Restricted Parties List (fictional),2020-06-12 00:00:00,Asset freeze
WL000919,Individual,IND0002168,,Sanctions-like,Global Restricted Parties List (fictional),2015-05-06 00:00:00,Asset freeze
WL000920,Entity,,ENT008611,Sanctions-like,Global Restricted Parties List (fictional),2022-05-27 00:00:00,Asset freeze
WL000921,Entity,,ENT005731,Adverse media-like,Adverse Media Index (fictional),2025-06-04 00:00:00,Fraud allegations in media
WL000922,Individual,IND0029320,,PEP-like,Politically Exposed Persons Register (fictional),2017-04-26 00:00:00,Senior public function
WL000923,Entity,,ENT008935,PEP-like,Politically Exposed Persons Register (fictional),2021-09-08 00:00:00,Senior public function
WL000924,Entity,,ENT002240,Law enforcement-like,Regional Enforcement Bulletin (fictional),2021-12-14 00:00:00,Under investigation
WL000925,Individual,IND0038497,,Adverse media-like,Adverse Media Index (fictional),2018-07-13 00:00:00,Fraud allegations in media
WL000926,Entity,,ENT003605,Law enforcement-like,Regional Enforcement Bulletin (fictional),2018-01-11 00:00:00,Under investigation
WL000927,Individual,IND0003421,,Sanctions-like,Global Restricted Parties List (fictional),2019-05-23 00:00:00,Asset freeze
WL000928,Individual,IND0011468,,PEP-like,Politically Exposed Persons Register (fictional),2026-05-22 00:00:00,Senior public function
WL000929,Individual,IND0034231,,Sanctions-like,Global Restricted Parties List (fictional),2020-04-30 00:00:00,Asset freeze
WL000930,Entity,,ENT003732,Sanctions-like,Global Restricted Parties List (fictional),2025-08-27 00:00:00,Asset freeze
WL000931,Individual,IND0019418,,Sanctions-like,Global Restricted Parties List (fictional),2018-06-08 00:00:00,Asset freeze
WL000932,Entity,,ENT006872,PEP-like,Politically Exposed Persons Register (fictional),2015-06-08 00:00:00,Senior public function
WL000933,Individual,IND0022010,,PEP-like,Politically Exposed Persons Register (fictional),2024-02-29 00:00:00,Senior public function
WL000934,Entity,,ENT003376,Sanctions-like,Global Restricted Parties List (fictional),2021-07-13 00:00:00,Asset freeze
WL000935,Entity,,ENT001516,Adverse media-like,Adverse Media Index (fictional),2015-03-30 00:00:00,Fraud allegations in media
WL000936,Individual,IND0051612,,Adverse media-like,Adverse Media Index (fictional),2021-07-29 00:00:00,Fraud allegations in media
WL000937,Entity,,ENT003276,PEP-like,Politically Exposed Persons Register (fictional),2021-04-06 00:00:00,Senior public function
WL000938,Individual,IND0043855,,Sanctions-like,Global Restricted Parties List (fictional),2021-10-28 00:00:00,Asset freeze
WL000939,Entity,,ENT003157,PEP-like,Politically Exposed Persons Register (fictional),2015-02-11 00:00:00,Senior public function
WL000940,Individual,IND0057022,,Sanctions-like,Global Restricted Parties List (fictional),2024-11-11 00:00:00,Asset freeze
WL000941,Individual,IND0028201,,Law enforcement-like,Regional Enforcement Bulletin (fictional),2017-10-27 00:00:00,Under investigation
WL000942,Individual,IND0033148,,Adverse media-like,Adverse Media Index (fictional),2015-09-21 00:00:00,Fraud allegations in media
WL000943,Entity,,ENT006348,Adverse media-like,Adverse Media Index (fictional),2020-06-23 00:00:00,Fraud allegations in media
WL000944,Individual,IND0056315,,PEP-like,Politically Exposed Persons Register (fictional),2016-04-14 00:00:00,Senior public function
WL000945,Entity,,ENT002726,PEP-like,Politically Exposed Persons Register (fictional),2016-05-13 00:00:00,Senior public function
WL000946,Entity,,ENT001162,Adverse media-like,Adverse Media Index (fictional),2021-08-20 00:00:00,Fraud allegations in media
WL000947,Individual,IND0059053,,Law enforcement-like,Regional Enforcement Bulletin (fictional),2026-09-09 00:00:00,Under investigation
WL000948,Individual,IND0030680,,Sanctions-like,Global Restricted Parties List (fictional),2023-07-14 00:00:00,Asset freeze
WL000949,Individual,IND0045231,,PEP-like,Politically Exposed Persons Register (fictional),2021-06-07 00:00:00,Senior public function
WL000950,Entity,,ENT009197,Sanctions-like,Global Restricted Parties List (fictional),2018-02-21 00:00:00,Asset freeze
WL000951,Individual,IND0010665,,PEP-like,Politically Exposed Persons Register (fictional),2018-02-23 00:00:00,Senior public function
WL000952,Individual,IND0025372,,Adverse media-like,Adverse Media Index (fictional),2021-05-24 00:00:00,Fraud allegations in media
WL000953,Entity,,ENT009685,Adverse media-like,Adverse Media Index (fictional),2019-06-14 00:00:00,Fraud allegations in media
WL000954,Entity,,ENT008085,PEP-like,Politically Exposed Persons Register (fictional),2021-05-26 00:00:00,Senior public function
WL000955,Individual,IND0010325,,Adverse media-like,Adverse Media Index (fictional),2024-11-18 00:00:00,Fraud allegations in media
WL000956,Entity,,ENT006468,PEP-like,Politically Exposed Persons Register (fictional),2024-02-05 00:00:00,Senior public function
WL000957,Individual,IND0032855,,Adverse media-like,Adverse Media Index (fictional),2024-11-25 00:00:00,Fraud allegations in media
WL000958,Individual,IND0058293,,Adverse media-like,Adverse Media Index (fictional),2021-10-11 00:00:00,Fraud allegations in media
WL000959,Entity,,ENT003644,PEP-like,Politically Exposed Persons Register (fictional),2022-02-24 00:00:00,Senior public function
WL000960,Entity,,ENT005970,PEP-like,Politically Exposed Persons Register (fictional),2025-08-01 00:00:00,Senior public function
WL000961,Entity,,ENT009439,Law enforcement-like,Regional Enforcement Bulletin (fictional),2021-01-07 00:00:00,Under investigation
WL000962,Entity,,ENT009458,PEP-like,Politically Exposed Persons Register (fictional),2023-01-20 00:00:00,Senior public function
WL000963,Entity,,ENT008548,PEP-like,Politically Exposed Persons Register (fictional),2017-03-08 00:00:00,Senior public function
WL000964,Entity,,ENT009044,Adverse media-like,Adverse Media Index (fictional),2022-08-03 00:00:00,Fraud allegations in media
WL000965,Entity,,ENT008072,Sanctions-like,Global Restricted Parties List (fictional),2015-11-02 00:00:00,Asset freeze
WL000966,Entity,,ENT002114,PEP-like,Politically Exposed Persons Register (fictional),2022-05-16 00:00:00,Senior public function
WL000967,Individual,IND0018385,,Adverse media-like,Adverse Media Index (fictional),2018-10-02 00:00:00,Fraud allegations in media
WL000968,Entity,,ENT007258,PEP-like,Politically Exposed Persons Register (fictional),2020-06-04 00:00:00,Senior public function
WL000969,Individual,IND0013142,,Sanctions-like,Global Restricted Parties List (fictional),2020-07-29 00:00:00,Asset freeze
WL000970,Entity,,ENT003144,PEP-like,Politically Exposed Persons Register (fictional),2021-01-10 00:00:00,Senior public function
WL000971,Individual,IND0008322,,PEP-like,Politically Exposed Persons Register (fictional),2019-02-04 00:00:00,Senior public function
WL000972,Individual,IND0032761,,Sanctions-like,Global Restricted Parties List (fictional),2024-08-30 00:00:00,Asset freeze
WL000973,Entity,,ENT009020,Sanctions-like,Global Restricted Parties List (fictional),2019-10-20 00:00:00,Asset freeze
WL000974,Individual,IND0006287,,Adverse media-like,Adverse Media Index (fictional),2026-02-11 00:00:00,Fraud allegations in media
WL000975,Entity,,ENT003322,Sanctions-like,Global Restricted Parties List (fictional),2016-01-18 00:00:00,Asset freeze
WL000976,Individual,IND0030795,,PEP-like,Politically Exposed Persons Register (fictional),2023-09-08 00:00:00,Senior public function
WL000977,Individual,IND0020815,,Law enforcement-like,Regional Enforcement Bulletin (fictional),2016-10-17 00:00:00,Under investigation
WL000978,Individual,IND0054056,,Sanctions-like,Global Restricted Parties List (fictional),2016-10-20 00:00:00,Asset freeze
WL000979,Entity,,ENT008915,PEP-like,Politically Exposed Persons Register (fictional),2016-01-12 00:00:00,Senior public function
WL000980,Individual,IND0028311,,Sanctions-like,Global Restricted Parties List (fictional),2020-04-24 00:00:00,Asset freeze
WL000981,Individual,IND0000553,,Adverse media-like,Adverse Media Index (fictional),2017-09-28 00:00:00,Fraud allegations in media
WL000982,Entity,,ENT006995,Sanctions-like,Global Restricted Parties List (fictional),2023-11-02 00:00:00,Asset freeze
WL000983,Entity,,ENT002027,Adverse media-like,Adverse Media Index (fictional),2022-05-13 00:00:00,Fraud allegations in media
WL000984,Entity,,ENT007644,PEP-like,Politically Exposed Persons Register (fictional),2020-11-09 00:00:00,Senior public function
WL000985,Entity,,ENT005834,Adverse media-like,Adverse Media Index (fictional),2025-12-29 00:00:00,Fraud allegations in media
WL000986,Individual,IND0000699,,PEP-like,Politically Exposed Persons Register (fictional),2026-05-22 00:00:00,Senior public function
WL000987,Individual,IND0005738,,Adverse media-like,Adverse Media Index (fictional),2023-04-04 00:00:00,Fraud allegations in media
WL000988,Individual,IND0004208,,PEP-like,Politically Exposed Persons Register (fictional),2016-02-09 00:00:00,Senior public function
WL000989,Individual,IND0012637,,PEP-like,Politically Exposed Persons Register (fictional),2021-11-11 00:00:00,Senior public function
WL000990,Individual,IND0012043,,Sanctions-like,Global Restricted Parties List (fictional),2019-10-09 00:00:00,Asset freeze
WL000991,Individual,IND0054237,,Adverse media-like,Adverse Media Index (fictional),2022-05-03 00:00:00,Fraud allegations in media
WL000992,Entity,,ENT001798,Adverse media-like,Adverse Media Index (fictional),2023-05-09 00:00:00,Fraud allegations in media
WL000993,Individual,IND0036944,,PEP-like,Politically Exposed Persons Register (fictional),2016-05-23 00:00:00,Senior public function
WL000994,Individual,IND0042861,,PEP-like,Politically Exposed Persons Register (fictional),2026-06-08 00:00:00,Senior public function
WL000995,Entity,,ENT000654,Sanctions-like,Global Restricted Parties List (fictional),2020-03-16 00:00:00,Asset freeze
WL000996,Individual,IND0014310,,PEP-like,Politically Exposed Persons Register (fictional),2024-08-12 00:00:00,Senior public function
WL000997,Individual,IND0015342,,Adverse media-like,Adverse Media Index (fictional),2015-03-13 00:00:00,Fraud allegations in media
WL000998,Entity,,ENT001046,Sanctions-like,Global Restricted Parties List (fictional),2020-04-07 00:00:00,Asset freeze
WL000999,Individual,IND0021118,,PEP-like,Politically Exposed Persons Register (fictional),2015-10-15 00:00:00,Senior public function
WL001000,Individual,IND0018095,,Adverse media-like,Adverse Media Index (fictional),2025-10-24 00:00:00,Fraud allegations in media
WL001001,Individual,IND0037435,,PEP-like,Politically Exposed Persons Register (fictional),2025-12-26 00:00:00,Senior public function
WL001002,Individual,IND0026237,,PEP-like,Politically Exposed Persons Register (fictional),2016-06-29 00:00:00,Senior public function
WL001003,Individual,IND0017814,,Adverse media-like,Adverse Media Index (fictional),2023-03-02 00:00:00,Fraud allegations in media
WL001004,Entity,,ENT000501,Sanctions-like,Global Restricted Parties List (fictional),2017-07-30 00:00:00,Asset freeze
WL001005,Individual,IND0032104,,PEP-like,Politically Exposed Persons Register (fictional),2019-01-21 00:00:00,Senior public function
WL001006,Entity,,ENT002478,Adverse media-like,Adverse Media Index (fictional),2025-02-14 00:00:00,Fraud allegations in media
WL001007,Individual,IND0036344,,PEP-like,Politically Exposed Persons Register (fictional),2025-09-12 00:00:00,Senior public function
WL001008,Individual,IND0041009,,Adverse media-like,Adverse Media Index (fictional),2020-12-17 00:00:00,Fraud allegations in media
WL001009,Individual,IND0032362,,PEP-like,Politically Exposed Persons Register (fictional),2017-01-26 00:00:00,Senior public function
WL001010,Entity,,ENT005841,PEP-like,Politically Exposed Persons Register (fictional),2020-02-24 00:00:00,Senior public function
WL001011,Individual,IND0025006,,PEP-like,Politically Exposed Persons Register (fictional),2019-12-02 00:00:00,Senior public function
WL001012,Individual,IND0041866,,PEP-like,Politically Exposed Persons Register (fictional),2021-05-11 00:00:00,Senior public function
WL001013,Individual,IND0035412,,Adverse media-like,Adverse Media Index (fictional),2020-01-04 00:00:00,Fraud allegations in media
WL001014,Entity,,ENT001193,PEP-like,Politically Exposed Persons Register (fictional),2024-08-27 00:00:00,Senior public function
WL001015,Individual,IND0017589,,PEP-like,Politically Exposed Persons Register (fictional),2020-04-13 00:00:00,Senior public function
WL001016,Individual,IND0035488,,PEP-like,Politically Exposed Persons Register (fictional),2021-07-12 00:00:00,Senior public function
WL001017,Entity,,ENT009711,Sanctions-like,Global Restricted Parties List (fictional),2017-02-14 00:00:00,Asset freeze
WL001018,Individual,IND0017999,,Sanctions-like,Global Restricted Parties List (fictional),2020-08-03 00:00:00,Asset freeze
WL001019,Entity,,ENT002051,PEP-like,Politically Exposed Persons Register (fictional),2021-12-13 00:00:00,Senior public function
WL001020,Individual,IND0044857,,Adverse media-like,Adverse Media Index (fictional),2026-06-26 00:00:00,Fraud allegations in media
WL001021,Individual,IND0019080,,Law enforcement-like,Regional Enforcement Bulletin (fictional),2021-03-24 00:00:00,Under investigation
WL001022,Individual,IND0044513,,PEP-like,Politically Exposed Persons Register (fictional),2016-01-28 00:00:00,Senior public function
WL001023,Entity,,ENT000855,Law enforcement-like,Regional Enforcement Bulletin (fictional),2020-05-14 00:00:00,Under investigation
WL001024,Individual,IND0018470,,PEP-like,Politically Exposed Persons Register (fictional),2025-09-15 00:00:00,Senior public function
WL001025,Individual,IND0056829,,Adverse media-like,Adverse Media Index (fictional),2025-04-03 00:00:00,Fraud allegations in media
WL001026,Entity,,ENT000699,PEP-like,Politically Exposed Persons Register (fictional),2025-04-18 00:00:00,Senior public function
WL001027,Individual,IND0022424,,PEP-like,Politically Exposed Persons Register (fictional),2019-11-06 00:00:00,Senior public function
WL001028,Individual,IND0006683,,Sanctions-like,Global Restricted Parties List (fictional),2021-01-29 00:00:00,Asset freeze
WL001029,Individual,IND0007230,,Adverse media-like,Adverse Media Index (fictional),2019-10-09 00:00:00,Fraud allegations in media
WL001030,Individual,IND0015101,,Adverse media-like,Adverse Media Index (fictional),2015-01-21 00:00:00,Fraud allegations in media
WL001031,Individual,IND0003773,,PEP-like,Politically Exposed Persons Register (fictional),2024-12-27 00:00:00,Senior public function
WL001032,Entity,,ENT007707,Adverse media-like,Adverse Media Index (fictional),2025-03-24 00:00:00,Fraud allegations in media
WL001033,Entity,,ENT002073,PEP-like,Politically Exposed Persons Register (fictional),2023-04-17 00:00:00,Senior public function
WL001034,Individual,IND0043833,,Adverse media-like,Adverse Media Index (fictional),2023-07-02 00:00:00,Fraud allegations in media
WL001035,Individual,IND0005900,,PEP-like,Politically Exposed Persons Register (fictional),2019-04-12 00:00:00,Senior public function
WL001036,Entity,,ENT008585,Sanctions-like,Global Restricted Parties List (fictional),2025-02-14 00:00:00,Asset freeze
WL001037,Individual,IND0055247,,Sanctions-like,Global Restricted Parties List (fictional),2023-05-08 00:00:00,Asset freeze
WL001038,Entity,,ENT006273,PEP-like,Politically Exposed Persons Register (fictional),2018-01-04 00:00:00,Senior public function
WL001039,Individual,IND0050086,,Adverse media-like,Adverse Media Index (fictional),2024-12-20 00:00:00,Fraud allegations in media
WL001040,Individual,IND0022660,,Adverse media-like,Adverse Media Index (fictional),2017-10-05 00:00:00,Fraud allegations in media
WL001041,Individual,IND0038701,,PEP-like,Politically Exposed Persons Register (fictional),2016-10-28 00:00:00,Senior public function
WL001042,Entity,,ENT008994,PEP-like,Politically Exposed Persons Register (fictional),2026-03-26 00:00:00,Senior public function
WL001043,Individual,IND0010754,,Sanctions-like,Global Restricted Parties List (fictional),2015-09-07 00:00:00,Asset freeze
WL001044,Entity,,ENT001752,Adverse media-like,Adverse Media Index (fictional),2022-04-05 00:00:00,Fraud allegations in media
WL001045,Individual,IND0043289,,PEP-like,Politically Exposed Persons Register (fictional),2016-02-08 00:00:00,Senior public function
WL001046,Individual,IND0020356,,Sanctions-like,Global Restricted Parties List (fictional),2017-05-29 00:00:00,Asset freeze
WL001047,Individual,IND0056545,,Adverse media-like,Adverse Media Index (fictional),2015-04-29 00:00:00,Fraud allegations in media
WL001048,Individual,IND0047919,,PEP-like,Politically Exposed Persons Register (fictional),2024-11-05 00:00:00,Senior public function
WL001049,Individual,IND0042677,,PEP-like,Politically Exposed Persons Register (fictional),2022-06-16 00:00:00,Senior public function
WL001050,Entity,,ENT002529,Adverse media-like,Adverse Media Index (fictional),2022-10-21 00:00:00,Fraud allegations in media
WL001051,Individual,IND0049007,,PEP-like,Politically Exposed Persons Register (fictional),2024-05-30 00:00:00,Senior public function
WL001052,Entity,,ENT002719,PEP-like,Politically Exposed Persons Register (fictional),2015-10-14 00:00:00,Senior public function
WL001053,Entity,,ENT005105,PEP-like,Politically Exposed Persons Register (fictional),2021-02-24 00:00:00,Senior public function
WL001054,Individual,IND0032265,,Adverse media-like,Adverse Media Index (fictional),2026-06-11 00:00:00,Fraud allegations in media
WL001055,Individual,IND0044646,,Sanctions-like,Global Restricted Parties List (fictional),2026-01-09 00:00:00,Asset freeze
WL001056,Individual,IND0022044,,PEP-like,Politically Exposed Persons Register (fictional),2016-10-31 00:00:00,Senior public function
WL001057,Individual,IND0027618,,Adverse media-like,Adverse Media Index (fictional),2017-10-12 00:00:00,Fraud allegations in media
WL001058,Individual,IND0051468,,PEP-like,Politically Exposed Persons Register (fictional),2025-02-17 00:00:00,Senior public function
WL001059,Entity,,ENT009150,Adverse media-like,Adverse Media Index (fictional),2017-10-30 00:00:00,Fraud allegations in media
WL001060,Individual,IND0045030,,PEP-like,Politically Exposed Persons Register (fictional),2023-02-15 00:00:00,Senior public function
WL001061,Individual,IND0014162,,Adverse media-like,Adverse Media Index (fictional),2019-02-18 00:00:00,Fraud allegations in media
WL001062,Individual,IND0032989,,Sanctions-like,Global Restricted Parties List (fictional),2025-12-24 00:00:00,Asset freeze
WL001063,Entity,,ENT004107,Sanctions-like,Global Restricted Parties List (fictional),2020-07-20 00:00:00,Asset freeze
WL001064,Entity,,ENT006917,PEP-like,Politically Exposed Persons Register (fictional),2021-04-20 00:00:00,Senior public function
WL001065,Entity,,ENT006033,PEP-like,Politically Exposed Persons Register (fictional),2023-06-15 00:00:00,Senior public function
WL001066,Entity,,ENT005046,PEP-like,Politically Exposed Persons Register (fictional),2016-09-12 00:00:00,Senior public function
WL001067,Entity,,ENT009869,PEP-like,Politically Exposed Persons Register (fictional),2015-10-09 00:00:00,Senior public function
WL001068,Entity,,ENT000221,Sanctions-like,Global Restricted Parties List (fictional),2015-08-14 00:00:00,Asset freeze
WL001069,Individual,IND0036513,,Adverse media-like,Adverse Media Index (fictional),2018-03-30 00:00:00,Fraud allegations in media
WL001070,Individual,IND0017722,,PEP-like,Politically Exposed Persons Register (fictional),2022-05-02 00:00:00,Senior public function
WL001071,Individual,IND0032227,,PEP-like,Politically Exposed Persons Register (fictional),2016-07-18 00:00:00,Senior public function
WL001072,Individual,IND0032894,,Adverse media-like,Adverse Media Index (fictional),2022-09-06 00:00:00,Fraud allegations in media
WL001073,Individual,IND0052904,,PEP-like,Politically Exposed Persons Register (fictional),2020-04-01 00:00:00,Senior public function
WL001074,Entity,,ENT001922,PEP-like,Politically Exposed Persons Register (fictional),2021-09-01 00:00:00,Senior public function
WL001075,Individual,IND0000670,,Sanctions-like,Global Restricted Parties List (fictional),2023-11-07 00:00:00,Asset freeze
WL001076,Individual,IND0048938,,PEP-like,Politically Exposed Persons Register (fictional),2025-07-02 00:00:00,Senior public function
WL001077,Entity,,ENT004549,Sanctions-like,Global Restricted Parties List (fictional),2025-11-24 00:00:00,Asset freeze
WL001078,Entity,,ENT006762,Adverse media-like,Adverse Media Index (fictional),2023-04-28 00:00:00,Fraud allegations in media
WL001079,Individual,IND0038182,,Sanctions-like,Global Restricted Parties List (fictional),2022-11-07 00:00:00,Asset freeze
WL001080,Individual,IND0014339,,Sanctions-like,Global Restricted Parties List (fictional),2015-09-23 00:00:00,Asset freeze
WL001081,Individual,IND0049283,,PEP-like,Politically Exposed Persons Register (fictional),2022-01-19 00:00:00,Senior public function
WL001082,Entity,,ENT004023,PEP-like,Politically Exposed Persons Register (fictional),2017-09-21 00:00:00,Senior public function
WL001083,Individual,IND0040711,,Sanctions-like,Global Restricted Parties List (fictional),2025-02-27 00:00:00,Asset freeze
WL001084,Individual,IND0036110,,Adverse media-like,Adverse Media Index (fictional),2015-12-17 00:00:00,Fraud allegations in media
WL001085,Entity,,ENT004551,Sanctions-like,Global Restricted Parties List (fictional),2019-04-09 00:00:00,Asset freeze
WL001086,Entity,,ENT008332,PEP-like,Politically Exposed Persons Register (fictional),2018-07-13 00:00:00,Senior public function
WL001087,Individual,IND0005741,,PEP-like,Politically Exposed Persons Register (fictional),2024-02-23 00:00:00,Senior public function
WL001088,Entity,,ENT009831,Adverse media-like,Adverse Media Index (fictional),2017-12-04 00:00:00,Fraud allegations in media
WL001089,Entity,,ENT001993,PEP-like,Politically Exposed Persons Register (fictional),2022-10-04 00:00:00,Senior public function
WL001090,Individual,IND0034226,,Adverse media-like,Adverse Media Index (fictional),2021-05-27 00:00:00,Fraud allegations in media
WL001091,Individual,IND0009173,,Sanctions-like,Global Restricted Parties List (fictional),2019-04-01 00:00:00,Asset freeze
WL001092,Individual,IND0049951,,PEP-like,Politically Exposed Persons Register (fictional),2024-04-29 00:00:00,Senior public function
WL001093,Individual,IND0010500,,Adverse media-like,Adverse Media Index (fictional),2020-03-05 00:00:00,Fraud allegations in media
WL001094,Individual,IND0002814,,Sanctions-like,Global Restricted Parties List (fictional),2016-05-05 00:00:00,Asset freeze
WL001095,Individual,IND0024111,,PEP-like,Politically Exposed Persons Register (fictional),2019-09-15 00:00:00,Senior public function
WL001096,Individual,IND0041015,,Sanctions-like,Global Restricted Parties List (fictional),2023-04-21 00:00:00,Asset freeze
WL001097,Entity,,ENT006568,Sanctions-like,Global Restricted Parties List (fictional),2020-06-08 00:00:00,Asset freeze
WL001098,Individual,IND0002415,,PEP-like,Politically Exposed Persons Register (fictional),2020-12-04 00:00:00,Senior public function
WL001099,Entity,,ENT003750,PEP-like,Politically Exposed Persons Register (fictional),2018-04-18 00:00:00,Senior public function
WL001100,Entity,,ENT001249,Sanctions-like,Global Restricted Parties List (fictional),2020-06-17 00:00:00,Asset freeze
WL001101,Entity,,ENT006368,PEP-like,Politically Exposed Persons Register (fictional),2015-05-14 00:00:00,Senior public function
WL001102,Entity,,ENT003657,Adverse media-like,Adverse Media Index (fictional),2026-09-04 00:00:00,Fraud allegations in media
WL001103,Individual,IND0048309,,Sanctions-like,Global Restricted Parties List (fictional),2025-04-17 00:00:00,Asset freeze
WL001104,Entity,,ENT002685,Law enforcement-like,Regional Enforcement Bulletin (fictional),2026-02-16 00:00:00,Under investigation
WL001105,Individual,IND0032864,,Sanctions-like,Global Restricted Parties List (fictional),2021-07-19 00:00:00,Asset freeze
WL001106,Individual,IND0040626,,Sanctions-like,Global Restricted Parties List (fictional),2024-01-18 00:00:00,Asset freeze
WL001107,Individual,IND0038595,,PEP-like,Politically Exposed Persons Register (fictional),2023-12-07 00:00:00,Senior public function
WL001108,Entity,,ENT005642,Sanctions-like,Global Restricted Parties List (fictional),2018-09-24 00:00:00,Asset freeze
WL001109,Individual,IND0043432,,PEP-like,Politically Exposed Persons Register (fictional),2017-04-03 00:00:00,Senior public function
WL001110,Individual,IND0026760,,PEP-like,Politically Exposed Persons Register (fictional),2026-02-20 00:00:00,Senior public function
WL001111,Individual,IND0016144,,PEP-like,Politically Exposed Persons Register (fictional),2017-01-05 00:00:00,Senior public function
WL001112,Individual,IND0012816,,PEP-like,Politically Exposed Persons Register (fictional),2016-08-02 00:00:00,Senior public function
WL001113,Individual,IND0030497,,Adverse media-like,Adverse Media Index (fictional),2022-06-08 00:00:00,Fraud allegations in media
WL001114,Individual,IND0040237,,PEP-like,Politically Exposed Persons Register (fictional),2022-09-12 00:00:00,Senior public function
WL001115,Entity,,ENT006990,Adverse media-like,Adverse Media Index (fictional),2016-02-15 00:00:00,Fraud allegations in media
WL001116,Individual,IND0058144,,Sanctions-like,Global Restricted Parties List (fictional),2015-01-09 00:00:00,Asset freeze
WL001117,Entity,,ENT009827,Adverse media-like,Adverse Media Index (fictional),2025-07-09 00:00:00,Fraud allegations in media
WL001118,Entity,,ENT005913,Law enforcement-like,Regional Enforcement Bulletin (fictional),2018-06-01 00:00:00,Under investigation
WL001119,Individual,IND0010126,,Adverse media-like,Adverse Media Index (fictional),2022-01-10 00:00:00,Fraud allegations in media
WL001120,Individual,IND0017459,,PEP-like,Politically Exposed Persons Register (fictional),2017-08-18 00:00:00,Senior public function
WL001121,Individual,IND0026190,,Adverse media-like,Adverse Media Index (fictional),2022-11-14 00:00:00,Fraud allegations in media
WL001122,Individual,IND0038415,,Sanctions-like,Global Restricted Parties List (fictional),2019-11-11 00:00:00,Asset freeze
WL001123,Entity,,ENT001977,PEP-like,Politically Exposed Persons Register (fictional),2025-12-05 00:00:00,Senior public function
WL001124,Entity,,ENT001491,Adverse media-like,Adverse Media Index (fictional),2023-06-19 00:00:00,Fraud allegations in media
WL001125,Entity,,ENT003130,Adverse media-like,Adverse Media Index (fictional),2017-10-03 00:00:00,Fraud allegations in media
WL001126,Individual,IND0035609,,Adverse media-like,Adverse Media Index (fictional),2019-07-29 00:00:00,Fraud allegations in media
WL001127,Individual,IND0044981,,PEP-like,Politically Exposed Persons Register (fictional),2020-10-01 00:00:00,Senior public function
WL001128,Individual,IND0054917,,Sanctions-like,Global Restricted Parties List (fictional),2015-05-22 00:00:00,Asset freeze
WL001129,Individual,IND0059322,,Adverse media-like,Adverse Media Index (fictional),2020-08-14 00:00:00,Fraud allegations in media
WL001130,Entity,,ENT006650,PEP-like,Politically Exposed Persons Register (fictional),2026-09-13 00:00:00,Senior public function
WL001131,Individual,IND0031753,,PEP-like,Politically Exposed Persons Register (fictional),2017-01-28 00:00:00,Senior public function
WL001132,Individual,IND0013389,,Adverse media-like,Adverse Media Index (fictional),2023-08-14 00:00:00,Fraud allegations in media
WL001133,Individual,IND0008404,,Sanctions-like,Global Restricted Parties List (fictional),2019-12-13 00:00:00,Asset freeze
WL001134,Entity,,ENT003458,Adverse media-like,Adverse Media Index (fictional),2015-09-03 00:00:00,Fraud allegations in media
WL001135,Entity,,ENT000644,PEP-like,Politically Exposed Persons Register (fictional),2020-10-14 00:00:00,Senior public function
WL001136,Entity,,ENT006823,Adverse media-like,Adverse Media Index (fictional),2021-08-04 00:00:00,Fraud allegations in media
WL001137,Entity,,ENT004690,PEP-like,Politically Exposed Persons Register (fictional),2024-12-27 00:00:00,Senior public function
WL001138,Entity,,ENT000906,Adverse media-like,Adverse Media Index (fictional),2018-10-22 00:00:00,Fraud allegations in media
WL001139,Individual,IND0017311,,Law enforcement-like,Regional Enforcement Bulletin (fictional),2020-06-11 00:00:00,Under investigation
WL001140,Individual,IND0024900,,PEP-like,Politically Exposed Persons Register (fictional),2018-11-02 00:00:00,Senior public function
WL001141,Entity,,ENT005295,Adverse media-like,Adverse Media Index (fictional),2024-08-23 00:00:00,Fraud allegations in media
WL001142,Entity,,ENT000195,PEP-like,Politically Exposed Persons Register (fictional),2021-01-22 00:00:00,Senior public function
WL001143,Entity,,ENT002906,Sanctions-like,Global Restricted Parties List (fictional),2018-10-15 00:00:00,Asset freeze
WL001144,Individual,IND0050986,,Adverse media-like,Adverse Media Index (fictional),2022-06-13 00:00:00,Fraud allegations in media
WL001145,Entity,,ENT002419,PEP-like,Politically Exposed Persons Register (fictional),2025-05-14 00:00:00,Senior public function
WL001146,Individual,IND0019147,,PEP-like,Politically Exposed Persons Register (fictional),2020-10-28 00:00:00,Senior public function
WL001147,Entity,,ENT007293,PEP-like,Politically Exposed Persons Register (fictional),2022-06-20 00:00:00,Senior public function
WL001148,Individual,IND0014795,,Sanctions-like,Global Restricted Parties List (fictional),2016-07-03 00:00:00,Asset freeze
WL001149,Individual,IND0052961,,PEP-like,Politically Exposed Persons Register (fictional),2016-01-14 00:00:00,Senior public function
WL001150,Individual,IND0031408,,Sanctions-like,Global Restricted Parties List (fictional),2019-10-15 00:00:00,Asset freeze
WL001151,Entity,,ENT002734,Adverse media-like,Adverse Media Index (fictional),2017-08-02 00:00:00,Fraud allegations in media
WL001152,Individual,IND0046178,,PEP-like,Politically Exposed Persons Register (fictional),2019-11-12 00:00:00,Senior public function
WL001153,Individual,IND0016749,,PEP-like,Politically Exposed Persons Register (fictional),2023-03-21 00:00:00,Senior public function
WL001154,Individual,IND0052037,,PEP-like,Politically Exposed Persons Register (fictional),2017-09-29 00:00:00,Senior public function
WL001155,Entity,,ENT005020,Adverse media-like,Adverse Media Index (fictional),2022-02-21 00:00:00,Fraud allegations in media
WL001156,Entity,,ENT008847,PEP-like,Politically Exposed Persons Register (fictional),2016-02-12 00:00:00,Senior public function
WL001157,Entity,,ENT009704,PEP-like,Politically Exposed Persons Register (fictional),2021-06-18 00:00:00,Senior public function
WL001158,Individual,IND0017556,,PEP-like,Politically Exposed Persons Register (fictional),2026-02-09 00:00:00,Senior public function
WL001159,Individual,IND0021769,,Adverse media-like,Adverse Media Index (fictional),2018-03-07 00:00:00,Fraud allegations in media
WL001160,Entity,,ENT007182,Sanctions-like,Global Restricted Parties List (fictional),2023-06-13 00:00:00,Asset freeze
WL001161,Entity,,ENT000803,PEP-like,Politically Exposed Persons Register (fictional),2026-01-27 00:00:00,Senior public function
WL001162,Entity,,ENT003833,Adverse media-like,Adverse Media Index (fictional),2023-09-25 00:00:00,Fraud allegations in media
WL001163,Individual,IND0051983,,Adverse media-like,Adverse Media Index (fictional),2024-09-24 00:00:00,Fraud allegations in media
WL001164,Individual,IND0055269,,PEP-like,Politically Exposed Persons Register (fictional),2026-09-17 00:00:00,Senior public function
WL001165,Individual,IND0006674,,Sanctions-like,Global Restricted Parties List (fictional),2022-01-13 00:00:00,Asset freeze
WL001166,Individual,IND0031730,,PEP-like,Politically Exposed Persons Register (fictional),2024-12-26 00:00:00,Senior public function
WL001167,Individual,IND0012155,,Sanctions-like,Global Restricted Parties List (fictional),2024-02-26 00:00:00,Asset freeze
WL001168,Entity,,ENT004879,PEP-like,Politically Exposed Persons Register (fictional),2019-06-07 00:00:00,Senior public function
WL001169,Individual,IND0008885,,Adverse media-like,Adverse Media Index (fictional),2019-10-25 00:00:00,Fraud allegations in media
WL001170,Individual,IND0040551,,Adverse media-like,Adverse Media Index (fictional),2017-03-07 00:00:00,Fraud allegations in media
WL001171,Entity,,ENT007190,PEP-like,Politically Exposed Persons Register (fictional),2016-09-06 00:00:00,Senior public function
WL001172,Individual,IND0008142,,Adverse media-like,Adverse Media Index (fictional),2021-05-21 00:00:00,Fraud allegations in media
WL001173,Individual,IND0048512,,Law enforcement-like,Regional Enforcement Bulletin (fictional),2018-10-03 00:00:00,Under investigation
WL001174,Individual,IND0036084,,Adverse media-like,Adverse Media Index (fictional),2026-07-27 00:00:00,Fraud allegations in media
WL001175,Entity,,ENT004899,Sanctions-like,Global Restricted Parties List (fictional),2019-10-21 00:00:00,Asset freeze
WL001176,Entity,,ENT003112,Adverse media-like,Adverse Media Index (fictional),2024-04-05 00:00:00,Fraud allegations in media
WL001177,Entity,,ENT002213,Adverse media-like,Adverse Media Index (fictional),2022-03-13 00:00:00,Fraud allegations in media
WL001178,Individual,IND0042824,,Sanctions-like,Global Restricted Parties List (fictional),2024-02-13 00:00:00,Asset freeze
WL001179,Entity,,ENT001413,Sanctions-like,Global Restricted Parties List (fictional),2015-11-09 00:00:00,Asset freeze
WL001180,Individual,IND0003008,,Law enforcement-like,Regional Enforcement Bulletin (fictional),2016-01-27 00:00:00,Under investigation
WL001181,Individual,IND0000240,,Sanctions-like,Global Restricted Parties List (fictional),2025-08-08 00:00:00,Asset freeze
WL001182,Entity,,ENT003459,Law enforcement-like,Regional Enforcement Bulletin (fictional),2024-08-23 00:00:00,Under investigation
WL001183,Individual,IND0047416,,PEP-like,Politically Exposed Persons Register (fictional),2020-06-19 00:00:00,Senior public function
WL001184,Individual,IND0023468,,Sanctions-like,Global Restricted Parties List (fictional),2019-12-31 00:00:00,Asset freeze
WL001185,Individual,IND0020373,,Adverse media-like,Adverse Media Index (fictional),2016-04-03 00:00:00,Fraud allegations in media
WL001186,Entity,,ENT002546,Adverse media-like,Adverse Media Index (fictional),2017-06-20 00:00:00,Fraud allegations in media
WL001187,Entity,,ENT006093,Adverse media-like,Adverse Media Index (fictional),2018-08-28 00:00:00,Fraud allegations in media
WL001188,Individual,IND0021570,,PEP-like,Politically Exposed Persons Register (fictional),2016-10-13 00:00:00,Senior public function
WL001189,Individual,IND0045282,,PEP-like,Politically Exposed Persons Register (fictional),2018-06-11 00:00:00,Senior public function
WL001190,Individual,IND0049644,,Sanctions-like,Global Restricted Parties List (fictional),2021-11-29 00:00:00,Asset freeze
WL001191,Individual,IND0039674,,Sanctions-like,Global Restricted Parties List (fictional),2019-10-09 00:00:00,Asset freeze
WL001192,Entity,,ENT005374,Sanctions-like,Global Restricted Parties List (fictional),2017-02-23 00:00:00,Asset freeze
WL001193,Individual,IND0005468,,PEP-like,Politically Exposed Persons Register (fictional),2018-10-29 00:00:00,Senior public function
WL001194,Individual,IND0022993,,Adverse media-like,Adverse Media Index (fictional),2016-10-03 00:00:00,Fraud allegations in media
WL001195,Individual,IND0037459,,Adverse media-like,Adverse Media Index (fictional),2015-03-08 00:00:00,Fraud allegations in media
WL001196,Individual,IND0008845,,Adverse media-like,Adverse Media Index (fictional),2015-09-11 00:00:00,Fraud allegations in media
WL001197,Entity,,ENT008458,PEP-like,Politically Exposed Persons Register (fictional),2020-12-04 00:00:00,Senior public function
WL001198,Entity,,ENT002751,Law enforcement-like,Regional Enforcement Bulletin (fictional),2017-03-06 00:00:00,Under investigation
WL001199,Individual,IND0044057,,Law enforcement-like,Regional Enforcement Bulletin (fictional),2019-02-07 00:00:00,Under investigation
WL001200,Individual,IND0023526,,Law enforcement-like,Regional Enforcement Bulletin (fictional),2026-05-29 00:00:00,Under investigation
WL001201,Individual,IND0057467,,PEP-like,Politically Exposed Persons Register (fictional),2021-02-08 00:00:00,Senior public function
WL001202,Entity,,ENT008288,Sanctions-like,Global Restricted Parties List (fictional),2019-07-26 00:00:00,Asset freeze
WL001203,Individual,IND0056247,,Sanctions-like,Global Restricted Parties List (fictional),2025-05-12 00:00:00,Asset freeze
WL001204,Individual,IND0039202,,PEP-like,Politically Exposed Persons Register (fictional),2023-07-10 00:00:00,Senior public function
WL001205,Entity,,ENT003828,Adverse media-like,Adverse Media Index (fictional),2015-07-29 00:00:00,Fraud allegations in media
WL001206,Individual,IND0024095,,Sanctions-like,Global Restricted Parties List (fictional),2020-08-24 00:00:00,Asset freeze
WL001207,Individual,IND0013933,,Sanctions-like,Global Restricted Parties List (fictional),2018-01-11 00:00:00,Asset freeze
WL001208,Entity,,ENT005447,Adverse media-like,Adverse Media Index (fictional),2022-06-29 00:00:00,Fraud allegations in media
WL001209,Entity,,ENT009584,PEP-like,Politically Exposed Persons Register (fictional),2017-12-01 00:00:00,Senior public function
WL001210,Individual,IND0035412,,PEP-like,Politically Exposed Persons Register (fictional),2024-02-29 00:00:00,Senior public function
WL001211,Individual,IND0024790,,PEP-like,Politically Exposed Persons Register (fictional),2025-12-04 00:00:00,Senior public function
WL001212,Individual,IND0022968,,Law enforcement-like,Regional Enforcement Bulletin (fictional),2021-10-20 00:00:00,Under investigation
WL001213,Individual,IND0006632,,Sanctions-like,Global Restricted Parties List (fictional),2017-01-03 00:00:00,Asset freeze
WL001214,Entity,,ENT004044,Sanctions-like,Global Restricted Parties List (fictional),2025-09-08 00:00:00,Asset freeze
WL001215,Individual,IND0004697,,Sanctions-like,Global Restricted Parties List (fictional),2024-02-19 00:00:00,Asset freeze
WL001216,Individual,IND0005945,,Adverse media-like,Adverse Media Index (fictional),2025-02-11 00:00:00,Fraud allegations in media
WL001217,Individual,IND0059199,,Sanctions-like,Global Restricted Parties List (fictional),2016-10-07 00:00:00,Asset freeze
WL001218,Entity,,ENT006008,PEP-like,Politically Exposed Persons Register (fictional),2025-08-05 00:00:00,Senior public function
WL001219,Entity,,ENT008009,PEP-like,Politically Exposed Persons Register (fictional),2024-05-12 00:00:00,Senior public function
WL001220,Entity,,ENT008971,Adverse media-like,Adverse Media Index (fictional),2017-06-28 00:00:00,Fraud allegations in media
WL001221,Individual,IND0041988,,PEP-like,Politically Exposed Persons Register (fictional),2023-02-23 00:00:00,Senior public function
WL001222,Entity,,ENT004848,Sanctions-like,Global Restricted Parties List (fictional),2021-07-28 00:00:00,Asset freeze
WL001223,Entity,,ENT005152,Law enforcement-like,Regional Enforcement Bulletin (fictional),2019-12-16 00:00:00,Under investigation
WL001224,Entity,,ENT006996,Adverse media-like,Adverse Media Index (fictional),2020-11-30 00:00:00,Fraud allegations in media
WL001225,Individual,IND0047967,,Sanctions-like,Global Restricted Parties List (fictional),2017-01-30 00:00:00,Asset freeze
WL001226,Individual,IND0000391,,PEP-like,Politically Exposed Persons Register (fictional),2016-01-29 00:00:00,Senior public function
WL001227,Individual,IND0011608,,Adverse media-like,Adverse Media Index (fictional),2025-12-19 00:00:00,Fraud allegations in media
WL001228,Individual,IND0025899,,Adverse media-like,Adverse Media Index (fictional),2016-07-01 00:00:00,Fraud allegations in media
WL001229,Entity,,ENT006301,PEP-like,Politically Exposed Persons Register (fictional),2025-07-11 00:00:00,Senior public function
WL001230,Individual,IND0012628,,PEP-like,Politically Exposed Persons Register (fictional),2025-10-30 00:00:00,Senior public function
WL001231,Individual,IND0041268,,Law enforcement-like,Regional Enforcement Bulletin (fictional),2024-09-06 00:00:00,Under investigation
WL001232,Entity,,ENT004477,Sanctions-like,Global Restricted Parties List (fictional),2016-05-16 00:00:00,Asset freeze
WL001233,Individual,IND0023989,,Sanctions-like,Global Restricted Parties List (fictional),2019-11-14 00:00:00,Asset freeze
WL001234,Entity,,ENT005170,PEP-like,Politically Exposed Persons Register (fictional),2026-02-04 00:00:00,Senior public function
WL001235,Entity,,ENT008889,Adverse media-like,Adverse Media Index (fictional),2021-05-18 00:00:00,Fraud allegations in media
WL001236,Individual,IND0003507,,PEP-like,Politically Exposed Persons Register (fictional),2023-06-16 00:00:00,Senior public function
WL001237,Individual,IND0019532,,Adverse media-like,Adverse Media Index (fictional),2015-07-30 00:00:00,Fraud allegations in media
WL001238,Individual,IND0056123,,Sanctions-like,Global Restricted Parties List (fictional),2018-07-20 00:00:00,Asset freeze
WL001239,Individual,IND0040003,,PEP-like,Politically Exposed Persons Register (fictional),2021-04-26 00:00:00,Senior public function
WL001240,Individual,IND0056279,,Law enforcement-like,Regional Enforcement Bulletin (fictional),2020-03-25 00:00:00,Under investigation
WL001241,Entity,,ENT006956,Law enforcement-like,Regional Enforcement Bulletin (fictional),2020-10-27 00:00:00,Under investigation
WL001242,Individual,IND0038475,,PEP-like,Politically Exposed Persons Register (fictional),2024-11-18 00:00:00,Senior public function
WL001243,Individual,IND0050219,,Adverse media-like,Adverse Media Index (fictional),2024-08-22 00:00:00,Fraud allegations in media
WL001244,Individual,IND0035031,,Sanctions-like,Global Restricted Parties List (fictional),2023-02-27 00:00:00,Asset freeze
WL001245,Individual,IND0015440,,PEP-like,Politically Exposed Persons Register (fictional),2025-02-21 00:00:00,Senior public function
WL001246,Individual,IND0058687,,Law enforcement-like,Regional Enforcement Bulletin (fictional),2026-07-22 00:00:00,Under investigation
WL001247,Individual,IND0026122,,Adverse media-like,Adverse Media Index (fictional),2015-12-14 00:00:00,Fraud allegations in media
WL001248,Individual,IND0057999,,Sanctions-like,Global Restricted Parties List (fictional),2018-02-12 00:00:00,Asset freeze
WL001249,Individual,IND0013603,,Adverse media-like,Adverse Media Index (fictional),2023-10-02 00:00:00,Fraud allegations in media
WL001250,Individual,IND0014775,,PEP-like,Politically Exposed Persons Register (fictional),2023-07-14 00:00:00,Senior public function
WL001251,Individual,IND0048529,,PEP-like,Politically Exposed Persons Register (fictional),2016-07-12 00:00:00,Senior public function
WL001252,Individual,IND0046243,,PEP-like,Politically Exposed Persons Register (fictional),2022-05-30 00:00:00,Senior public function
WL001253,Entity,,ENT003512,Sanctions-like,Global Restricted Parties List (fictional),2015-05-07 00:00:00,Asset freeze
WL001254,Entity,,ENT002060,Sanctions-like,Global Restricted Parties List (fictional),2017-04-06 00:00:00,Asset freeze
WL001255,Individual,IND0043535,,Law enforcement-like,Regional Enforcement Bulletin (fictional),2017-03-10 00:00:00,Under investigation
WL001256,Individual,IND0036535,,Sanctions-like,Global Restricted Parties List (fictional),2021-04-08 00:00:00,Asset freeze
WL001257,Individual,IND0046779,,Law enforcement-like,Regional Enforcement Bulletin (fictional),2017-06-01 00:00:00,Under investigation
WL001258,Individual,IND0010338,,Sanctions-like,Global Restricted Parties List (fictional),2020-12-28 00:00:00,Asset freeze
WL001259,Entity,,ENT008768,Sanctions-like,Global Restricted Parties List (fictional),2015-07-03 00:00:00,Asset freeze
WL001260,Individual,IND0052456,,PEP-like,Politically Exposed Persons Register (fictional),2019-07-22 00:00:00,Senior public function
WL001261,Individual,IND0046730,,PEP-like,Politically Exposed Persons Register (fictional),2021-08-05 00:00:00,Senior public function
WL001262,Individual,IND0012855,,Adverse media-like,Adverse Media Index (fictional),2024-04-03 00:00:00,Fraud allegations in media
WL001263,Individual,IND0015388,,Sanctions-like,Global Restricted Parties List (fictional),2017-07-10 00:00:00,Asset freeze
WL001264,Individual,IND0008099,,Law enforcement-like,Regional Enforcement Bulletin (fictional),2019-06-09 00:00:00,Under investigation
WL001265,Individual,IND0020427,,Adverse media-like,Adverse Media Index (fictional),2024-03-07 00:00:00,Fraud allegations in media
WL001266,Individual,IND0031761,,PEP-like,Politically Exposed Persons Register (fictional),2021-11-24 00:00:00,Senior public function
WL001267,Individual,IND0052203,,PEP-like,Politically Exposed Persons Register (fictional),2020-09-25 00:00:00,Senior public function
WL001268,Individual,IND0013461,,PEP-like,Politically Exposed Persons Register (fictional),2015-11-10 00:00:00,Senior public function
WL001269,Individual,IND0025572,,PEP-like,Politically Exposed Persons Register (fictional),2016-01-08 00:00:00,Senior public function
WL001270,Individual,IND0027370,,Adverse media-like,Adverse Media Index (fictional),2017-03-17 00:00:00,Fraud allegations in media
WL001271,Individual,IND0031250,,Adverse media-like,Adverse Media Index (fictional),2023-10-25 00:00:00,Fraud allegations in media
WL001272,Entity,,ENT006489,PEP-like,Politically Exposed Persons Register (fictional),2017-02-23 00:00:00,Senior public function
WL001273,Individual,IND0027164,,PEP-like,Politically Exposed Persons Register (fictional),2023-11-14 00:00:00,Senior public function
WL001274,Entity,,ENT004964,Sanctions-like,Global Restricted Parties List (fictional),2026-03-31 00:00:00,Asset freeze
WL001275,Individual,IND0029518,,Sanctions-like,Global Restricted Parties List (fictional),2019-09-11 00:00:00,Asset freeze
WL001276,Entity,,ENT005467,PEP-like,Politically Exposed Persons Register (fictional),2025-08-15 00:00:00,Senior public function
WL001277,Entity,,ENT007211,PEP-like,Politically Exposed Persons Register (fictional),2026-09-25 00:00:00,Senior public function
WL001278,Entity,,ENT002821,PEP-like,Politically Exposed Persons Register (fictional),2021-11-25 00:00:00,Senior public function
WL001279,Entity,,ENT005436,PEP-like,Politically Exposed Persons Register (fictional),2022-01-13 00:00:00,Senior public function
WL001280,Individual,IND0027685,,Adverse media-like,Adverse Media Index (fictional),2021-08-27 00:00:00,Fraud allegations in media
WL001281,Individual,IND0007824,,PEP-like,Politically Exposed Persons Register (fictional),2020-04-06 00:00:00,Senior public function
WL001282,Individual,IND0007097,,Adverse media-like,Adverse Media Index (fictional),2021-12-15 00:00:00,Fraud allegations in media
WL001283,Entity,,ENT008288,Sanctions-like,Global Restricted Parties List (fictional),2018-08-14 00:00:00,Asset freeze
WL001284,Individual,IND0044954,,Adverse media-like,Adverse Media Index (fictional),2023-09-13 00:00:00,Fraud allegations in media
WL001285,Entity,,ENT004634,Adverse media-like,Adverse Media Index (fictional),2018-08-22 00:00:00,Fraud allegations in media
WL001286,Entity,,ENT009518,PEP-like,Politically Exposed Persons Register (fictional),2024-09-05 00:00:00,Senior public function
WL001287,Individual,IND0008869,,Adverse media-like,Adverse Media Index (fictional),2022-11-18 00:00:00,Fraud allegations in media
WL001288,Entity,,ENT008988,PEP-like,Politically Exposed Persons Register (fictional),2024-01-12 00:00:00,Senior public function
WL001289,Entity,,ENT002871,Adverse media-like,Adverse Media Index (fictional),2025-05-12 00:00:00,Fraud allegations in media
WL001290,Individual,IND0041280,,Law enforcement-like,Regional Enforcement Bulletin (fictional),2025-01-24 00:00:00,Under investigation
WL001291,Entity,,ENT002825,Sanctions-like,Global Restricted Parties List (fictional),2016-05-02 00:00:00,Asset freeze
WL001292,Individual,IND0039032,,Adverse media-like,Adverse Media Index (fictional),2020-09-07 00:00:00,Fraud allegations in media
WL001293,Entity,,ENT001119,Adverse media-like,Adverse Media Index (fictional),2023-11-13 00:00:00,Fraud allegations in media
WL001294,Individual,IND0035403,,Adverse media-like,Adverse Media Index (fictional),2025-01-27 00:00:00,Fraud allegations in media
WL001295,Entity,,ENT009085,Adverse media-like,Adverse Media Index (fictional),2021-01-18 00:00:00,Fraud allegations in media
WL001296,Entity,,ENT000417,Sanctions-like,Global Restricted Parties List (fictional),2025-08-11 00:00:00,Asset freeze
WL001297,Individual,IND0043865,,PEP-like,Politically Exposed Persons Register (fictional),2015-09-01 00:00:00,Senior public function
WL001298,Individual,IND0001715,,Adverse media-like,Adverse Media Index (fictional),2026-04-24 00:00:00,Fraud allegations in media
WL001299,Individual,IND0037460,,PEP-like,Politically Exposed Persons Register (fictional),2024-09-06 00:00:00,Senior public function
WL001300,Entity,,ENT007565,Adverse media-like,Adverse Media Index (fictional),2020-01-20 00:00:00,Fraud allegations in media
WL001301,Entity,,ENT001152,Adverse media-like,Adverse Media Index (fictional),2020-11-19 00:00:00,Fraud allegations in media
WL001302,Individual,IND0058500,,PEP-like,Politically Exposed Persons Register (fictional),2017-09-11 00:00:00,Senior public function
WL001303,Individual,IND0036837,,Adverse media-like,Adverse Media Index (fictional),2019-08-12 00:00:00,Fraud allegations in media
WL001304,Individual,IND0016128,,Sanctions-like,Global Restricted Parties List (fictional),2019-02-15 00:00:00,Asset freeze
WL001305,Entity,,ENT008491,Adverse media-like,Adverse Media Index (fictional),2020-11-25 00:00:00,Fraud allegations in media
WL001306,Individual,IND0045640,,Adverse media-like,Adverse Media Index (fictional),2025-05-28 00:00:00,Fraud allegations in media
WL001307,Entity,,ENT008800,Sanctions-like,Global Restricted Parties List (fictional),2025-02-09 00:00:00,Asset freeze
WL001308,Entity,,ENT003652,PEP-like,Politically Exposed Persons Register (fictional),2015-01-20 00:00:00,Senior public function
WL001309,Entity,,ENT009255,Adverse media-like,Adverse Media Index (fictional),2015-11-03 00:00:00,Fraud allegations in media
WL001310,Entity,,ENT008510,Law enforcement-like,Regional Enforcement Bulletin (fictional),2022-08-17 00:00:00,Under investigation
WL001311,Individual,IND0036373,,Sanctions-like,Global Restricted Parties List (fictional),2016-12-12 00:00:00,Asset freeze
WL001312,Individual,IND0001278,,Adverse media-like,Adverse Media Index (fictional),2020-06-05 00:00:00,Fraud allegations in media
WL001313,Entity,,ENT008901,Law enforcement-like,Regional Enforcement Bulletin (fictional),2018-03-08 00:00:00,Under investigation
WL001314,Individual,IND0029269,,Adverse media-like,Adverse Media Index (fictional),2020-01-03 00:00:00,Fraud allegations in media
WL001315,Individual,IND0048029,,Adverse media-like,Adverse Media Index (fictional),2017-08-23 00:00:00,Fraud allegations in media
WL001316,Individual,IND0011748,,Sanctions-like,Global Restricted Parties List (fictional),2020-07-17 00:00:00,Asset freeze
WL001317,Individual,IND0047919,,Sanctions-like,Global Restricted Parties List (fictional),2019-03-11 00:00:00,Asset freeze
WL001318,Individual,IND0001631,,Law enforcement-like,Regional Enforcement Bulletin (fictional),2020-01-13 00:00:00,Under investigation
WL001319,Individual,IND0037079,,Adverse media-like,Adverse Media Index (fictional),2020-11-13 00:00:00,Fraud allegations in media
WL001320,Individual,IND0024695,,PEP-like,Politically Exposed Persons Register (fictional),2016-04-06 00:00:00,Senior public function
WL001321,Individual,IND0059134,,Adverse media-like,Adverse Media Index (fictional),2022-03-14 00:00:00,Fraud allegations in media
WL001322,Individual,IND0030132,,Law enforcement-like,Regional Enforcement Bulletin (fictional),2021-04-23 00:00:00,Under investigation
WL001323,Individual,IND0032705,,PEP-like,Politically Exposed Persons Register (fictional),2015-10-26 00:00:00,Senior public function
WL001324,Entity,,ENT004899,Sanctions-like,Global Restricted Parties List (fictional),2016-08-10 00:00:00,Asset freeze
WL001325,Entity,,ENT009665,Sanctions-like,Global Restricted Parties List (fictional),2022-04-08 00:00:00,Asset freeze
WL001326,Entity,,ENT004896,Adverse media-like,Adverse Media Index (fictional),2017-07-29 00:00:00,Fraud allegations in media
WL001327,Entity,,ENT002096,Sanctions-like,Global Restricted Parties List (fictional),2025-03-17 00:00:00,Asset freeze
WL001328,Individual,IND0005763,,Adverse media-like,Adverse Media Index (fictional),2026-03-03 00:00:00,Fraud allegations in media
WL001329,Entity,,ENT007559,Adverse media-like,Adverse Media Index (fictional),2018-03-02 00:00:00,Fraud allegations in media
WL001330,Individual,IND0028124,,Adverse media-like,Adverse Media Index (fictional),2017-01-30 00:00:00,Fraud allegations in media
WL001331,Individual,IND0047240,,PEP-like,Politically Exposed Persons Register (fictional),2021-07-12 00:00:00,Senior public function
WL001332,Entity,,ENT004128,Sanctions-like,Global Restricted Parties List (fictional),2026-02-16 00:00:00,Asset freeze
WL001333,Entity,,ENT000532,PEP-like,Politically Exposed Persons Register (fictional),2020-07-30 00:00:00,Senior public function
WL001334,Individual,IND0028938,,Adverse media-like,Adverse Media Index (fictional),2018-01-05 00:00:00,Fraud allegations in media
WL001335,Entity,,ENT004327,Sanctions-like,Global Restricted Parties List (fictional),2021-12-14 00:00:00,Asset freeze
WL001336,Individual,IND0011898,,PEP-like,Politically Exposed Persons Register (fictional),2022-12-23 00:00:00,Senior public function
WL001337,Entity,,ENT007963,PEP-like,Politically Exposed Persons Register (fictional),2019-10-20 00:00:00,Senior public function
WL001338,Entity,,ENT007506,Sanctions-like,Global Restricted Parties List (fictional),2024-03-25 00:00:00,Asset freeze
WL001339,Entity,,ENT006144,Sanctions-like,Global Restricted Parties List (fictional),2023-01-18 00:00:00,Asset freeze
WL001340,Individual,IND0021152,,PEP-like,Politically Exposed Persons Register (fictional),2018-08-17 00:00:00,Senior public function
WL001341,Individual,IND0056758,,PEP-like,Politically Exposed Persons Register (fictional),2015-07-09 00:00:00,Senior public function
WL001342,Entity,,ENT003807,Law enforcement-like,Regional Enforcement Bulletin (fictional),2025-06-18 00:00:00,Under investigation
WL001343,Entity,,ENT004941,Sanctions-like,Global Restricted Parties List (fictional),2026-05-02 00:00:00,Asset freeze
WL001344,Entity,,ENT007019,PEP-like,Politically Exposed Persons Register (fictional),2021-10-22 00:00:00,Senior public function
WL001345,Individual,IND0014182,,PEP-like,Politically Exposed Persons Register (fictional),2019-03-15 00:00:00,Senior public function
WL001346,Entity,,ENT001216,Sanctions-like,Global Restricted Parties List (fictional),2023-12-20 00:00:00,Asset freeze
WL001347,Entity,,ENT001119,PEP-like,Politically Exposed Persons Register (fictional),2022-12-26 00:00:00,Senior public function
WL001348,Individual,IND0033164,,Adverse media-like,Adverse Media Index (fictional),2018-08-06 00:00:00,Fraud allegations in media
WL001349,Entity,,ENT004303,PEP-like,Politically Exposed Persons Register (fictional),2018-10-10 00:00:00,Senior public function
WL001350,Individual,IND0016812,,Sanctions-like,Global Restricted Parties List (fictional),2023-12-15 00:00:00,Asset freeze
WL001351,Entity,,ENT008010,PEP-like,Politically Exposed Persons Register (fictional),2022-09-20 00:00:00,Senior public function
WL001352,Individual,IND0038238,,Sanctions-like,Global Restricted Parties List (fictional),2025-02-06 00:00:00,Asset freeze
WL001353,Individual,IND0059318,,Sanctions-like,Global Restricted Parties List (fictional),2022-01-07 00:00:00,Asset freeze
WL001354,Individual,IND0055384,,PEP-like,Politically Exposed Persons Register (fictional),2015-02-18 00:00:00,Senior public function
WL001355,Individual,IND0001780,,Law enforcement-like,Regional Enforcement Bulletin (fictional),2021-06-11 00:00:00,Under investigation
WL001356,Individual,IND0035290,,Adverse media-like,Adverse Media Index (fictional),2021-01-29 00:00:00,Fraud allegations in media
WL001357,Individual,IND0014638,,Sanctions-like,Global Restricted Parties List (fictional),2018-11-08 00:00:00,Asset freeze
WL001358,Individual,IND0056089,,Adverse media-like,Adverse Media Index (fictional),2023-07-14 00:00:00,Fraud allegations in media
WL001359,Individual,IND0050553,,PEP-like,Politically Exposed Persons Register (fictional),2026-05-28 00:00:00,Senior public function
WL001360,Entity,,ENT005758,Adverse media-like,Adverse Media Index (fictional),2017-09-01 00:00:00,Fraud allegations in media
WL001361,Individual,IND0049037,,PEP-like,Politically Exposed Persons Register (fictional),2020-06-13 00:00:00,Senior public function
WL001362,Individual,IND0037584,,Adverse media-like,Adverse Media Index (fictional),2024-03-27 00:00:00,Fraud allegations in media
WL001363,Entity,,ENT004283,Sanctions-like,Global Restricted Parties List (fictional),2022-10-10 00:00:00,Asset freeze
WL001364,Entity,,ENT009676,PEP-like,Politically Exposed Persons Register (fictional),2018-10-12 00:00:00,Senior public function
WL001365,Entity,,ENT002128,Adverse media-like,Adverse Media Index (fictional),2024-05-20 00:00:00,Fraud allegations in media
WL001366,Entity,,ENT004307,PEP-like,Politically Exposed Persons Register (fictional),2017-12-29 00:00:00,Senior public function
WL001367,Entity,,ENT002019,Law enforcement-like,Regional Enforcement Bulletin (fictional),2017-08-18 00:00:00,Under investigation
WL001368,Individual,IND0030402,,Adverse media-like,Adverse Media Index (fictional),2017-08-07 00:00:00,Fraud allegations in media
WL001369,Entity,,ENT008651,Sanctions-like,Global Restricted Parties List (fictional),2021-10-15 00:00:00,Asset freeze
WL001370,Entity,,ENT007544,Adverse media-like,Adverse Media Index (fictional),2017-03-06 00:00:00,Fraud allegations in media
WL001371,Entity,,ENT001106,Adverse media-like,Adverse Media Index (fictional),2022-10-31 00:00:00,Fraud allegations in media
WL001372,Entity,,ENT005275,Adverse media-like,Adverse Media Index (fictional),2020-08-31 00:00:00,Fraud allegations in media
WL001373,Individual,IND0034536,,PEP-like,Politically Exposed Persons Register (fictional),2019-08-05 00:00:00,Senior public function
WL001374,Entity,,ENT000912,PEP-like,Politically Exposed Persons Register (fictional),2024-06-28 00:00:00,Senior public function
WL001375,Individual,IND0023162,,Adverse media-like,Adverse Media Index (fictional),2018-05-21 00:00:00,Fraud allegations in media
WL001376,Entity,,ENT006249,PEP-like,Politically Exposed Persons Register (fictional),2015-08-10 00:00:00,Senior public function
WL001377,Entity,,ENT002085,Adverse media-like,Adverse Media Index (fictional),2015-05-02 00:00:00,Fraud allegations in media
WL001378,Entity,,ENT001526,PEP-like,Politically Exposed Persons Register (fictional),2018-10-03 00:00:00,Senior public function
WL001379,Individual,IND0047022,,Law enforcement-like,Regional Enforcement Bulletin (fictional),2016-05-24 00:00:00,Under investigation
WL001380,Individual,IND0033579,,Adverse media-like,Adverse Media Index (fictional),2024-12-04 00:00:00,Fraud allegations in media
WL001381,Individual,IND0019189,,Sanctions-like,Global Restricted Parties List (fictional),2017-11-03 00:00:00,Asset freeze
WL001382,Entity,,ENT007719,Sanctions-like,Global Restricted Parties List (fictional),2017-11-20 00:00:00,Asset freeze
WL001383,Entity,,ENT001301,Adverse media-like,Adverse Media Index (fictional),2019-05-03 00:00:00,Fraud allegations in media
WL001384,Entity,,ENT001017,PEP-like,Politically Exposed Persons Register (fictional),2017-01-30 00:00:00,Senior public function
WL001385,Individual,IND0059195,,Sanctions-like,Global Restricted Parties List (fictional),2016-05-11 00:00:00,Asset freeze
WL001386,Individual,IND0041427,,PEP-like,Politically Exposed Persons Register (fictional),2021-08-08 00:00:00,Senior public function
WL001387,Entity,,ENT000923,Adverse media-like,Adverse Media Index (fictional),2018-12-04 00:00:00,Fraud allegations in media
WL001388,Individual,IND0028668,,Sanctions-like,Global Restricted Parties List (fictional),2024-08-26 00:00:00,Asset freeze
WL001389,Individual,IND0042194,,PEP-like,Politically Exposed Persons Register (fictional),2017-03-06 00:00:00,Senior public function
WL001390,Individual,IND0046145,,Sanctions-like,Global Restricted Parties List (fictional),2020-05-28 00:00:00,Asset freeze
WL001391,Individual,IND0033607,,PEP-like,Politically Exposed Persons Register (fictional),2018-12-10 00:00:00,Senior public function
WL001392,Entity,,ENT001993,Sanctions-like,Global Restricted Parties List (fictional),2021-07-15 00:00:00,Asset freeze
WL001393,Individual,IND0009150,,Adverse media-like,Adverse Media Index (fictional),2020-01-31 00:00:00,Fraud allegations in media
WL001394,Individual,IND0000342,,Adverse media-like,Adverse Media Index (fictional),2019-12-26 00:00:00,Fraud allegations in media
WL001395,Individual,IND0030317,,PEP-like,Politically Exposed Persons Register (fictional),2015-08-14 00:00:00,Senior public function
WL001396,Individual,IND0058880,,PEP-like,Politically Exposed Persons Register (fictional),2023-02-28 00:00:00,Senior public function
WL001397,Individual,IND0010474,,PEP-like,Politically Exposed Persons Register (fictional),2023-02-01 00:00:00,Senior public function
WL001398,Individual,IND0051799,,Adverse media-like,Adverse Media Index (fictional),2019-11-20 00:00:00,Fraud allegations in media
WL001399,Individual,IND0006007,,Adverse media-like,Adverse Media Index (fictional),2016-11-14 00:00:00,Fraud allegations in media
WL001400,Entity,,ENT006142,Adverse media-like,Adverse Media Index (fictional),2015-02-20 00:00:00,Fraud allegations in media
WL001401,Entity,,ENT004609,Sanctions-like,Global Restricted Parties List (fictional),2026-08-08 00:00:00,Asset freeze
WL001402,Individual,IND0037120,,Adverse media-like,Adverse Media Index (fictional),2017-06-28 00:00:00,Fraud allegations in media
WL001403,Entity,,ENT007858,Law enforcement-like,Regional Enforcement Bulletin (fictional),2026-04-06 00:00:00,Under investigation
WL001404,Individual,IND0045595,,PEP-like,Politically Exposed Persons Register (fictional),2021-03-05 00:00:00,Senior public function
WL001405,Individual,IND0056933,,Sanctions-like,Global Restricted Parties List (fictional),2026-09-30 00:00:00,Asset freeze
WL001406,Individual,IND0058631,,PEP-like,Politically Exposed Persons Register (fictional),2019-09-06 00:00:00,Senior public function
WL001407,Entity,,ENT002607,PEP-like,Politically Exposed Persons Register (fictional),2025-11-11 00:00:00,Senior public function
WL001408,Individual,IND0033634,,Sanctions-like,Global Restricted Parties List (fictional),2017-01-13 00:00:00,Asset freeze
WL001409,Individual,IND0021724,,Adverse media-like,Adverse Media Index (fictional),2016-01-26 00:00:00,Fraud allegations in media
WL001410,Entity,,ENT005646,Sanctions-like,Global Restricted Parties List (fictional),2018-05-05 00:00:00,Asset freeze
WL001411,Individual,IND0022979,,Sanctions-like,Global Restricted Parties List (fictional),2016-11-16 00:00:00,Asset freeze
WL001412,Individual,IND0009593,,PEP-like,Politically Exposed Persons Register (fictional),2025-10-10 00:00:00,Senior public function
WL001413,Entity,,ENT005335,PEP-like,Politically Exposed Persons Register (fictional),2019-08-28 00:00:00,Senior public function
WL001414,Individual,IND0010421,,Sanctions-like,Global Restricted Parties List (fictional),2021-02-10 00:00:00,Asset freeze
WL001415,Entity,,ENT007724,Law enforcement-like,Regional Enforcement Bulletin (fictional),2015-05-18 00:00:00,Under investigation
WL001416,Entity,,ENT008326,PEP-like,Politically Exposed Persons Register (fictional),2020-11-26 00:00:00,Senior public function
WL001417,Entity,,ENT009375,Sanctions-like,Global Restricted Parties List (fictional),2016-08-26 00:00:00,Asset freeze
WL001418,Entity,,ENT007519,Sanctions-like,Global Restricted Parties List (fictional),2026-06-24 00:00:00,Asset freeze
WL001419,Entity,,ENT003747,Sanctions-like,Global Restricted Parties List (fictional),2021-07-31 00:00:00,Asset freeze
WL001420,Individual,IND0004082,,Adverse media-like,Adverse Media Index (fictional),2019-02-27 00:00:00,Fraud allegations in media
WL001421,Entity,,ENT008328,Law enforcement-like,Regional Enforcement Bulletin (fictional),2021-05-25 00:00:00,Under investigation
WL001422,Entity,,ENT008244,PEP-like,Politically Exposed Persons Register (fictional),2024-10-02 00:00:00,Senior public function
WL001423,Entity,,ENT002563,Sanctions-like,Global Restricted Parties List (fictional),2021-08-02 00:00:00,Asset freeze
WL001424,Individual,IND0039996,,Law enforcement-like,Regional Enforcement Bulletin (fictional),2020-11-16 00:00:00,Under investigation
WL001425,Individual,IND0023787,,PEP-like,Politically Exposed Persons Register (fictional),2018-09-20 00:00:00,Senior public function
WL001426,Entity,,ENT008350,Adverse media-like,Adverse Media Index (fictional),2017-09-18 00:00:00,Fraud allegations in media
WL001427,Entity,,ENT003670,Sanctions-like,Global Restricted Parties List (fictional),2016-11-25 00:00:00,Asset freeze
WL001428,Entity,,ENT000724,Sanctions-like,Global Restricted Parties List (fictional),2026-03-12 00:00:00,Asset freeze
WL001429,Individual,IND0032598,,PEP-like,Politically Exposed Persons Register (fictional),2018-11-14 00:00:00,Senior public function
WL001430,Individual,IND0022123,,Law enforcement-like,Regional Enforcement Bulletin (fictional),2026-01-02 00:00:00,Under investigation
WL001431,Individual,IND0037986,,Law enforcement-like,Regional Enforcement Bulletin (fictional),2016-07-05 00:00:00,Under investigation
WL001432,Entity,,ENT006739,PEP-like,Politically Exposed Persons Register (fictional),2026-03-05 00:00:00,Senior public function
WL001433,Entity,,ENT006375,Sanctions-like,Global Restricted Parties List (fictional),2024-08-03 00:00:00,Asset freeze
WL001434,Individual,IND0036024,,Sanctions-like,Global Restricted Parties List (fictional),2020-04-06 00:00:00,Asset freeze
WL001435,Individual,IND0054967,,Sanctions-like,Global Restricted Parties List (fictional),2020-02-07 00:00:00,Asset freeze
WL001436,Individual,IND0001061,,Adverse media-like,Adverse Media Index (fictional),2018-12-04 00:00:00,Fraud allegations in media
WL001437,Individual,IND0058427,,Sanctions-like,Global Restricted Parties List (fictional),2022-11-30 00:00:00,Asset freeze
WL001438,Entity,,ENT002717,Sanctions-like,Global Restricted Parties List (fictional),2015-06-09 00:00:00,Asset freeze
WL001439,Entity,,ENT007956,Sanctions-like,Global Restricted Parties List (fictional),2023-08-25 00:00:00,Asset freeze
WL001440,Entity,,ENT006470,PEP-like,Politically Exposed Persons Register (fictional),2023-01-05 00:00:00,Senior public function
WL001441,Individual,IND0035907,,Sanctions-like,Global Restricted Parties List (fictional),2024-06-10 00:00:00,Asset freeze
WL001442,Individual,IND0056622,,PEP-like,Politically Exposed Persons Register (fictional),2021-10-01 00:00:00,Senior public function
WL001443,Individual,IND0002979,,PEP-like,Politically Exposed Persons Register (fictional),2020-05-27 00:00:00,Senior public function
WL001444,Entity,,ENT001251,Sanctions-like,Global Restricted Parties List (fictional),2018-11-30 00:00:00,Asset freeze
WL001445,Individual,IND0022324,,PEP-like,Politically Exposed Persons Register (fictional),2018-04-17 00:00:00,Senior public function
WL001446,Individual,IND0055732,,Law enforcement-like,Regional Enforcement Bulletin (fictional),2015-12-11 00:00:00,Under investigation
WL001447,Individual,IND0047291,,Adverse media-like,Adverse Media Index (fictional),2022-06-17 00:00:00,Fraud allegations in media
WL001448,Entity,,ENT008328,Adverse media-like,Adverse Media Index (fictional),2021-01-26 00:00:00,Fraud allegations in media
WL001449,Individual,IND0048968,,PEP-like,Politically Exposed Persons Register (fictional),2018-06-04 00:00:00,Senior public function
WL001450,Entity,,ENT001203,Sanctions-like,Global Restricted Parties List (fictional),2025-10-30 00:00:00,Asset freeze
WL001451,Individual,IND0020881,,Adverse media-like,Adverse Media Index (fictional),2019-07-03 00:00:00,Fraud allegations in media
WL001452,Individual,IND0024432,,PEP-like,Politically Exposed Persons Register (fictional),2025-05-16 00:00:00,Senior public function
WL001453,Individual,IND0046194,,PEP-like,Politically Exposed Persons Register (fictional),2025-10-20 00:00:00,Senior public function
WL001454,Individual,IND0011681,,Sanctions-like,Global Restricted Parties List (fictional),2020-05-01 00:00:00,Asset freeze
WL001455,Individual,IND0030975,,Sanctions-like,Global Restricted Parties List (fictional),2022-06-13 00:00:00,Asset freeze
WL001456,Entity,,ENT007156,PEP-like,Politically Exposed Persons Register (fictional),2023-04-13 00:00:00,Senior public function
WL001457,Entity,,ENT004277,Adverse media-like,Adverse Media Index (fictional),2018-02-03 00:00:00,Fraud allegations in media
WL001458,Entity,,ENT007681,Sanctions-like,Global Restricted Parties List (fictional),2015-04-11 00:00:00,Asset freeze
WL001459,Individual,IND0000904,,Sanctions-like,Global Restricted Parties List (fictional),2025-11-21 00:00:00,Asset freeze
WL001460,Entity,,ENT003481,PEP-like,Politically Exposed Persons Register (fictional),2021-12-13 00:00:00,Senior public function
WL001461,Individual,IND0017167,,PEP-like,Politically Exposed Persons Register (fictional),2021-08-19 00:00:00,Senior public function
WL001462,Individual,IND0037029,,Sanctions-like,Global Restricted Parties List (fictional),2017-03-13 00:00:00,Asset freeze
WL001463,Individual,IND0052224,,Adverse media-like,Adverse Media Index (fictional),2025-06-06 00:00:00,Fraud allegations in media
WL001464,Individual,IND0043204,,Adverse media-like,Adverse Media Index (fictional),2016-09-29 00:00:00,Fraud allegations in media
WL001465,Individual,IND0028058,,PEP-like,Politically Exposed Persons Register (fictional),2025-07-28 00:00:00,Senior public function
WL001466,Entity,,ENT009008,Sanctions-like,Global Restricted Parties List (fictional),2023-10-12 00:00:00,Asset freeze
WL001467,Individual,IND0045305,,PEP-like,Politically Exposed Persons Register (fictional),2015-03-23 00:00:00,Senior public function
WL001468,Entity,,ENT002118,Adverse media-like,Adverse Media Index (fictional),2019-07-23 00:00:00,Fraud allegations in media
WL001469,Entity,,ENT000339,PEP-like,Politically Exposed Persons Register (fictional),2023-12-09 00:00:00,Senior public function
WL001470,Entity,,ENT001693,Adverse media-like,Adverse Media Index (fictional),2026-03-09 00:00:00,Fraud allegations in media
WL001471,Entity,,ENT000728,Adverse media-like,Adverse Media Index (fictional),2016-07-25 00:00:00,Fraud allegations in media
WL001472,Individual,IND0057370,,Sanctions-like,Global Restricted Parties List (fictional),2015-01-23 00:00:00,Asset freeze
WL001473,Entity,,ENT005026,Adverse media-like,Adverse Media Index (fictional),2018-08-31 00:00:00,Fraud allegations in media
WL001474,Entity,,ENT003335,Adverse media-like,Adverse Media Index (fictional),2024-09-01 00:00:00,Fraud allegations in media
WL001475,Individual,IND0000295,,Sanctions-like,Global Restricted Parties List (fictional),2022-01-22 00:00:00,Asset freeze
WL001476,Entity,,ENT000279,Adverse media-like,Adverse Media Index (fictional),2020-07-08 00:00:00,Fraud allegations in media
WL001477,Individual,IND0001322,,Adverse media-like,Adverse Media Index (fictional),2018-03-08 00:00:00,Fraud allegations in media
WL001478,Individual,IND0054268,,PEP-like,Politically Exposed Persons Register (fictional),2019-11-04 00:00:00,Senior public function
WL001479,Individual,IND0023426,,Adverse media-like,Adverse Media Index (fictional),2023-05-16 00:00:00,Fraud allegations in media
WL001480,Individual,IND0015320,,Sanctions-like,Global Restricted Parties List (fictional),2016-09-19 00:00:00,Asset freeze
WL001481,Entity,,ENT005581,Adverse media-like,Adverse Media Index (fictional),2019-12-31 00:00:00,Fraud allegations in media
WL001482,Entity,,ENT005076,Law enforcement-like,Regional Enforcement Bulletin (fictional),2019-03-13 00:00:00,Under investigation
WL001483,Entity,,ENT007880,PEP-like,Politically Exposed Persons Register (fictional),2023-04-18 00:00:00,Senior public function
WL001484,Individual,IND0032624,,Adverse media-like,Adverse Media Index (fictional),2016-04-15 00:00:00,Fraud allegations in media
WL001485,Individual,IND0014021,,PEP-like,Politically Exposed Persons Register (fictional),2021-04-19 00:00:00,Senior public function
WL001486,Individual,IND0014021,,Sanctions-like,Global Restricted Parties List (fictional),2022-03-26 00:00:00,Asset freeze
WL001487,Individual,IND0004711,,Law enforcement-like,Regional Enforcement Bulletin (fictional),2023-05-08 00:00:00,Under investigation
WL001488,Entity,,ENT008340,Sanctions-like,Global Restricted Parties List (fictional),2023-06-18 00:00:00,Asset freeze
WL001489,Entity,,ENT000154,Law enforcement-like,Regional Enforcement Bulletin (fictional),2020-10-30 00:00:00,Under investigation
WL001490,Entity,,ENT006747,PEP-like,Politically Exposed Persons Register (fictional),2019-06-30 00:00:00,Senior public function
WL001491,Entity,,ENT007386,PEP-like,Politically Exposed Persons Register (fictional),2020-08-10 00:00:00,Senior public function
WL001492,Individual,IND0038104,,Adverse media-like,Adverse Media Index (fictional),2026-05-11 00:00:00,Fraud allegations in media
WL001493,Individual,IND0057606,,Sanctions-like,Global Restricted Parties List (fictional),2020-07-17 00:00:00,Asset freeze
WL001494,Entity,,ENT002584,PEP-like,Politically Exposed Persons Register (fictional),2025-03-24 00:00:00,Senior public function
WL001495,Entity,,ENT005009,Adverse media-like,Adverse Media Index (fictional),2024-09-12 00:00:00,Fraud allegations in media
WL001496,Individual,IND0048605,,Adverse media-like,Adverse Media Index (fictional),2018-01-22 00:00:00,Fraud allegations in media
WL001497,Entity,,ENT008571,PEP-like,Politically Exposed Persons Register (fictional),2019-06-27 00:00:00,Senior public function
WL001498,Individual,IND0002725,,PEP-like,Politically Exposed Persons Register (fictional),2025-12-31 00:00:00,Senior public function
WL001499,Entity,,ENT000552,Sanctions-like,Global Restricted Parties List (fictional),2022-07-08 00:00:00,Asset freeze
WL001500,Entity,,ENT000072,Sanctions-like,Global Restricted Parties List (fictional),2021-06-28 00:00:00,Asset freeze
WL001501,Entity,,ENT001834,Sanctions-like,Global Restricted Parties List (fictional),2021-10-04 00:00:00,Asset freeze
WL001502,Individual,IND0056727,,Adverse media-like,Adverse Media Index (fictional),2015-08-10 00:00:00,Fraud allegations in media
WL001503,Individual,IND0004661,,Sanctions-like,Global Restricted Parties List (fictional),2019-12-03 00:00:00,Asset freeze
WL001504,Individual,IND0020676,,Law enforcement-like,Regional Enforcement Bulletin (fictional),2024-06-04 00:00:00,Under investigation
WL001505,Individual,IND0032664,,Adverse media-like,Adverse Media Index (fictional),2021-05-04 00:00:00,Fraud allegations in media
WL001506,Entity,,ENT005414,Sanctions-like,Global Restricted Parties List (fictional),2016-08-29 00:00:00,Asset freeze
WL001507,Entity,,ENT001961,Law enforcement-like,Regional Enforcement Bulletin (fictional),2016-01-22 00:00:00,Under investigation
WL001508,Entity,,ENT003504,PEP-like,Politically Exposed Persons Register (fictional),2019-11-02 00:00:00,Senior public function
WL001509,Entity,,ENT003482,Sanctions-like,Global Restricted Parties List (fictional),2017-11-16 00:00:00,Asset freeze
WL001510,Individual,IND0034488,,Adverse media-like,Adverse Media Index (fictional),2020-03-23 00:00:00,Fraud allegations in media
WL001511,Individual,IND0040244,,Law enforcement-like,Regional Enforcement Bulletin (fictional),2026-05-23 00:00:00,Under investigation
WL001512,Individual,IND0002686,,Sanctions-like,Global Restricted Parties List (fictional),2026-07-10 00:00:00,Asset freeze
WL001513,Individual,IND0038317,,PEP-like,Politically Exposed Persons Register (fictional),2021-12-06 00:00:00,Senior public function
WL001514,Individual,IND0009629,,Adverse media-like,Adverse Media Index (fictional),2024-09-20 00:00:00,Fraud allegations in media
WL001515,Individual,IND0012380,,Adverse media-like,Adverse Media Index (fictional),2023-07-18 00:00:00,Fraud allegations in media
WL001516,Individual,IND0017081,,Adverse media-like,Adverse Media Index (fictional),2021-10-07 00:00:00,Fraud allegations in media
WL001517,Individual,IND0009744,,Law enforcement-like,Regional Enforcement Bulletin (fictional),2016-05-17 00:00:00,Under investigation
WL001518,Individual,IND0025201,,PEP-like,Politically Exposed Persons Register (fictional),2022-07-08 00:00:00,Senior public function
WL001519,Individual,IND0022477,,Sanctions-like,Global Restricted Parties List (fictional),2016-06-16 00:00:00,Asset freeze
WL001520,Individual,IND0040702,,Adverse media-like,Adverse Media Index (fictional),2023-08-10 00:00:00,Fraud allegations in media
WL001521,Individual,IND0023857,,Sanctions-like,Global Restricted Parties List (fictional),2018-06-07 00:00:00,Asset freeze
WL001522,Individual,IND0044795,,PEP-like,Politically Exposed Persons Register (fictional),2015-01-26 00:00:00,Senior public function
WL001523,Entity,,ENT001106,Sanctions-like,Global Restricted Parties List (fictional),2020-04-02 00:00:00,Asset freeze
WL001524,Individual,IND0008088,,Law enforcement-like,Regional Enforcement Bulletin (fictional),2016-01-12 00:00:00,Under investigation
WL001525,Individual,IND0059785,,PEP-like,Politically Exposed Persons Register (fictional),2019-12-31 00:00:00,Senior public function
WL001526,Entity,,ENT004470,Adverse media-like,Adverse Media Index (fictional),2018-02-28 00:00:00,Fraud allegations in media
WL001527,Entity,,ENT003036,Sanctions-like,Global Restricted Parties List (fictional),2018-11-19 00:00:00,Asset freeze
WL001528,Individual,IND0031277,,PEP-like,Politically Exposed Persons Register (fictional),2016-04-19 00:00:00,Senior public function
WL001529,Entity,,ENT003967,Sanctions-like,Global Restricted Parties List (fictional),2016-08-25 00:00:00,Asset freeze
WL001530,Entity,,ENT002240,Sanctions-like,Global Restricted Parties List (fictional),2023-02-27 00:00:00,Asset freeze
WL001531,Individual,IND0052368,,Adverse media-like,Adverse Media Index (fictional),2022-11-15 00:00:00,Fraud allegations in media
WL001532,Entity,,ENT004571,Sanctions-like,Global Restricted Parties List (fictional),2023-06-16 00:00:00,Asset freeze
WL001533,Entity,,ENT008970,Adverse media-like,Adverse Media Index (fictional),2022-03-08 00:00:00,Fraud allegations in media
WL001534,Individual,IND0039629,,Adverse media-like,Adverse Media Index (fictional),2020-08-14 00:00:00,Fraud allegations in media
WL001535,Entity,,ENT002470,Law enforcement-like,Regional Enforcement Bulletin (fictional),2024-12-30 00:00:00,Under investigation
WL001536,Individual,IND0017060,,Sanctions-like,Global Restricted Parties List (fictional),2024-11-22 00:00:00,Asset freeze
WL001537,Entity,,ENT007373,Adverse media-like,Adverse Media Index (fictional),2024-11-07 00:00:00,Fraud allegations in media
WL001538,Entity,,ENT007915,Law enforcement-like,Regional Enforcement Bulletin (fictional),2021-02-08 00:00:00,Under investigation
WL001539,Individual,IND0048325,,Adverse media-like,Adverse Media Index (fictional),2019-07-02 00:00:00,Fraud allegations in media
WL001540,Individual,IND0015888,,Adverse media-like,Adverse Media Index (fictional),2016-07-06 00:00:00,Fraud allegations in media
WL001541,Individual,IND0035460,,PEP-like,Politically Exposed Persons Register (fictional),2025-11-07 00:00:00,Senior public function
WL001542,Entity,,ENT000828,Sanctions-like,Global Restricted Parties List (fictional),2016-04-07 00:00:00,Asset freeze
WL001543,Individual,IND0007761,,Law enforcement-like,Regional Enforcement Bulletin (fictional),2026-09-23 00:00:00,Under investigation
WL001544,Individual,IND0031599,,PEP-like,Politically Exposed Persons Register (fictional),2020-08-14 00:00:00,Senior public function
WL001545,Entity,,ENT004247,Adverse media-like,Adverse Media Index (fictional),2020-02-24 00:00:00,Fraud allegations in media
WL001546,Entity,,ENT008107,Adverse media-like,Adverse Media Index (fictional),2024-08-08 00:00:00,Fraud allegations in media
WL001547,Entity,,ENT002738,Adverse media-like,Adverse Media Index (fictional),2025-02-24 00:00:00,Fraud allegations in media
WL001548,Entity,,ENT002396,PEP-like,Politically Exposed Persons Register (fictional),2016-04-07 00:00:00,Senior public function
WL001549,Entity,,ENT009173,PEP-like,Politically Exposed Persons Register (fictional),2023-08-28 00:00:00,Senior public function
WL001550,Individual,IND0026212,,Adverse media-like,Adverse Media Index (fictional),2023-09-18 00:00:00,Fraud allegations in media
WL001551,Entity,,ENT000158,Sanctions-like,Global Restricted Parties List (fictional),2022-09-02 00:00:00,Asset freeze
WL001552,Individual,IND0002291,,Law enforcement-like,Regional Enforcement Bulletin (fictional),2020-10-22 00:00:00,Under investigation
WL001553,Entity,,ENT003085,PEP-like,Politically Exposed Persons Register (fictional),2015-05-04 00:00:00,Senior public function
WL001554,Entity,,ENT000171,Sanctions-like,Global Restricted Parties List (fictional),2021-01-21 00:00:00,Asset freeze
WL001555,Individual,IND0036520,,Sanctions-like,Global Restricted Parties List (fictional),2019-12-23 00:00:00,Asset freeze
WL001556,Individual,IND0025548,,PEP-like,Politically Exposed Persons Register (fictional),2015-08-06 00:00:00,Senior public function
WL001557,Individual,IND0026363,,Adverse media-like,Adverse Media Index (fictional),2024-06-28 00:00:00,Fraud allegations in media
WL001558,Individual,IND0025584,,Sanctions-like,Global Restricted Parties List (fictional),2025-04-29 00:00:00,Asset freeze
WL001559,Individual,IND0012529,,Law enforcement-like,Regional Enforcement Bulletin (fictional),2025-04-18 00:00:00,Under investigation
WL001560,Entity,,ENT002192,Sanctions-like,Global Restricted Parties List (fictional),2023-01-24 00:00:00,Asset freeze
WL001561,Individual,IND0034762,,Sanctions-like,Global Restricted Parties List (fictional),2023-10-23 00:00:00,Asset freeze
WL001562,Individual,IND0036148,,PEP-like,Politically Exposed Persons Register (fictional),2024-12-15 00:00:00,Senior public function
WL001563,Entity,,ENT002788,Sanctions-like,Global Restricted Parties List (fictional),2024-04-24 00:00:00,Asset freeze
WL001564,Individual,IND0047592,,Law enforcement-like,Regional Enforcement Bulletin (fictional),2019-07-04 00:00:00,Under investigation
WL001565,Entity,,ENT009822,PEP-like,Politically Exposed Persons Register (fictional),2021-10-22 00:00:00,Senior public function
WL001566,Individual,IND0007830,,PEP-like,Politically Exposed Persons Register (fictional),2020-04-20 00:00:00,Senior public function
WL001567,Individual,IND0030843,,PEP-like,Politically Exposed Persons Register (fictional),2018-02-27 00:00:00,Senior public function
WL001568,Entity,,ENT007982,Sanctions-like,Global Restricted Parties List (fictional),2015-12-10 00:00:00,Asset freeze
WL001569,Entity,,ENT003338,Sanctions-like,Global Restricted Parties List (fictional),2019-03-22 00:00:00,Asset freeze
WL001570,Individual,IND0030637,,Adverse media-like,Adverse Media Index (fictional),2021-08-05 00:00:00,Fraud allegations in media
WL001571,Entity,,ENT002174,Sanctions-like,Global Restricted Parties List (fictional),2021-03-03 00:00:00,Asset freeze
WL001572,Entity,,ENT000586,Sanctions-like,Global Restricted Parties List (fictional),2015-09-11 00:00:00,Asset freeze
WL001573,Individual,IND0006424,,Adverse media-like,Adverse Media Index (fictional),2021-11-02 00:00:00,Fraud allegations in media
WL001574,Individual,IND0016234,,Law enforcement-like,Regional Enforcement Bulletin (fictional),2024-08-16 00:00:00,Under investigation
WL001575,Individual,IND0007993,,Sanctions-like,Global Restricted Parties List (fictional),2015-06-22 00:00:00,Asset freeze
WL001576,Individual,IND0032016,,PEP-like,Politically Exposed Persons Register (fictional),2016-10-27 00:00:00,Senior public function
WL001577,Individual,IND0018131,,Adverse media-like,Adverse Media Index (fictional),2016-03-08 00:00:00,Fraud allegations in media
WL001578,Individual,IND0045878,,Adverse media-like,Adverse Media Index (fictional),2018-10-04 00:00:00,Fraud allegations in media
WL001579,Entity,,ENT001874,Adverse media-like,Adverse Media Index (fictional),2023-01-24 00:00:00,Fraud allegations in media
WL001580,Entity,,ENT007664,PEP-like,Politically Exposed Persons Register (fictional),2026-09-10 00:00:00,Senior public function
WL001581,Entity,,ENT006298,Sanctions-like,Global Restricted Parties List (fictional),2019-08-01 00:00:00,Asset freeze
WL001582,Individual,IND0008757,,PEP-like,Politically Exposed Persons Register (fictional),2023-06-26 00:00:00,Senior public function
WL001583,Individual,IND0005853,,Sanctions-like,Global Restricted Parties List (fictional),2015-02-09 00:00:00,Asset freeze
WL001584,Individual,IND0005946,,PEP-like,Politically Exposed Persons Register (fictional),2016-08-02 00:00:00,Senior public function
WL001585,Individual,IND0038579,,PEP-like,Politically Exposed Persons Register (fictional),2018-01-05 00:00:00,Senior public function
WL001586,Individual,IND0021848,,Law enforcement-like,Regional Enforcement Bulletin (fictional),2016-06-27 00:00:00,Under investigation
WL001587,Entity,,ENT008694,Law enforcement-like,Regional Enforcement Bulletin (fictional),2024-01-26 00:00:00,Under investigation
WL001588,Individual,IND0048682,,PEP-like,Politically Exposed Persons Register (fictional),2017-11-22 00:00:00,Senior public function
WL001589,Individual,IND0011680,,PEP-like,Politically Exposed Persons Register (fictional),2018-05-02 00:00:00,Senior public function
WL001590,Individual,IND0016559,,Sanctions-like,Global Restricted Parties List (fictional),2021-07-27 00:00:00,Asset freeze
WL001591,Entity,,ENT001604,PEP-like,Politically Exposed Persons Register (fictional),2015-05-17 00:00:00,Senior public function
WL001592,Entity,,ENT006996,PEP-like,Politically Exposed Persons Register (fictional),2018-02-19 00:00:00,Senior public function
WL001593,Individual,IND0030278,,Adverse media-like,Adverse Media Index (fictional),2020-07-10 00:00:00,Fraud allegations in media
WL001594,Entity,,ENT009428,PEP-like,Politically Exposed Persons Register (fictional),2024-04-10 00:00:00,Senior public function
WL001595,Entity,,ENT000426,Adverse media-like,Adverse Media Index (fictional),2025-01-17 00:00:00,Fraud allegations in media
WL001596,Individual,IND0003777,,Adverse media-like,Adverse Media Index (fictional),2016-05-18 00:00:00,Fraud allegations in media
WL001597,Entity,,ENT009811,PEP-like,Politically Exposed Persons Register (fictional),2022-11-14 00:00:00,Senior public function
WL001598,Entity,,ENT000073,Adverse media-like,Adverse Media Index (fictional),2018-07-13 00:00:00,Fraud allegations in media
WL001599,Individual,IND0051973,,PEP-like,Politically Exposed Persons Register (fictional),2018-09-12 00:00:00,Senior public function
WL001600,Individual,IND0058018,,Law enforcement-like,Regional Enforcement Bulletin (fictional),2016-03-07 00:00:00,Under investigation
WL001601,Entity,,ENT006913,Sanctions-like,Global Restricted Parties List (fictional),2023-05-11 00:00:00,Asset freeze
WL001602,Entity,,ENT009101,Law enforcement-like,Regional Enforcement Bulletin (fictional),2026-04-07 00:00:00,Under investigation
WL001603,Entity,,ENT005656,Adverse media-like,Adverse Media Index (fictional),2020-10-09 00:00:00,Fraud allegations in media
WL001604,Individual,IND0059578,,Adverse media-like,Adverse Media Index (fictional),2020-12-21 00:00:00,Fraud allegations in media
WL001605,Individual,IND0006677,,Adverse media-like,Adverse Media Index (fictional),2023-03-13 00:00:00,Fraud allegations in media
WL001606,Entity,,ENT002808,PEP-like,Politically Exposed Persons Register (fictional),2019-04-10 00:00:00,Senior public function
WL001607,Entity,,ENT001748,Adverse media-like,Adverse Media Index (fictional),2020-08-24 00:00:00,Fraud allegations in media
WL001608,Individual,IND0029145,,Adverse media-like,Adverse Media Index (fictional),2023-04-28 00:00:00,Fraud allegations in media
WL001609,Individual,IND0014671,,PEP-like,Politically Exposed Persons Register (fictional),2022-08-18 00:00:00,Senior public function
WL001610,Entity,,ENT005432,Adverse media-like,Adverse Media Index (fictional),2021-12-12 00:00:00,Fraud allegations in media
WL001611,Individual,IND0002226,,PEP-like,Politically Exposed Persons Register (fictional),2022-02-28 00:00:00,Senior public function
WL001612,Entity,,ENT008905,Sanctions-like,Global Restricted Parties List (fictional),2017-07-18 00:00:00,Asset freeze
WL001613,Entity,,ENT005864,PEP-like,Politically Exposed Persons Register (fictional),2026-06-10 00:00:00,Senior public function
WL001614,Individual,IND0000251,,Sanctions-like,Global Restricted Parties List (fictional),2018-12-26 00:00:00,Asset freeze
WL001615,Entity,,ENT008061,PEP-like,Politically Exposed Persons Register (fictional),2025-02-12 00:00:00,Senior public function
WL001616,Individual,IND0030045,,PEP-like,Politically Exposed Persons Register (fictional),2021-07-14 00:00:00,Senior public function
WL001617,Individual,IND0022399,,PEP-like,Politically Exposed Persons Register (fictional),2019-06-21 00:00:00,Senior public function
WL001618,Entity,,ENT005240,Adverse media-like,Adverse Media Index (fictional),2019-03-23 00:00:00,Fraud allegations in media
WL001619,Individual,IND0008739,,PEP-like,Politically Exposed Persons Register (fictional),2025-05-05 00:00:00,Senior public function
WL001620,Entity,,ENT005942,PEP-like,Politically Exposed Persons Register (fictional),2018-02-28 00:00:00,Senior public function
WL001621,Individual,IND0030339,,PEP-like,Politically Exposed Persons Register (fictional),2020-01-01 00:00:00,Senior public function
WL001622,Entity,,ENT002050,Sanctions-like,Global Restricted Parties List (fictional),2016-07-04 00:00:00,Asset freeze
WL001623,Individual,IND0005762,,Sanctions-like,Global Restricted Parties List (fictional),2024-06-03 00:00:00,Asset freeze
WL001624,Entity,,ENT008102,PEP-like,Politically Exposed Persons Register (fictional),2020-07-17 00:00:00,Senior public function
WL001625,Individual,IND0014225,,PEP-like,Politically Exposed Persons Register (fictional),2021-08-31 00:00:00,Senior public function
WL001626,Individual,IND0024406,,PEP-like,Politically Exposed Persons Register (fictional),2021-07-01 00:00:00,Senior public function
WL001627,Individual,IND0028950,,PEP-like,Politically Exposed Persons Register (fictional),2025-03-28 00:00:00,Senior public function
WL001628,Individual,IND0045637,,PEP-like,Politically Exposed Persons Register (fictional),2024-07-25 00:00:00,Senior public function
WL001629,Entity,,ENT000731,Sanctions-like,Global Restricted Parties List (fictional),2015-03-13 00:00:00,Asset freeze
WL001630,Entity,,ENT005474,PEP-like,Politically Exposed Persons Register (fictional),2016-04-06 00:00:00,Senior public function
WL001631,Entity,,ENT008433,Sanctions-like,Global Restricted Parties List (fictional),2017-02-08 00:00:00,Asset freeze
WL001632,Entity,,ENT009442,Adverse media-like,Adverse Media Index (fictional),2017-02-10 00:00:00,Fraud allegations in media
WL001633,Entity,,ENT003943,Sanctions-like,Global Restricted Parties List (fictional),2021-04-13 00:00:00,Asset freeze
WL001634,Entity,,ENT002519,PEP-like,Politically Exposed Persons Register (fictional),2016-09-22 00:00:00,Senior public function
WL001635,Entity,,ENT009983,PEP-like,Politically Exposed Persons Register (fictional),2019-07-26 00:00:00,Senior public function
WL001636,Entity,,ENT007956,Sanctions-like,Global Restricted Parties List (fictional),2026-07-10 00:00:00,Asset freeze
WL001637,Individual,IND0056572,,Law enforcement-like,Regional Enforcement Bulletin (fictional),2020-10-30 00:00:00,Under investigation
WL001638,Entity,,ENT009839,Adverse media-like,Adverse Media Index (fictional),2017-06-29 00:00:00,Fraud allegations in media
WL001639,Entity,,ENT004927,PEP-like,Politically Exposed Persons Register (fictional),2025-01-06 00:00:00,Senior public function
WL001640,Individual,IND0038398,,Adverse media-like,Adverse Media Index (fictional),2020-01-27 00:00:00,Fraud allegations in media
WL001641,Individual,IND0002670,,Sanctions-like,Global Restricted Parties List (fictional),2023-09-15 00:00:00,Asset freeze
WL001642,Individual,IND0007782,,Adverse media-like,Adverse Media Index (fictional),2021-03-11 00:00:00,Fraud allegations in media
WL001643,Individual,IND0046242,,PEP-like,Politically Exposed Persons Register (fictional),2019-06-28 00:00:00,Senior public function
WL001644,Individual,IND0033618,,Law enforcement-like,Regional Enforcement Bulletin (fictional),2020-02-10 00:00:00,Under investigation
WL001645,Individual,IND0040825,,Adverse media-like,Adverse Media Index (fictional),2022-07-01 00:00:00,Fraud allegations in media
WL001646,Individual,IND0033444,,PEP-like,Politically Exposed Persons Register (fictional),2016-12-05 00:00:00,Senior public function
WL001647,Individual,IND0034957,,Adverse media-like,Adverse Media Index (fictional),2025-01-30 00:00:00,Fraud allegations in media
WL001648,Entity,,ENT002283,Law enforcement-like,Regional Enforcement Bulletin (fictional),2022-08-12 00:00:00,Under investigation
WL001649,Entity,,ENT003467,Law enforcement-like,Regional Enforcement Bulletin (fictional),2023-03-03 00:00:00,Under investigation
WL001650,Entity,,ENT005241,Sanctions-like,Global Restricted Parties List (fictional),2019-01-21 00:00:00,Asset freeze
WL001651,Entity,,ENT006585,Sanctions-like,Global Restricted Parties List (fictional),2018-05-29 00:00:00,Asset freeze
WL001652,Entity,,ENT009243,Adverse media-like,Adverse Media Index (fictional),2024-04-26 00:00:00,Fraud allegations in media
WL001653,Individual,IND0051656,,PEP-like,Politically Exposed Persons Register (fictional),2018-06-18 00:00:00,Senior public function
WL001654,Individual,IND0043635,,Sanctions-like,Global Restricted Parties List (fictional),2015-02-09 00:00:00,Asset freeze
WL001655,Individual,IND0012026,,Adverse media-like,Adverse Media Index (fictional),2015-06-27 00:00:00,Fraud allegations in media
WL001656,Individual,IND0049443,,PEP-like,Politically Exposed Persons Register (fictional),2024-02-27 00:00:00,Senior public function
WL001657,Entity,,ENT005642,PEP-like,Politically Exposed Persons Register (fictional),2017-08-15 00:00:00,Senior public function
WL001658,Individual,IND0059632,,PEP-like,Politically Exposed Persons Register (fictional),2015-07-06 00:00:00,Senior public function
WL001659,Individual,IND0018963,,Adverse media-like,Adverse Media Index (fictional),2016-02-08 00:00:00,Fraud allegations in media
WL001660,Individual,IND0019698,,Law enforcement-like,Regional Enforcement Bulletin (fictional),2022-09-16 00:00:00,Under investigation
WL001661,Individual,IND0027742,,Adverse media-like,Adverse Media Index (fictional),2023-09-01 00:00:00,Fraud allegations in media
WL001662,Individual,IND0015524,,Sanctions-like,Global Restricted Parties List (fictional),2026-08-10 00:00:00,Asset freeze
WL001663,Entity,,ENT009732,Adverse media-like,Adverse Media Index (fictional),2016-01-06 00:00:00,Fraud allegations in media
WL001664,Individual,IND0022130,,PEP-like,Politically Exposed Persons Register (fictional),2018-08-07 00:00:00,Senior public function
WL001665,Individual,IND0004426,,PEP-like,Politically Exposed Persons Register (fictional),2019-11-02 00:00:00,Senior public function
WL001666,Entity,,ENT001611,Adverse media-like,Adverse Media Index (fictional),2024-05-17 00:00:00,Fraud allegations in media
WL001667,Individual,IND0004280,,Adverse media-like,Adverse Media Index (fictional),2018-05-18 00:00:00,Fraud allegations in media
WL001668,Individual,IND0042939,,Adverse media-like,Adverse Media Index (fictional),2019-10-29 00:00:00,Fraud allegations in media
WL001669,Entity,,ENT001293,Adverse media-like,Adverse Media Index (fictional),2016-04-01 00:00:00,Fraud allegations in media
WL001670,Entity,,ENT005123,Law enforcement-like,Regional Enforcement Bulletin (fictional),2015-02-03 00:00:00,Under investigation
WL001671,Entity,,ENT000006,PEP-like,Politically Exposed Persons Register (fictional),2024-03-21 00:00:00,Senior public function
WL001672,Individual,IND0031746,,Adverse media-like,Adverse Media Index (fictional),2026-02-09 00:00:00,Fraud allegations in media
WL001673,Individual,IND0015355,,Law enforcement-like,Regional Enforcement Bulletin (fictional),2021-11-16 00:00:00,Under investigation
WL001674,Individual,IND0053367,,Adverse media-like,Adverse Media Index (fictional),2023-07-27 00:00:00,Fraud allegations in media
WL001675,Entity,,ENT005103,Law enforcement-like,Regional Enforcement Bulletin (fictional),2020-01-09 00:00:00,Under investigation
WL001676,Entity,,ENT000352,Adverse media-like,Adverse Media Index (fictional),2019-12-15 00:00:00,Fraud allegations in media
WL001677,Entity,,ENT003640,PEP-like,Politically Exposed Persons Register (fictional),2019-06-28 00:00:00,Senior public function
WL001678,Entity,,ENT007275,Adverse media-like,Adverse Media Index (fictional),2018-09-05 00:00:00,Fraud allegations in media
WL001679,Entity,,ENT007302,Sanctions-like,Global Restricted Parties List (fictional),2018-07-19 00:00:00,Asset freeze
WL001680,Entity,,ENT001823,Law enforcement-like,Regional Enforcement Bulletin (fictional),2023-04-27 00:00:00,Under investigation
WL001681,Individual,IND0049324,,Sanctions-like,Global Restricted Parties List (fictional),2015-09-21 00:00:00,Asset freeze
WL001682,Individual,IND0000715,,PEP-like,Politically Exposed Persons Register (fictional),2016-06-10 00:00:00,Senior public function
WL001683,Entity,,ENT008964,Law enforcement-like,Regional Enforcement Bulletin (fictional),2025-06-17 00:00:00,Under investigation
WL001684,Individual,IND0038236,,Adverse media-like,Adverse Media Index (fictional),2021-03-17 00:00:00,Fraud allegations in media
WL001685,Entity,,ENT004059,Sanctions-like,Global Restricted Parties List (fictional),2021-06-29 00:00:00,Asset freeze
WL001686,Individual,IND0045605,,Adverse media-like,Adverse Media Index (fictional),2023-03-06 00:00:00,Fraud allegations in media
WL001687,Entity,,ENT003615,PEP-like,Politically Exposed Persons Register (fictional),2022-04-18 00:00:00,Senior public function
WL001688,Individual,IND0003469,,Adverse media-like,Adverse Media Index (fictional),2019-05-23 00:00:00,Fraud allegations in media
WL001689,Individual,IND0029430,,Sanctions-like,Global Restricted Parties List (fictional),2024-07-29 00:00:00,Asset freeze
WL001690,Entity,,ENT009896,PEP-like,Politically Exposed Persons Register (fictional),2026-05-25 00:00:00,Senior public function
WL001691,Individual,IND0014480,,PEP-like,Politically Exposed Persons Register (fictional),2015-12-26 00:00:00,Senior public function
WL001692,Entity,,ENT008332,PEP-like,Politically Exposed Persons Register (fictional),2017-03-31 00:00:00,Senior public function
WL001693,Individual,IND0004054,,PEP-like,Politically Exposed Persons Register (fictional),2016-12-05 00:00:00,Senior public function
WL001694,Individual,IND0056764,,PEP-like,Politically Exposed Persons Register (fictional),2022-04-01 00:00:00,Senior public function
WL001695,Individual,IND0027143,,Sanctions-like,Global Restricted Parties List (fictional),2024-12-13 00:00:00,Asset freeze
WL001696,Individual,IND0038507,,PEP-like,Politically Exposed Persons Register (fictional),2023-04-28 00:00:00,Senior public function
WL001697,Individual,IND0053000,,Sanctions-like,Global Restricted Parties List (fictional),2024-06-18 00:00:00,Asset freeze
WL001698,Entity,,ENT001824,Law enforcement-like,Regional Enforcement Bulletin (fictional),2019-04-18 00:00:00,Under investigation
WL001699,Entity,,ENT003852,Sanctions-like,Global Restricted Parties List (fictional),2018-11-23 00:00:00,Asset freeze
WL001700,Entity,,ENT000868,Sanctions-like,Global Restricted Parties List (fictional),2019-08-30 00:00:00,Asset freeze
WL001701,Entity,,ENT001513,Sanctions-like,Global Restricted Parties List (fictional),2020-02-28 00:00:00,Asset freeze
WL001702,Individual,IND0025660,,PEP-like,Politically Exposed Persons Register (fictional),2019-09-20 00:00:00,Senior public function
WL001703,Entity,,ENT005726,Sanctions-like,Global Restricted Parties List (fictional),2025-12-10 00:00:00,Asset freeze
WL001704,Individual,IND0021972,,PEP-like,Politically Exposed Persons Register (fictional),2021-06-11 00:00:00,Senior public function
WL001705,Entity,,ENT001554,PEP-like,Politically Exposed Persons Register (fictional),2023-10-03 00:00:00,Senior public function
WL001706,Individual,IND0024257,,Law enforcement-like,Regional Enforcement Bulletin (fictional),2022-06-08 00:00:00,Under investigation
WL001707,Individual,IND0039820,,Adverse media-like,Adverse Media Index (fictional),2024-04-04 00:00:00,Fraud allegations in media
WL001708,Individual,IND0016977,,Law enforcement-like,Regional Enforcement Bulletin (fictional),2025-06-28 00:00:00,Under investigation
WL001709,Entity,,ENT000682,Sanctions-like,Global Restricted Parties List (fictional),2020-10-19 00:00:00,Asset freeze
WL001710,Individual,IND0046292,,PEP-like,Politically Exposed Persons Register (fictional),2018-05-21 00:00:00,Senior public function
WL001711,Entity,,ENT000642,Adverse media-like,Adverse Media Index (fictional),2019-12-20 00:00:00,Fraud allegations in media
WL001712,Individual,IND0016889,,PEP-like,Politically Exposed Persons Register (fictional),2015-01-22 00:00:00,Senior public function
WL001713,Individual,IND0017935,,PEP-like,Politically Exposed Persons Register (fictional),2022-02-24 00:00:00,Senior public function
WL001714,Individual,IND0038275,,Adverse media-like,Adverse Media Index (fictional),2025-10-06 00:00:00,Fraud allegations in media
WL001715,Individual,IND0042393,,Adverse media-like,Adverse Media Index (fictional),2022-06-03 00:00:00,Fraud allegations in media
WL001716,Individual,IND0011094,,PEP-like,Politically Exposed Persons Register (fictional),2018-02-23 00:00:00,Senior public function
WL001717,Entity,,ENT004578,Adverse media-like,Adverse Media Index (fictional),2025-05-14 00:00:00,Fraud allegations in media
WL001718,Individual,IND0016102,,PEP-like,Politically Exposed Persons Register (fictional),2018-01-23 00:00:00,Senior public function
WL001719,Entity,,ENT000146,Law enforcement-like,Regional Enforcement Bulletin (fictional),2016-02-22 00:00:00,Under investigation
WL001720,Individual,IND0055286,,Sanctions-like,Global Restricted Parties List (fictional),2026-09-14 00:00:00,Asset freeze
WL001721,Individual,IND0037438,,Adverse media-like,Adverse Media Index (fictional),2019-03-18 00:00:00,Fraud allegations in media
WL001722,Entity,,ENT002196,Adverse media-like,Adverse Media Index (fictional),2021-03-04 00:00:00,Fraud allegations in media
WL001723,Entity,,ENT000066,PEP-like,Politically Exposed Persons Register (fictional),2020-06-15 00:00:00,Senior public function
WL001724,Individual,IND0009042,,PEP-like,Politically Exposed Persons Register (fictional),2020-06-01 00:00:00,Senior public function
WL001725,Entity,,ENT008477,Sanctions-like,Global Restricted Parties List (fictional),2020-11-23 00:00:00,Asset freeze
WL001726,Individual,IND0015931,,Sanctions-like,Global Restricted Parties List (fictional),2026-03-02 00:00:00,Asset freeze
WL001727,Individual,IND0020484,,PEP-like,Politically Exposed Persons Register (fictional),2021-06-08 00:00:00,Senior public function
WL001728,Individual,IND0005349,,Adverse media-like,Adverse Media Index (fictional),2023-05-17 00:00:00,Fraud allegations in media
WL001729,Individual,IND0052972,,PEP-like,Politically Exposed Persons Register (fictional),2023-10-13 00:00:00,Senior public function
WL001730,Individual,IND0013005,,PEP-like,Politically Exposed Persons Register (fictional),2018-03-19 00:00:00,Senior public function
WL001731,Individual,IND0033553,,PEP-like,Politically Exposed Persons Register (fictional),2019-02-19 00:00:00,Senior public function
WL001732,Entity,,ENT003697,Adverse media-like,Adverse Media Index (fictional),2015-03-02 00:00:00,Fraud allegations in media
WL001733,Entity,,ENT004961,Adverse media-like,Adverse Media Index (fictional),2025-10-03 00:00:00,Fraud allegations in media
WL001734,Entity,,ENT005715,Adverse media-like,Adverse Media Index (fictional),2018-03-02 00:00:00,Fraud allegations in media
WL001735,Individual,IND0008585,,PEP-like,Politically Exposed Persons Register (fictional),2022-05-17 00:00:00,Senior public function
WL001736,Individual,IND0053032,,PEP-like,Politically Exposed Persons Register (fictional),2021-02-05 00:00:00,Senior public function
WL001737,Individual,IND0014837,,PEP-like,Politically Exposed Persons Register (fictional),2015-02-23 00:00:00,Senior public function
WL001738,Individual,IND0016825,,Sanctions-like,Global Restricted Parties List (fictional),2015-10-09 00:00:00,Asset freeze
WL001739,Entity,,ENT004932,Sanctions-like,Global Restricted Parties List (fictional),2017-10-23 00:00:00,Asset freeze
WL001740,Entity,,ENT009116,PEP-like,Politically Exposed Persons Register (fictional),2018-12-12 00:00:00,Senior public function
WL001741,Entity,,ENT009095,Law enforcement-like,Regional Enforcement Bulletin (fictional),2026-01-19 00:00:00,Under investigation
WL001742,Entity,,ENT006223,PEP-like,Politically Exposed Persons Register (fictional),2026-03-24 00:00:00,Senior public function
WL001743,Individual,IND0044383,,Adverse media-like,Adverse Media Index (fictional),2017-01-12 00:00:00,Fraud allegations in media
WL001744,Entity,,ENT001626,PEP-like,Politically Exposed Persons Register (fictional),2016-03-14 00:00:00,Senior public function
WL001745,Individual,IND0014369,,PEP-like,Politically Exposed Persons Register (fictional),2015-09-25 00:00:00,Senior public function
WL001746,Entity,,ENT006529,Sanctions-like,Global Restricted Parties List (fictional),2021-11-02 00:00:00,Asset freeze
WL001747,Entity,,ENT004575,PEP-like,Politically Exposed Persons Register (fictional),2025-10-06 00:00:00,Senior public function
WL001748,Individual,IND0016033,,PEP-like,Politically Exposed Persons Register (fictional),2018-07-06 00:00:00,Senior public function
WL001749,Entity,,ENT007656,Sanctions-like,Global Restricted Parties List (fictional),2020-07-23 00:00:00,Asset freeze
WL001750,Entity,,ENT007177,PEP-like,Politically Exposed Persons Register (fictional),2021-07-11 00:00:00,Senior public function
WL001751,Individual,IND0020230,,PEP-like,Politically Exposed Persons Register (fictional),2022-04-12 00:00:00,Senior public function
WL001752,Entity,,ENT002764,PEP-like,Politically Exposed Persons Register (fictional),2015-08-10 00:00:00,Senior public function
WL001753,Individual,IND0048870,,Adverse media-like,Adverse Media Index (fictional),2020-05-29 00:00:00,Fraud allegations in media
WL001754,Individual,IND0026565,,Sanctions-like,Global Restricted Parties List (fictional),2019-10-30 00:00:00,Asset freeze
WL001755,Individual,IND0013537,,PEP-like,Politically Exposed Persons Register (fictional),2017-12-06 00:00:00,Senior public function
WL001756,Entity,,ENT003382,Sanctions-like,Global Restricted Parties List (fictional),2022-12-28 00:00:00,Asset freeze
WL001757,Entity,,ENT000082,PEP-like,Politically Exposed Persons Register (fictional),2016-03-07 00:00:00,Senior public function
WL001758,Individual,IND0028372,,PEP-like,Politically Exposed Persons Register (fictional),2024-07-09 00:00:00,Senior public function
WL001759,Individual,IND0005380,,PEP-like,Politically Exposed Persons Register (fictional),2019-01-02 00:00:00,Senior public function
WL001760,Individual,IND0054287,,Adverse media-like,Adverse Media Index (fictional),2018-12-28 00:00:00,Fraud allegations in media
WL001761,Individual,IND0028963,,PEP-like,Politically Exposed Persons Register (fictional),2019-09-10 00:00:00,Senior public function
WL001762,Entity,,ENT008423,PEP-like,Politically Exposed Persons Register (fictional),2023-02-08 00:00:00,Senior public function
WL001763,Entity,,ENT001195,PEP-like,Politically Exposed Persons Register (fictional),2017-10-16 00:00:00,Senior public function
WL001764,Entity,,ENT005829,Sanctions-like,Global Restricted Parties List (fictional),2024-03-07 00:00:00,Asset freeze
WL001765,Entity,,ENT009566,PEP-like,Politically Exposed Persons Register (fictional),2015-04-13 00:00:00,Senior public function
WL001766,Individual,IND0039401,,Adverse media-like,Adverse Media Index (fictional),2019-08-16 00:00:00,Fraud allegations in media
WL001767,Individual,IND0024952,,Law enforcement-like,Regional Enforcement Bulletin (fictional),2023-09-22 00:00:00,Under investigation
WL001768,Entity,,ENT008893,Adverse media-like,Adverse Media Index (fictional),2016-11-23 00:00:00,Fraud allegations in media
WL001769,Individual,IND0019497,,PEP-like,Politically Exposed Persons Register (fictional),2019-12-23 00:00:00,Senior public function
WL001770,Individual,IND0018359,,PEP-like,Politically Exposed Persons Register (fictional),2016-02-08 00:00:00,Senior public function
WL001771,Entity,,ENT003170,PEP-like,Politically Exposed Persons Register (fictional),2015-02-12 00:00:00,Senior public function
WL001772,Individual,IND0033916,,PEP-like,Politically Exposed Persons Register (fictional),2019-02-19 00:00:00,Senior public function
WL001773,Entity,,ENT003583,PEP-like,Politically Exposed Persons Register (fictional),2020-10-06 00:00:00,Senior public function
WL001774,Individual,IND0022424,,Adverse media-like,Adverse Media Index (fictional),2026-08-31 00:00:00,Fraud allegations in media
WL001775,Entity,,ENT009921,PEP-like,Politically Exposed Persons Register (fictional),2024-09-18 00:00:00,Senior public function
WL001776,Individual,IND0057505,,Sanctions-like,Global Restricted Parties List (fictional),2021-10-08 00:00:00,Asset freeze
WL001777,Individual,IND0043238,,PEP-like,Politically Exposed Persons Register (fictional),2020-05-26 00:00:00,Senior public function
WL001778,Entity,,ENT008422,Adverse media-like,Adverse Media Index (fictional),2020-08-03 00:00:00,Fraud allegations in media
WL001779,Entity,,ENT008154,PEP-like,Politically Exposed Persons Register (fictional),2025-04-15 00:00:00,Senior public function
WL001780,Individual,IND0035320,,PEP-like,Politically Exposed Persons Register (fictional),2020-11-09 00:00:00,Senior public function
WL001781,Individual,IND0031458,,Adverse media-like,Adverse Media Index (fictional),2024-12-03 00:00:00,Fraud allegations in media
WL001782,Individual,IND0032866,,PEP-like,Politically Exposed Persons Register (fictional),2016-02-26 00:00:00,Senior public function
WL001783,Entity,,ENT009270,Sanctions-like,Global Restricted Parties List (fictional),2024-11-28 00:00:00,Asset freeze
WL001784,Individual,IND0018708,,Adverse media-like,Adverse Media Index (fictional),2020-05-22 00:00:00,Fraud allegations in media
WL001785,Individual,IND0055525,,Adverse media-like,Adverse Media Index (fictional),2020-01-02 00:00:00,Fraud allegations in media
WL001786,Entity,,ENT006082,Adverse media-like,Adverse Media Index (fictional),2022-09-28 00:00:00,Fraud allegations in media
WL001787,Individual,IND0039736,,PEP-like,Politically Exposed Persons Register (fictional),2015-12-04 00:00:00,Senior public function
WL001788,Individual,IND0033947,,Sanctions-like,Global Restricted Parties List (fictional),2021-01-05 00:00:00,Asset freeze
WL001789,Entity,,ENT002842,PEP-like,Politically Exposed Persons Register (fictional),2020-12-26 00:00:00,Senior public function
WL001790,Individual,IND0019900,,Law enforcement-like,Regional Enforcement Bulletin (fictional),2015-07-03 00:00:00,Under investigation
WL001791,Entity,,ENT005495,Adverse media-like,Adverse Media Index (fictional),2020-04-02 00:00:00,Fraud allegations in media
WL001792,Individual,IND0034966,,Sanctions-like,Global Restricted Parties List (fictional),2020-08-10 00:00:00,Asset freeze
WL001793,Entity,,ENT004621,PEP-like,Politically Exposed Persons Register (fictional),2016-05-10 00:00:00,Senior public function
WL001794,Individual,IND0008564,,Adverse media-like,Adverse Media Index (fictional),2017-05-05 00:00:00,Fraud allegations in media
WL001795,Individual,IND0020649,,PEP-like,Politically Exposed Persons Register (fictional),2020-10-09 00:00:00,Senior public function
WL001796,Individual,IND0009754,,Adverse media-like,Adverse Media Index (fictional),2018-12-10 00:00:00,Fraud allegations in media
WL001797,Entity,,ENT007227,Adverse media-like,Adverse Media Index (fictional),2022-11-17 00:00:00,Fraud allegations in media
WL001798,Individual,IND0003174,,Sanctions-like,Global Restricted Parties List (fictional),2025-06-18 00:00:00,Asset freeze
WL001799,Entity,,ENT005549,Law enforcement-like,Regional Enforcement Bulletin (fictional),2021-04-23 00:00:00,Under investigation
WL001800,Entity,,ENT008949,Sanctions-like,Global Restricted Parties List (fictional),2018-08-28 00:00:00,Asset freeze
WL001801,Entity,,ENT000257,Law enforcement-like,Regional Enforcement Bulletin (fictional),2016-11-04 00:00:00,Under investigation
WL001802,Individual,IND0018416,,Adverse media-like,Adverse Media Index (fictional),2025-03-17 00:00:00,Fraud allegations in media
WL001803,Individual,IND0053099,,Adverse media-like,Adverse Media Index (fictional),2021-12-20 00:00:00,Fraud allegations in media
WL001804,Entity,,ENT002350,Adverse media-like,Adverse Media Index (fictional),2019-03-08 00:00:00,Fraud allegations in media
WL001805,Entity,,ENT002844,Adverse media-like,Adverse Media Index (fictional),2015-11-24 00:00:00,Fraud allegations in media
WL001806,Entity,,ENT010000,PEP-like,Politically Exposed Persons Register (fictional),2022-05-19 00:00:00,Senior public function
WL001807,Individual,IND0004429,,PEP-like,Politically Exposed Persons Register (fictional),2020-09-04 00:00:00,Senior public function
WL001808,Individual,IND0059005,,PEP-like,Politically Exposed Persons Register (fictional),2022-07-28 00:00:00,Senior public function
WL001809,Individual,IND0049452,,PEP-like,Politically Exposed Persons Register (fictional),2026-02-23 00:00:00,Senior public function
WL001810,Individual,IND0017587,,Sanctions-like,Global Restricted Parties List (fictional),2015-01-29 00:00:00,Asset freeze
WL001811,Entity,,ENT009329,PEP-like,Politically Exposed Persons Register (fictional),2017-09-01 00:00:00,Senior public function
WL001812,Entity,,ENT005427,Law enforcement-like,Regional Enforcement Bulletin (fictional),2024-05-17 00:00:00,Under investigation
WL001813,Entity,,ENT003982,PEP-like,Politically Exposed Persons Register (fictional),2015-02-23 00:00:00,Senior public function
WL001814,Individual,IND0039154,,PEP-like,Politically Exposed Persons Register (fictional),2018-04-19 00:00:00,Senior public function
WL001815,Individual,IND0040283,,PEP-like,Politically Exposed Persons Register (fictional),2016-02-16 00:00:00,Senior public function
WL001816,Individual,IND0047525,,Law enforcement-like,Regional Enforcement Bulletin (fictional),2019-07-18 00:00:00,Under investigation
WL001817,Entity,,ENT003241,PEP-like,Politically Exposed Persons Register (fictional),2017-07-11 00:00:00,Senior public function
WL001818,Individual,IND0010696,,Sanctions-like,Global Restricted Parties List (fictional),2015-11-03 00:00:00,Asset freeze
WL001819,Individual,IND0050035,,PEP-like,Politically Exposed Persons Register (fictional),2016-06-30 00:00:00,Senior public function
WL001820,Entity,,ENT009091,Sanctions-like,Global Restricted Parties List (fictional),2020-01-27 00:00:00,Asset freeze
WL001821,Individual,IND0006224,,Adverse media-like,Adverse Media Index (fictional),2015-10-05 00:00:00,Fraud allegations in media
WL001822,Entity,,ENT005047,Sanctions-like,Global Restricted Parties List (fictional),2022-09-30 00:00:00,Asset freeze
WL001823,Entity,,ENT007109,Adverse media-like,Adverse Media Index (fictional),2019-09-13 00:00:00,Fraud allegations in media
WL001824,Individual,IND0045292,,PEP-like,Politically Exposed Persons Register (fictional),2024-02-12 00:00:00,Senior public function
WL001825,Entity,,ENT009874,Sanctions-like,Global Restricted Parties List (fictional),2017-10-20 00:00:00,Asset freeze
WL001826,Individual,IND0001654,,Sanctions-like,Global Restricted Parties List (fictional),2021-04-01 00:00:00,Asset freeze
WL001827,Entity,,ENT008478,Adverse media-like,Adverse Media Index (fictional),2021-03-02 00:00:00,Fraud allegations in media
WL001828,Individual,IND0056661,,Sanctions-like,Global Restricted Parties List (fictional),2017-03-20 00:00:00,Asset freeze
WL001829,Entity,,ENT009680,PEP-like,Politically Exposed Persons Register (fictional),2022-09-26 00:00:00,Senior public function
WL001830,Individual,IND0005870,,PEP-like,Politically Exposed Persons Register (fictional),2016-04-08 00:00:00,Senior public function
WL001831,Entity,,ENT009262,Sanctions-like,Global Restricted Parties List (fictional),2018-09-14 00:00:00,Asset freeze
WL001832,Individual,IND0031753,,PEP-like,Politically Exposed Persons Register (fictional),2018-08-31 00:00:00,Senior public function
WL001833,Individual,IND0018747,,PEP-like,Politically Exposed Persons Register (fictional),2016-11-25 00:00:00,Senior public function
WL001834,Individual,IND0003678,,Adverse media-like,Adverse Media Index (fictional),2018-04-09 00:00:00,Fraud allegations in media
WL001835,Individual,IND0049721,,PEP-like,Politically Exposed Persons Register (fictional),2026-04-03 00:00:00,Senior public function
WL001836,Individual,IND0026356,,Adverse media-like,Adverse Media Index (fictional),2019-10-22 00:00:00,Fraud allegations in media
WL001837,Entity,,ENT001429,PEP-like,Politically Exposed Persons Register (fictional),2022-06-25 00:00:00,Senior public function
WL001838,Individual,IND0054467,,Sanctions-like,Global Restricted Parties List (fictional),2026-06-05 00:00:00,Asset freeze
WL001839,Entity,,ENT005632,Adverse media-like,Adverse Media Index (fictional),2021-11-29 00:00:00,Fraud allegations in media
WL001840,Individual,IND0058518,,Law enforcement-like,Regional Enforcement Bulletin (fictional),2024-04-19 00:00:00,Under investigation
WL001841,Entity,,ENT001318,Law enforcement-like,Regional Enforcement Bulletin (fictional),2025-10-27 00:00:00,Under investigation
WL001842,Individual,IND0019872,,PEP-like,Politically Exposed Persons Register (fictional),2024-10-03 00:00:00,Senior public function
WL001843,Individual,IND0048840,,PEP-like,Politically Exposed Persons Register (fictional),2017-10-20 00:00:00,Senior public function
WL001844,Entity,,ENT006038,Adverse media-like,Adverse Media Index (fictional),2026-03-02 00:00:00,Fraud allegations in media
WL001845,Entity,,ENT004104,PEP-like,Politically Exposed Persons Register (fictional),2020-09-17 00:00:00,Senior public function
WL001846,Entity,,ENT005194,Sanctions-like,Global Restricted Parties List (fictional),2021-07-02 00:00:00,Asset freeze
WL001847,Individual,IND0003076,,Law enforcement-like,Regional Enforcement Bulletin (fictional),2025-06-27 00:00:00,Under investigation
WL001848,Individual,IND0055568,,PEP-like,Politically Exposed Persons Register (fictional),2022-11-16 00:00:00,Senior public function
WL001849,Individual,IND0026592,,PEP-like,Politically Exposed Persons Register (fictional),2021-09-24 00:00:00,Senior public function
WL001850,Entity,,ENT004104,Adverse media-like,Adverse Media Index (fictional),2024-06-18 00:00:00,Fraud allegations in media
WL001851,Individual,IND0019981,,Sanctions-like,Global Restricted Parties List (fictional),2022-11-01 00:00:00,Asset freeze
WL001852,Entity,,ENT007895,PEP-like,Politically Exposed Persons Register (fictional),2022-02-04 00:00:00,Senior public function
WL001853,Individual,IND0040687,,Adverse media-like,Adverse Media Index (fictional),2021-04-26 00:00:00,Fraud allegations in media
WL001854,Individual,IND0044395,,Sanctions-like,Global Restricted Parties List (fictional),2021-12-22 00:00:00,Asset freeze
WL001855,Individual,IND0019548,,PEP-like,Politically Exposed Persons Register (fictional),2015-04-17 00:00:00,Senior public function
WL001856,Entity,,ENT006089,Adverse media-like,Adverse Media Index (fictional),2020-06-29 00:00:00,Fraud allegations in media
WL001857,Entity,,ENT002069,Adverse media-like,Adverse Media Index (fictional),2021-04-26 00:00:00,Fraud allegations in media
WL001858,Individual,IND0050286,,Sanctions-like,Global Restricted Parties List (fictional),2024-09-06 00:00:00,Asset freeze
WL001859,Individual,IND0032155,,PEP-like,Politically Exposed Persons Register (fictional),2019-08-31 00:00:00,Senior public function
WL001860,Individual,IND0058944,,PEP-like,Politically Exposed Persons Register (fictional),2024-02-23 00:00:00,Senior public function
WL001861,Entity,,ENT000428,Sanctions-like,Global Restricted Parties List (fictional),2026-05-21 00:00:00,Asset freeze
WL001862,Individual,IND0055257,,PEP-like,Politically Exposed Persons Register (fictional),2020-04-13 00:00:00,Senior public function
WL001863,Individual,IND0023196,,Sanctions-like,Global Restricted Parties List (fictional),2020-04-15 00:00:00,Asset freeze
WL001864,Entity,,ENT009019,Sanctions-like,Global Restricted Parties List (fictional),2022-10-18 00:00:00,Asset freeze
WL001865,Individual,IND0036021,,Sanctions-like,Global Restricted Parties List (fictional),2018-01-22 00:00:00,Asset freeze
WL001866,Entity,,ENT002809,PEP-like,Politically Exposed Persons Register (fictional),2025-07-15 00:00:00,Senior public function
WL001867,Individual,IND0057129,,PEP-like,Politically Exposed Persons Register (fictional),2022-01-21 00:00:00,Senior public function
WL001868,Individual,IND0012282,,Adverse media-like,Adverse Media Index (fictional),2020-02-11 00:00:00,Fraud allegations in media
WL001869,Individual,IND0012497,,PEP-like,Politically Exposed Persons Register (fictional),2022-09-09 00:00:00,Senior public function
WL001870,Individual,IND0040827,,Sanctions-like,Global Restricted Parties List (fictional),2017-02-21 00:00:00,Asset freeze
WL001871,Individual,IND0041187,,Adverse media-like,Adverse Media Index (fictional),2023-04-28 00:00:00,Fraud allegations in media
WL001872,Individual,IND0022053,,Adverse media-like,Adverse Media Index (fictional),2026-06-01 00:00:00,Fraud allegations in media
WL001873,Individual,IND0053612,,PEP-like,Politically Exposed Persons Register (fictional),2025-12-31 00:00:00,Senior public function
WL001874,Entity,,ENT002256,Adverse media-like,Adverse Media Index (fictional),2022-07-29 00:00:00,Fraud allegations in media
WL001875,Individual,IND0023861,,Adverse media-like,Adverse Media Index (fictional),2023-10-20 00:00:00,Fraud allegations in media
WL001876,Entity,,ENT007858,PEP-like,Politically Exposed Persons Register (fictional),2026-05-01 00:00:00,Senior public function
WL001877,Entity,,ENT007429,PEP-like,Politically Exposed Persons Register (fictional),2016-11-11 00:00:00,Senior public function
WL001878,Individual,IND0039416,,Adverse media-like,Adverse Media Index (fictional),2015-09-02 00:00:00,Fraud allegations in media
WL001879,Entity,,ENT003908,Sanctions-like,Global Restricted Parties List (fictional),2023-09-04 00:00:00,Asset freeze
WL001880,Individual,IND0028308,,Adverse media-like,Adverse Media Index (fictional),2018-03-16 00:00:00,Fraud allegations in media
WL001881,Individual,IND0052786,,Adverse media-like,Adverse Media Index (fictional),2017-02-17 00:00:00,Fraud allegations in media
WL001882,Individual,IND0044107,,Sanctions-like,Global Restricted Parties List (fictional),2026-04-24 00:00:00,Asset freeze
WL001883,Individual,IND0015182,,PEP-like,Politically Exposed Persons Register (fictional),2019-04-10 00:00:00,Senior public function
WL001884,Individual,IND0013801,,PEP-like,Politically Exposed Persons Register (fictional),2019-05-23 00:00:00,Senior public function
WL001885,Individual,IND0002696,,Law enforcement-like,Regional Enforcement Bulletin (fictional),2021-03-10 00:00:00,Under investigation
WL001886,Individual,IND0041333,,PEP-like,Politically Exposed Persons Register (fictional),2015-06-09 00:00:00,Senior public function
WL001887,Individual,IND0044578,,Sanctions-like,Global Restricted Parties List (fictional),2015-12-04 00:00:00,Asset freeze
WL001888,Entity,,ENT009193,Adverse media-like,Adverse Media Index (fictional),2018-02-09 00:00:00,Fraud allegations in media
WL001889,Individual,IND0047078,,Adverse media-like,Adverse Media Index (fictional),2023-11-13 00:00:00,Fraud allegations in media
WL001890,Individual,IND0052415,,PEP-like,Politically Exposed Persons Register (fictional),2019-05-23 00:00:00,Senior public function
WL001891,Individual,IND0026208,,PEP-like,Politically Exposed Persons Register (fictional),2026-02-01 00:00:00,Senior public function
WL001892,Individual,IND0002381,,Sanctions-like,Global Restricted Parties List (fictional),2015-10-12 00:00:00,Asset freeze
WL001893,Individual,IND0038593,,Sanctions-like,Global Restricted Parties List (fictional),2022-03-04 00:00:00,Asset freeze
WL001894,Individual,IND0043321,,Sanctions-like,Global Restricted Parties List (fictional),2023-07-21 00:00:00,Asset freeze
WL001895,Entity,,ENT008719,Adverse media-like,Adverse Media Index (fictional),2021-12-03 00:00:00,Fraud allegations in media
WL001896,Individual,IND0040411,,Sanctions-like,Global Restricted Parties List (fictional),2024-06-19 00:00:00,Asset freeze
WL001897,Individual,IND0057024,,Sanctions-like,Global Restricted Parties List (fictional),2017-12-21 00:00:00,Asset freeze
WL001898,Individual,IND0028146,,PEP-like,Politically Exposed Persons Register (fictional),2024-08-29 00:00:00,Senior public function
WL001899,Entity,,ENT008981,Sanctions-like,Global Restricted Parties List (fictional),2022-08-10 00:00:00,Asset freeze
WL001900,Individual,IND0033092,,PEP-like,Politically Exposed Persons Register (fictional),2019-02-26 00:00:00,Senior public function
WL001901,Entity,,ENT005824,PEP-like,Politically Exposed Persons Register (fictional),2020-11-05 00:00:00,Senior public function
WL001902,Entity,,ENT005228,Adverse media-like,Adverse Media Index (fictional),2024-08-09 00:00:00,Fraud allegations in media
WL001903,Individual,IND0055236,,PEP-like,Politically Exposed Persons Register (fictional),2021-09-07 00:00:00,Senior public function
WL001904,Individual,IND0004058,,Adverse media-like,Adverse Media Index (fictional),2021-09-06 00:00:00,Fraud allegations in media
WL001905,Individual,IND0017007,,PEP-like,Politically Exposed Persons Register (fictional),2024-11-06 00:00:00,Senior public function
WL001906,Individual,IND0033577,,Adverse media-like,Adverse Media Index (fictional),2018-05-09 00:00:00,Fraud allegations in media
WL001907,Individual,IND0036199,,Adverse media-like,Adverse Media Index (fictional),2018-05-12 00:00:00,Fraud allegations in media
WL001908,Entity,,ENT000966,Sanctions-like,Global Restricted Parties List (fictional),2024-04-26 00:00:00,Asset freeze
WL001909,Individual,IND0056293,,PEP-like,Politically Exposed Persons Register (fictional),2021-10-15 00:00:00,Senior public function
WL001910,Entity,,ENT005616,Adverse media-like,Adverse Media Index (fictional),2018-04-30 00:00:00,Fraud allegations in media
WL001911,Individual,IND0039302,,Sanctions-like,Global Restricted Parties List (fictional),2023-01-26 00:00:00,Asset freeze
WL001912,Entity,,ENT003500,Sanctions-like,Global Restricted Parties List (fictional),2022-06-21 00:00:00,Asset freeze
WL001913,Entity,,ENT008902,PEP-like,Politically Exposed Persons Register (fictional),2026-04-17 00:00:00,Senior public function
WL001914,Individual,IND0019322,,Sanctions-like,Global Restricted Parties List (fictional),2024-05-03 00:00:00,Asset freeze
WL001915,Entity,,ENT003328,Adverse media-like,Adverse Media Index (fictional),2017-11-03 00:00:00,Fraud allegations in media
WL001916,Entity,,ENT007440,Sanctions-like,Global Restricted Parties List (fictional),2017-04-14 00:00:00,Asset freeze
WL001917,Individual,IND0051061,,Adverse media-like,Adverse Media Index (fictional),2017-03-03 00:00:00,Fraud allegations in media
WL001918,Entity,,ENT005230,PEP-like,Politically Exposed Persons Register (fictional),2016-06-28 00:00:00,Senior public function
WL001919,Individual,IND0039474,,Adverse media-like,Adverse Media Index (fictional),2025-02-14 00:00:00,Fraud allegations in media
WL001920,Individual,IND0001202,,Law enforcement-like,Regional Enforcement Bulletin (fictional),2015-06-09 00:00:00,Under investigation
WL001921,Entity,,ENT004359,Sanctions-like,Global Restricted Parties List (fictional),2021-03-24 00:00:00,Asset freeze
WL001922,Individual,IND0050610,,Sanctions-like,Global Restricted Parties List (fictional),2021-04-26 00:00:00,Asset freeze
WL001923,Individual,IND0036043,,PEP-like,Politically Exposed Persons Register (fictional),2020-12-17 00:00:00,Senior public function
WL001924,Individual,IND0043561,,PEP-like,Politically Exposed Persons Register (fictional),2021-04-13 00:00:00,Senior public function
WL001925,Individual,IND0016525,,PEP-like,Politically Exposed Persons Register (fictional),2025-05-26 00:00:00,Senior public function
WL001926,Individual,IND0014284,,PEP-like,Politically Exposed Persons Register (fictional),2021-04-02 00:00:00,Senior public function
WL001927,Individual,IND0029627,,Sanctions-like,Global Restricted Parties List (fictional),2017-07-27 00:00:00,Asset freeze
WL001928,Entity,,ENT008118,PEP-like,Politically Exposed Persons Register (fictional),2019-05-17 00:00:00,Senior public function
WL001929,Individual,IND0059346,,Law enforcement-like,Regional Enforcement Bulletin (fictional),2021-01-17 00:00:00,Under investigation
WL001930,Individual,IND0024559,,PEP-like,Politically Exposed Persons Register (fictional),2024-09-20 00:00:00,Senior public function
WL001931,Individual,IND0006536,,PEP-like,Politically Exposed Persons Register (fictional),2019-06-07 00:00:00,Senior public function
WL001932,Individual,IND0043613,,Adverse media-like,Adverse Media Index (fictional),2018-08-08 00:00:00,Fraud allegations in media
WL001933,Entity,,ENT002409,Sanctions-like,Global Restricted Parties List (fictional),2023-02-06 00:00:00,Asset freeze
WL001934,Individual,IND0045829,,PEP-like,Politically Exposed Persons Register (fictional),2017-06-14 00:00:00,Senior public function
WL001935,Individual,IND0056576,,Law enforcement-like,Regional Enforcement Bulletin (fictional),2017-11-22 00:00:00,Under investigation
WL001936,Individual,IND0049213,,Sanctions-like,Global Restricted Parties List (fictional),2022-03-21 00:00:00,Asset freeze
WL001937,Entity,,ENT002747,Sanctions-like,Global Restricted Parties List (fictional),2023-08-29 00:00:00,Asset freeze
WL001938,Individual,IND0012408,,PEP-like,Politically Exposed Persons Register (fictional),2015-09-29 00:00:00,Senior public function
WL001939,Individual,IND0034709,,PEP-like,Politically Exposed Persons Register (fictional),2026-04-06 00:00:00,Senior public function
WL001940,Entity,,ENT002807,Law enforcement-like,Regional Enforcement Bulletin (fictional),2025-11-10 00:00:00,Under investigation
WL001941,Entity,,ENT004288,PEP-like,Politically Exposed Persons Register (fictional),2022-08-16 00:00:00,Senior public function
WL001942,Individual,IND0010882,,Adverse media-like,Adverse Media Index (fictional),2017-06-08 00:00:00,Fraud allegations in media
WL001943,Entity,,ENT006911,Adverse media-like,Adverse Media Index (fictional),2026-06-10 00:00:00,Fraud allegations in media
WL001944,Individual,IND0046181,,Sanctions-like,Global Restricted Parties List (fictional),2015-03-19 00:00:00,Asset freeze
WL001945,Individual,IND0016354,,Adverse media-like,Adverse Media Index (fictional),2021-06-15 00:00:00,Fraud allegations in media
WL001946,Entity,,ENT003801,Law enforcement-like,Regional Enforcement Bulletin (fictional),2023-01-17 00:00:00,Under investigation
WL001947,Entity,,ENT006749,Sanctions-like,Global Restricted Parties List (fictional),2017-10-02 00:00:00,Asset freeze
WL001948,Individual,IND0056000,,PEP-like,Politically Exposed Persons Register (fictional),2023-10-04 00:00:00,Senior public function
WL001949,Individual,IND0010184,,Adverse media-like,Adverse Media Index (fictional),2016-05-13 00:00:00,Fraud allegations in media
WL001950,Individual,IND0048856,,Adverse media-like,Adverse Media Index (fictional),2019-01-02 00:00:00,Fraud allegations in media
WL001951,Individual,IND0007150,,Sanctions-like,Global Restricted Parties List (fictional),2024-05-06 00:00:00,Asset freeze
WL001952,Individual,IND0014638,,PEP-like,Politically Exposed Persons Register (fictional),2023-03-15 00:00:00,Senior public function
WL001953,Individual,IND0051732,,Adverse media-like,Adverse Media Index (fictional),2024-04-26 00:00:00,Fraud allegations in media
WL001954,Individual,IND0028409,,Adverse media-like,Adverse Media Index (fictional),2019-05-02 00:00:00,Fraud allegations in media
WL001955,Individual,IND0054045,,Sanctions-like,Global Restricted Parties List (fictional),2020-04-15 00:00:00,Asset freeze
WL001956,Entity,,ENT004405,PEP-like,Politically Exposed Persons Register (fictional),2020-02-03 00:00:00,Senior public function
WL001957,Entity,,ENT007485,PEP-like,Politically Exposed Persons Register (fictional),2022-05-11 00:00:00,Senior public function
WL001958,Entity,,ENT008361,Adverse media-like,Adverse Media Index (fictional),2020-06-30 00:00:00,Fraud allegations in media
WL001959,Entity,,ENT007227,Law enforcement-like,Regional Enforcement Bulletin (fictional),2018-05-26 00:00:00,Under investigation
WL001960,Individual,IND0016289,,PEP-like,Politically Exposed Persons Register (fictional),2024-06-04 00:00:00,Senior public function
WL001961,Individual,IND0020365,,PEP-like,Politically Exposed Persons Register (fictional),2026-06-05 00:00:00,Senior public function
WL001962,Individual,IND0020307,,PEP-like,Politically Exposed Persons Register (fictional),2017-09-20 00:00:00,Senior public function
WL001963,Individual,IND0052902,,PEP-like,Politically Exposed Persons Register (fictional),2022-12-22 00:00:00,Senior public function
WL001964,Entity,,ENT000754,Adverse media-like,Adverse Media Index (fictional),2024-11-04 00:00:00,Fraud allegations in media
WL001965,Individual,IND0050753,,Adverse media-like,Adverse Media Index (fictional),2017-07-04 00:00:00,Fraud allegations in media
WL001966,Entity,,ENT000571,Sanctions-like,Global Restricted Parties List (fictional),2020-12-01 00:00:00,Asset freeze
WL001967,Individual,IND0039297,,Law enforcement-like,Regional Enforcement Bulletin (fictional),2016-11-24 00:00:00,Under investigation
WL001968,Individual,IND0036661,,Adverse media-like,Adverse Media Index (fictional),2019-09-27 00:00:00,Fraud allegations in media
WL001969,Individual,IND0049862,,Sanctions-like,Global Restricted Parties List (fictional),2025-11-12 00:00:00,Asset freeze
WL001970,Individual,IND0016684,,PEP-like,Politically Exposed Persons Register (fictional),2018-12-07 00:00:00,Senior public function
WL001971,Individual,IND0021491,,Adverse media-like,Adverse Media Index (fictional),2018-04-13 00:00:00,Fraud allegations in media
WL001972,Entity,,ENT004421,Adverse media-like,Adverse Media Index (fictional),2023-01-12 00:00:00,Fraud allegations in media
WL001973,Individual,IND0020360,,Sanctions-like,Global Restricted Parties List (fictional),2024-03-04 00:00:00,Asset freeze
WL001974,Entity,,ENT002175,Sanctions-like,Global Restricted Parties List (fictional),2015-02-16 00:00:00,Asset freeze
WL001975,Individual,IND0056096,,PEP-like,Politically Exposed Persons Register (fictional),2026-02-27 00:00:00,Senior public function
WL001976,Individual,IND0035392,,PEP-like,Politically Exposed Persons Register (fictional),2024-07-22 00:00:00,Senior public function
WL001977,Individual,IND0019114,,Adverse media-like,Adverse Media Index (fictional),2017-02-10 00:00:00,Fraud allegations in media
WL001978,Entity,,ENT000278,Adverse media-like,Adverse Media Index (fictional),2021-04-02 00:00:00,Fraud allegations in media
WL001979,Individual,IND0016622,,Sanctions-like,Global Restricted Parties List (fictional),2020-04-13 00:00:00,Asset freeze
WL001980,Entity,,ENT008627,Adverse media-like,Adverse Media Index (fictional),2025-08-11 00:00:00,Fraud allegations in media
WL001981,Individual,IND0059988,,PEP-like,Politically Exposed Persons Register (fictional),2021-01-05 00:00:00,Senior public function
WL001982,Individual,IND0043273,,PEP-like,Politically Exposed Persons Register (fictional),2024-10-10 00:00:00,Senior public function
WL001983,Individual,IND0016720,,Law enforcement-like,Regional Enforcement Bulletin (fictional),2022-01-31 00:00:00,Under investigation
WL001984,Individual,IND0027066,,Adverse media-like,Adverse Media Index (fictional),2024-03-14 00:00:00,Fraud allegations in media
WL001985,Individual,IND0040686,,Adverse media-like,Adverse Media Index (fictional),2018-12-26 00:00:00,Fraud allegations in media
WL001986,Individual,IND0016402,,Sanctions-like,Global Restricted Parties List (fictional),2024-02-26 00:00:00,Asset freeze
WL001987,Individual,IND0044978,,Sanctions-like,Global Restricted Parties List (fictional),2015-05-05 00:00:00,Asset freeze
WL001988,Entity,,ENT007055,PEP-like,Politically Exposed Persons Register (fictional),2016-03-14 00:00:00,Senior public function
WL001989,Individual,IND0022098,,PEP-like,Politically Exposed Persons Register (fictional),2017-02-22 00:00:00,Senior public function
WL001990,Entity,,ENT009059,Sanctions-like,Global Restricted Parties List (fictional),2022-06-09 00:00:00,Asset freeze
WL001991,Individual,IND0002616,,Sanctions-like,Global Restricted Parties List (fictional),2018-04-17 00:00:00,Asset freeze
WL001992,Individual,IND0025861,,PEP-like,Politically Exposed Persons Register (fictional),2023-01-13 00:00:00,Senior public function
WL001993,Individual,IND0016081,,Adverse media-like,Adverse Media Index (fictional),2015-02-16 00:00:00,Fraud allegations in media
WL001994,Individual,IND0039152,,Sanctions-like,Global Restricted Parties List (fictional),2022-01-31 00:00:00,Asset freeze
WL001995,Individual,IND0059148,,Sanctions-like,Global Restricted Parties List (fictional),2024-03-25 00:00:00,Asset freeze
WL001996,Individual,IND0009841,,Adverse media-like,Adverse Media Index (fictional),2020-08-20 00:00:00,Fraud allegations in media
WL001997,Individual,IND0035108,,PEP-like,Politically Exposed Persons Register (fictional),2015-12-04 00:00:00,Senior public function
WL001998,Entity,,ENT003556,PEP-like,Politically Exposed Persons Register (fictional),2021-12-02 00:00:00,Senior public function
WL001999,Entity,,ENT000506,Sanctions-like,Global Restricted Parties List (fictional),2021-08-04 00:00:00,Asset freeze
WL002000,Individual,IND0026424,,PEP-like,Politically Exposed Persons Register (fictional),2019-02-18 00:00:00,Senior public function
WL002001,Individual,IND0031551,,PEP-like,Politically Exposed Persons Register (fictional),2018-10-04 00:00:00,Senior public function
WL002002,Individual,IND0057266,,Adverse media-like,Adverse Media Index (fictional),2020-01-22 00:00:00,Fraud allegations in media
WL002003,Individual,IND0032621,,PEP-like,Politically Exposed Persons Register (fictional),2018-07-05 00:00:00,Senior public function
WL002004,Individual,IND0011906,,Adverse media-like,Adverse Media Index (fictional),2015-04-06 00:00:00,Fraud allegations in media
WL002005,Entity,,ENT008294,PEP-like,Politically Exposed Persons Register (fictional),2017-11-03 00:00:00,Senior public function
WL002006,Individual,IND0056420,,Sanctions-like,Global Restricted Parties List (fictional),2021-07-19 00:00:00,Asset freeze
WL002007,Individual,IND0012143,,Sanctions-like,Global Restricted Parties List (fictional),2025-02-24 00:00:00,Asset freeze
WL002008,Individual,IND0001276,,PEP-like,Politically Exposed Persons Register (fictional),2017-02-20 00:00:00,Senior public function
WL002009,Entity,,ENT004778,Sanctions-like,Global Restricted Parties List (fictional),2016-01-12 00:00:00,Asset freeze
WL002010,Individual,IND0039601,,PEP-like,Politically Exposed Persons Register (fictional),2026-06-01 00:00:00,Senior public function
WL002011,Individual,IND0052418,,PEP-like,Politically Exposed Persons Register (fictional),2023-09-16 00:00:00,Senior public function
WL002012,Individual,IND0013229,,Law enforcement-like,Regional Enforcement Bulletin (fictional),2020-10-22 00:00:00,Under investigation
WL002013,Entity,,ENT004810,Adverse media-like,Adverse Media Index (fictional),2016-11-21 00:00:00,Fraud allegations in media
WL002014,Individual,IND0009972,,Sanctions-like,Global Restricted Parties List (fictional),2025-06-13 00:00:00,Asset freeze
WL002015,Individual,IND0043371,,PEP-like,Politically Exposed Persons Register (fictional),2021-11-11 00:00:00,Senior public function
WL002016,Individual,IND0052285,,PEP-like,Politically Exposed Persons Register (fictional),2024-12-25 00:00:00,Senior public function
WL002017,Entity,,ENT000493,Law enforcement-like,Regional Enforcement Bulletin (fictional),2024-03-11 00:00:00,Under investigation
WL002018,Individual,IND0019009,,Law enforcement-like,Regional Enforcement Bulletin (fictional),2025-12-03 00:00:00,Under investigation
WL002019,Entity,,ENT002608,Sanctions-like,Global Restricted Parties List (fictional),2022-12-27 00:00:00,Asset freeze
WL002020,Entity,,ENT008346,PEP-like,Politically Exposed Persons Register (fictional),2017-01-30 00:00:00,Senior public function
WL002021,Individual,IND0004102,,PEP-like,Politically Exposed Persons Register (fictional),2018-07-13 00:00:00,Senior public function
WL002022,Entity,,ENT005742,PEP-like,Politically Exposed Persons Register (fictional),2017-06-22 00:00:00,Senior public function
WL002023,Individual,IND0046019,,Sanctions-like,Global Restricted Parties List (fictional),2026-04-07 00:00:00,Asset freeze
WL002024,Individual,IND0045000,,PEP-like,Politically Exposed Persons Register (fictional),2019-08-09 00:00:00,Senior public function
WL002025,Individual,IND0034873,,PEP-like,Politically Exposed Persons Register (fictional),2015-01-21 00:00:00,Senior public function
WL002026,Individual,IND0057097,,Adverse media-like,Adverse Media Index (fictional),2020-03-23 00:00:00,Fraud allegations in media
WL002027,Entity,,ENT004208,Adverse media-like,Adverse Media Index (fictional),2022-07-13 00:00:00,Fraud allegations in media
WL002028,Entity,,ENT009039,Sanctions-like,Global Restricted Parties List (fictional),2019-11-13 00:00:00,Asset freeze
WL002029,Individual,IND0057836,,Sanctions-like,Global Restricted Parties List (fictional),2023-07-28 00:00:00,Asset freeze
WL002030,Entity,,ENT009865,Sanctions-like,Global Restricted Parties List (fictional),2021-02-24 00:00:00,Asset freeze
WL002031,Entity,,ENT006048,Sanctions-like,Global Restricted Parties List (fictional),2019-03-15 00:00:00,Asset freeze
WL002032,Entity,,ENT002632,PEP-like,Politically Exposed Persons Register (fictional),2021-11-01 00:00:00,Senior public function
WL002033,Individual,IND0038679,,Law enforcement-like,Regional Enforcement Bulletin (fictional),2024-09-30 00:00:00,Under investigation
WL002034,Individual,IND0040664,,Law enforcement-like,Regional Enforcement Bulletin (fictional),2021-09-10 00:00:00,Under investigation
WL002035,Individual,IND0035975,,PEP-like,Politically Exposed Persons Register (fictional),2025-04-29 00:00:00,Senior public function
WL002036,Individual,IND0042738,,PEP-like,Politically Exposed Persons Register (fictional),2015-09-02 00:00:00,Senior public function
WL002037,Individual,IND0010056,,PEP-like,Politically Exposed Persons Register (fictional),2021-06-29 00:00:00,Senior public function
WL002038,Entity,,ENT004236,Adverse media-like,Adverse Media Index (fictional),2024-07-19 00:00:00,Fraud allegations in media
WL002039,Individual,IND0008780,,PEP-like,Politically Exposed Persons Register (fictional),2015-01-17 00:00:00,Senior public function
WL002040,Entity,,ENT005778,PEP-like,Politically Exposed Persons Register (fictional),2020-03-10 00:00:00,Senior public function
WL002041,Entity,,ENT006752,Adverse media-like,Adverse Media Index (fictional),2019-07-02 00:00:00,Fraud allegations in media
WL002042,Individual,IND0021098,,Sanctions-like,Global Restricted Parties List (fictional),2016-01-02 00:00:00,Asset freeze
WL002043,Individual,IND0018201,,Law enforcement-like,Regional Enforcement Bulletin (fictional),2016-11-16 00:00:00,Under investigation
WL002044,Entity,,ENT004758,Adverse media-like,Adverse Media Index (fictional),2024-06-03 00:00:00,Fraud allegations in media
WL002045,Entity,,ENT009418,Adverse media-like,Adverse Media Index (fictional),2026-06-04 00:00:00,Fraud allegations in media
WL002046,Entity,,ENT006337,PEP-like,Politically Exposed Persons Register (fictional),2015-01-09 00:00:00,Senior public function
WL002047,Entity,,ENT001779,PEP-like,Politically Exposed Persons Register (fictional),2019-12-17 00:00:00,Senior public function
WL002048,Entity,,ENT002989,Adverse media-like,Adverse Media Index (fictional),2026-04-02 00:00:00,Fraud allegations in media
WL002049,Individual,IND0032737,,PEP-like,Politically Exposed Persons Register (fictional),2018-08-14 00:00:00,Senior public function
WL002050,Individual,IND0015441,,Sanctions-like,Global Restricted Parties List (fictional),2025-03-24 00:00:00,Asset freeze
WL002051,Entity,,ENT007384,Law enforcement-like,Regional Enforcement Bulletin (fictional),2021-07-21 00:00:00,Under investigation
WL002052,Individual,IND0042190,,PEP-like,Politically Exposed Persons Register (fictional),2023-01-25 00:00:00,Senior public function
WL002053,Individual,IND0046812,,Adverse media-like,Adverse Media Index (fictional),2022-09-20 00:00:00,Fraud allegations in media
WL002054,Individual,IND0037017,,Adverse media-like,Adverse Media Index (fictional),2016-04-27 00:00:00,Fraud allegations in media
WL002055,Entity,,ENT007443,PEP-like,Politically Exposed Persons Register (fictional),2016-05-13 00:00:00,Senior public function
WL002056,Entity,,ENT008844,Sanctions-like,Global Restricted Parties List (fictional),2025-10-06 00:00:00,Asset freeze
WL002057,Entity,,ENT000662,PEP-like,Politically Exposed Persons Register (fictional),2023-09-04 00:00:00,Senior public function
WL002058,Individual,IND0057200,,Adverse media-like,Adverse Media Index (fictional),2018-11-16 00:00:00,Fraud allegations in media
WL002059,Entity,,ENT000971,Sanctions-like,Global Restricted Parties List (fictional),2021-07-05 00:00:00,Asset freeze
WL002060,Entity,,ENT006038,PEP-like,Politically Exposed Persons Register (fictional),2021-05-24 00:00:00,Senior public function
WL002061,Individual,IND0038398,,PEP-like,Politically Exposed Persons Register (fictional),2017-05-17 00:00:00,Senior public function
WL002062,Individual,IND0056682,,PEP-like,Politically Exposed Persons Register (fictional),2020-03-04 00:00:00,Senior public function
WL002063,Entity,,ENT006970,Sanctions-like,Global Restricted Parties List (fictional),2024-06-17 00:00:00,Asset freeze
WL002064,Individual,IND0059049,,Adverse media-like,Adverse Media Index (fictional),2025-04-17 00:00:00,Fraud allegations in media
WL002065,Individual,IND0007689,,Adverse media-like,Adverse Media Index (fictional),2016-11-28 00:00:00,Fraud allegations in media
WL002066,Individual,IND0040086,,Law enforcement-like,Regional Enforcement Bulletin (fictional),2016-04-22 00:00:00,Under investigation
WL002067,Entity,,ENT000373,PEP-like,Politically Exposed Persons Register (fictional),2026-09-28 00:00:00,Senior public function
WL002068,Individual,IND0015384,,PEP-like,Politically Exposed Persons Register (fictional),2020-05-15 00:00:00,Senior public function
WL002069,Entity,,ENT001714,PEP-like,Politically Exposed Persons Register (fictional),2015-04-07 00:00:00,Senior public function
WL002070,Entity,,ENT002628,Law enforcement-like,Regional Enforcement Bulletin (fictional),2024-01-12 00:00:00,Under investigation
WL002071,Entity,,ENT009757,Sanctions-like,Global Restricted Parties List (fictional),2016-01-11 00:00:00,Asset freeze
WL002072,Entity,,ENT001302,Sanctions-like,Global Restricted Parties List (fictional),2015-06-30 00:00:00,Asset freeze
WL002073,Individual,IND0012386,,PEP-like,Politically Exposed Persons Register (fictional),2022-08-31 00:00:00,Senior public function
WL002074,Individual,IND0010091,,PEP-like,Politically Exposed Persons Register (fictional),2015-09-08 00:00:00,Senior public function
WL002075,Individual,IND0040581,,Sanctions-like,Global Restricted Parties List (fictional),2024-07-05 00:00:00,Asset freeze
WL002076,Individual,IND0058363,,Sanctions-like,Global Restricted Parties List (fictional),2021-11-09 00:00:00,Asset freeze
WL002077,Entity,,ENT006240,PEP-like,Politically Exposed Persons Register (fictional),2019-02-18 00:00:00,Senior public function
WL002078,Entity,,ENT001203,Adverse media-like,Adverse Media Index (fictional),2015-03-20 00:00:00,Fraud allegations in media
WL002079,Entity,,ENT004781,PEP-like,Politically Exposed Persons Register (fictional),2024-10-07 00:00:00,Senior public function
WL002080,Individual,IND0030697,,Sanctions-like,Global Restricted Parties List (fictional),2023-10-31 00:00:00,Asset freeze
WL002081,Individual,IND0057690,,Sanctions-like,Global Restricted Parties List (fictional),2022-10-07 00:00:00,Asset freeze
WL002082,Entity,,ENT002524,PEP-like,Politically Exposed Persons Register (fictional),2016-12-05 00:00:00,Senior public function
WL002083,Individual,IND0054056,,Adverse media-like,Adverse Media Index (fictional),2018-03-15 00:00:00,Fraud allegations in media
WL002084,Individual,IND0013404,,PEP-like,Politically Exposed Persons Register (fictional),2017-10-13 00:00:00,Senior public function
WL002085,Individual,IND0005511,,PEP-like,Politically Exposed Persons Register (fictional),2023-09-02 00:00:00,Senior public function
WL002086,Individual,IND0011730,,PEP-like,Politically Exposed Persons Register (fictional),2024-08-25 00:00:00,Senior public function
WL002087,Entity,,ENT009054,Law enforcement-like,Regional Enforcement Bulletin (fictional),2016-10-24 00:00:00,Under investigation
WL002088,Individual,IND0014270,,PEP-like,Politically Exposed Persons Register (fictional),2026-01-02 00:00:00,Senior public function
WL002089,Individual,IND0040778,,Sanctions-like,Global Restricted Parties List (fictional),2022-08-11 00:00:00,Asset freeze
WL002090,Individual,IND0024797,,Adverse media-like,Adverse Media Index (fictional),2024-03-01 00:00:00,Fraud allegations in media
WL002091,Entity,,ENT004512,Sanctions-like,Global Restricted Parties List (fictional),2022-02-11 00:00:00,Asset freeze
WL002092,Individual,IND0026529,,Adverse media-like,Adverse Media Index (fictional),2026-08-20 00:00:00,Fraud allegations in media
WL002093,Entity,,ENT004704,Sanctions-like,Global Restricted Parties List (fictional),2018-01-09 00:00:00,Asset freeze
WL002094,Entity,,ENT005913,Adverse media-like,Adverse Media Index (fictional),2025-08-22 00:00:00,Fraud allegations in media
WL002095,Individual,IND0031688,,Sanctions-like,Global Restricted Parties List (fictional),2019-07-26 00:00:00,Asset freeze
WL002096,Individual,IND0037329,,PEP-like,Politically Exposed Persons Register (fictional),2020-10-12 00:00:00,Senior public function
WL002097,Individual,IND0048728,,PEP-like,Politically Exposed Persons Register (fictional),2017-02-22 00:00:00,Senior public function
WL002098,Entity,,ENT003453,PEP-like,Politically Exposed Persons Register (fictional),2025-02-20 00:00:00,Senior public function
WL002099,Individual,IND0009447,,PEP-like,Politically Exposed Persons Register (fictional),2018-12-05 00:00:00,Senior public function
WL002100,Entity,,ENT003064,Law enforcement-like,Regional Enforcement Bulletin (fictional),2024-05-10 00:00:00,Under investigation
WL002101,Individual,IND0017707,,PEP-like,Politically Exposed Persons Register (fictional),2018-12-17 00:00:00,Senior public function
WL002102,Entity,,ENT005237,PEP-like,Politically Exposed Persons Register (fictional),2020-04-20 00:00:00,Senior public function
WL002103,Individual,IND0025003,,Adverse media-like,Adverse Media Index (fictional),2021-05-07 00:00:00,Fraud allegations in media
WL002104,Individual,IND0038058,,Adverse media-like,Adverse Media Index (fictional),2018-10-08 00:00:00,Fraud allegations in media
WL002105,Entity,,ENT000242,PEP-like,Politically Exposed Persons Register (fictional),2025-07-30 00:00:00,Senior public function
WL002106,Individual,IND0025756,,Sanctions-like,Global Restricted Parties List (fictional),2023-11-20 00:00:00,Asset freeze
WL002107,Individual,IND0002295,,Sanctions-like,Global Restricted Parties List (fictional),2019-10-17 00:00:00,Asset freeze
WL002108,Entity,,ENT008664,PEP-like,Politically Exposed Persons Register (fictional),2024-04-29 00:00:00,Senior public function
WL002109,Entity,,ENT000269,Sanctions-like,Global Restricted Parties List (fictional),2018-03-23 00:00:00,Asset freeze
WL002110,Entity,,ENT005652,Adverse media-like,Adverse Media Index (fictional),2018-01-22 00:00:00,Fraud allegations in media
WL002111,Entity,,ENT001042,Adverse media-like,Adverse Media Index (fictional),2015-07-16 00:00:00,Fraud allegations in media
WL002112,Individual,IND0018360,,Adverse media-like,Adverse Media Index (fictional),2016-06-24 00:00:00,Fraud allegations in media
WL002113,Entity,,ENT001136,PEP-like,Politically Exposed Persons Register (fictional),2024-03-21 00:00:00,Senior public function
WL002114,Individual,IND0050767,,PEP-like,Politically Exposed Persons Register (fictional),2024-10-22 00:00:00,Senior public function
WL002115,Entity,,ENT005281,Adverse media-like,Adverse Media Index (fictional),2018-12-13 00:00:00,Fraud allegations in media
WL002116,Individual,IND0040224,,Law enforcement-like,Regional Enforcement Bulletin (fictional),2024-01-26 00:00:00,Under investigation
WL002117,Entity,,ENT002051,PEP-like,Politically Exposed Persons Register (fictional),2025-06-04 00:00:00,Senior public function
WL002118,Entity,,ENT005784,Sanctions-like,Global Restricted Parties List (fictional),2023-10-27 00:00:00,Asset freeze
WL002119,Individual,IND0047719,,Adverse media-like,Adverse Media Index (fictional),2019-01-19 00:00:00,Fraud allegations in media
WL002120,Entity,,ENT000001,Sanctions-like,Global Restricted Parties List (fictional),2018-10-18 00:00:00,Asset freeze
WL002121,Entity,,ENT007924,PEP-like,Politically Exposed Persons Register (fictional),2024-11-02 00:00:00,Senior public function
WL002122,Entity,,ENT000451,Adverse media-like,Adverse Media Index (fictional),2022-12-16 00:00:00,Fraud allegations in media
WL002123,Individual,IND0048212,,PEP-like,Politically Exposed Persons Register (fictional),2022-06-01 00:00:00,Senior public function
WL002124,Entity,,ENT009507,Law enforcement-like,Regional Enforcement Bulletin (fictional),2016-06-10 00:00:00,Under investigation
WL002125,Individual,IND0035825,,Sanctions-like,Global Restricted Parties List (fictional),2025-01-07 00:00:00,Asset freeze
WL002126,Entity,,ENT004368,Sanctions-like,Global Restricted Parties List (fictional),2023-08-07 00:00:00,Asset freeze
WL002127,Entity,,ENT004334,PEP-like,Politically Exposed Persons Register (fictional),2024-05-20 00:00:00,Senior public function
WL002128,Entity,,ENT008248,Sanctions-like,Global Restricted Parties List (fictional),2019-10-11 00:00:00,Asset freeze
WL002129,Individual,IND0052799,,PEP-like,Politically Exposed Persons Register (fictional),2026-04-26 00:00:00,Senior public function
WL002130,Entity,,ENT005201,PEP-like,Politically Exposed Persons Register (fictional),2015-02-05 00:00:00,Senior public function
WL002131,Individual,IND0050775,,PEP-like,Politically Exposed Persons Register (fictional),2019-01-23 00:00:00,Senior public function
WL002132,Individual,IND0007469,,Adverse media-like,Adverse Media Index (fictional),2020-03-20 00:00:00,Fraud allegations in media
WL002133,Individual,IND0051667,,Adverse media-like,Adverse Media Index (fictional),2023-12-22 00:00:00,Fraud allegations in media
WL002134,Individual,IND0055844,,PEP-like,Politically Exposed Persons Register (fictional),2026-09-08 00:00:00,Senior public function
WL002135,Individual,IND0054955,,PEP-like,Politically Exposed Persons Register (fictional),2017-04-18 00:00:00,Senior public function
WL002136,Individual,IND0033429,,PEP-like,Politically Exposed Persons Register (fictional),2016-05-18 00:00:00,Senior public function
WL002137,Entity,,ENT001633,Sanctions-like,Global Restricted Parties List (fictional),2015-11-04 00:00:00,Asset freeze
WL002138,Individual,IND0018804,,Sanctions-like,Global Restricted Parties List (fictional),2018-01-12 00:00:00,Asset freeze
WL002139,Individual,IND0028487,,PEP-like,Politically Exposed Persons Register (fictional),2016-09-27 00:00:00,Senior public function
WL002140,Individual,IND0015339,,Sanctions-like,Global Restricted Parties List (fictional),2015-05-20 00:00:00,Asset freeze
WL002141,Individual,IND0056504,,Sanctions-like,Global Restricted Parties List (fictional),2016-03-04 00:00:00,Asset freeze
WL002142,Entity,,ENT005004,Adverse media-like,Adverse Media Index (fictional),2015-02-02 00:00:00,Fraud allegations in media
WL002143,Entity,,ENT005299,PEP-like,Politically Exposed Persons Register (fictional),2024-04-17 00:00:00,Senior public function
WL002144,Individual,IND0017466,,Sanctions-like,Global Restricted Parties List (fictional),2024-03-27 00:00:00,Asset freeze
WL002145,Individual,IND0041839,,PEP-like,Politically Exposed Persons Register (fictional),2018-08-03 00:00:00,Senior public function
WL002146,Entity,,ENT005299,Adverse media-like,Adverse Media Index (fictional),2020-06-24 00:00:00,Fraud allegations in media
WL002147,Entity,,ENT004629,PEP-like,Politically Exposed Persons Register (fictional),2021-07-12 00:00:00,Senior public function
WL002148,Entity,,ENT003840,Adverse media-like,Adverse Media Index (fictional),2025-05-05 00:00:00,Fraud allegations in media
WL002149,Entity,,ENT003460,Adverse media-like,Adverse Media Index (fictional),2019-07-11 00:00:00,Fraud allegations in media
WL002150,Entity,,ENT003129,Sanctions-like,Global Restricted Parties List (fictional),2016-12-05 00:00:00,Asset freeze
WL002151,Entity,,ENT005296,PEP-like,Politically Exposed Persons Register (fictional),2022-02-14 00:00:00,Senior public function
WL002152,Individual,IND0026189,,Adverse media-like,Adverse Media Index (fictional),2022-06-20 00:00:00,Fraud allegations in media
WL002153,Individual,IND0006165,,Sanctions-like,Global Restricted Parties List (fictional),2024-11-22 00:00:00,Asset freeze
WL002154,Entity,,ENT003933,Adverse media-like,Adverse Media Index (fictional),2022-02-14 00:00:00,Fraud allegations in media
WL002155,Individual,IND0039779,,Law enforcement-like,Regional Enforcement Bulletin (fictional),2024-07-19 00:00:00,Under investigation
WL002156,Individual,IND0055197,,Sanctions-like,Global Restricted Parties List (fictional),2022-10-01 00:00:00,Asset freeze
WL002157,Individual,IND0047086,,PEP-like,Politically Exposed Persons Register (fictional),2019-03-14 00:00:00,Senior public function
WL002158,Individual,IND0033971,,PEP-like,Politically Exposed Persons Register (fictional),2015-10-04 00:00:00,Senior public function
WL002159,Individual,IND0003148,,Sanctions-like,Global Restricted Parties List (fictional),2018-05-31 00:00:00,Asset freeze
WL002160,Entity,,ENT001796,Adverse media-like,Adverse Media Index (fictional),2021-09-06 00:00:00,Fraud allegations in media
WL002161,Entity,,ENT008317,Sanctions-like,Global Restricted Parties List (fictional),2015-09-30 00:00:00,Asset freeze
WL002162,Entity,,ENT009057,Law enforcement-like,Regional Enforcement Bulletin (fictional),2018-06-22 00:00:00,Under investigation
WL002163,Entity,,ENT005304,Adverse media-like,Adverse Media Index (fictional),2025-07-21 00:00:00,Fraud allegations in media
WL002164,Individual,IND0018546,,Adverse media-like,Adverse Media Index (fictional),2019-12-02 00:00:00,Fraud allegations in media
WL002165,Entity,,ENT002405,Adverse media-like,Adverse Media Index (fictional),2025-02-19 00:00:00,Fraud allegations in media
WL002166,Individual,IND0010319,,PEP-like,Politically Exposed Persons Register (fictional),2021-04-26 00:00:00,Senior public function
WL002167,Entity,,ENT001410,Adverse media-like,Adverse Media Index (fictional),2022-12-27 00:00:00,Fraud allegations in media
WL002168,Individual,IND0046601,,PEP-like,Politically Exposed Persons Register (fictional),2018-06-01 00:00:00,Senior public function
WL002169,Entity,,ENT008415,PEP-like,Politically Exposed Persons Register (fictional),2023-11-21 00:00:00,Senior public function
WL002170,Entity,,ENT000247,Law enforcement-like,Regional Enforcement Bulletin (fictional),2019-02-19 00:00:00,Under investigation
WL002171,Individual,IND0045090,,Adverse media-like,Adverse Media Index (fictional),2021-09-27 00:00:00,Fraud allegations in media
WL002172,Entity,,ENT001823,PEP-like,Politically Exposed Persons Register (fictional),2026-01-30 00:00:00,Senior public function
WL002173,Entity,,ENT005153,Adverse media-like,Adverse Media Index (fictional),2026-09-17 00:00:00,Fraud allegations in media
WL002174,Entity,,ENT000950,Sanctions-like,Global Restricted Parties List (fictional),2020-07-20 00:00:00,Asset freeze
WL002175,Entity,,ENT003809,Sanctions-like,Global Restricted Parties List (fictional),2022-07-05 00:00:00,Asset freeze
WL002176,Individual,IND0013010,,PEP-like,Politically Exposed Persons Register (fictional),2026-07-31 00:00:00,Senior public function
WL002177,Entity,,ENT004860,PEP-like,Politically Exposed Persons Register (fictional),2017-05-04 00:00:00,Senior public function
WL002178,Entity,,ENT009897,Adverse media-like,Adverse Media Index (fictional),2018-04-05 00:00:00,Fraud allegations in media
WL002179,Entity,,ENT002584,Adverse media-like,Adverse Media Index (fictional),2023-10-18 00:00:00,Fraud allegations in media
WL002180,Individual,IND0015536,,Adverse media-like,Adverse Media Index (fictional),2021-12-30 00:00:00,Fraud allegations in media
WL002181,Entity,,ENT005552,Law enforcement-like,Regional Enforcement Bulletin (fictional),2018-04-03 00:00:00,Under investigation
WL002182,Individual,IND0042661,,Sanctions-like,Global Restricted Parties List (fictional),2019-06-24 00:00:00,Asset freeze
WL002183,Individual,IND0007185,,Sanctions-like,Global Restricted Parties List (fictional),2025-04-07 00:00:00,Asset freeze
WL002184,Individual,IND0049337,,Law enforcement-like,Regional Enforcement Bulletin (fictional),2021-09-17 00:00:00,Under investigation
WL002185,Entity,,ENT009444,Sanctions-like,Global Restricted Parties List (fictional),2016-04-17 00:00:00,Asset freeze
WL002186,Individual,IND0047719,,Sanctions-like,Global Restricted Parties List (fictional),2017-05-03 00:00:00,Asset freeze
WL002187,Individual,IND0043372,,PEP-like,Politically Exposed Persons Register (fictional),2025-06-27 00:00:00,Senior public function
WL002188,Individual,IND0012007,,Adverse media-like,Adverse Media Index (fictional),2016-02-22 00:00:00,Fraud allegations in media
WL002189,Entity,,ENT005477,Adverse media-like,Adverse Media Index (fictional),2023-03-06 00:00:00,Fraud allegations in media
WL002190,Entity,,ENT007904,Law enforcement-like,Regional Enforcement Bulletin (fictional),2019-06-19 00:00:00,Under investigation
WL002191,Individual,IND0048372,,Adverse media-like,Adverse Media Index (fictional),2016-07-28 00:00:00,Fraud allegations in media
WL002192,Individual,IND0007328,,PEP-like,Politically Exposed Persons Register (fictional),2019-06-26 00:00:00,Senior public function
WL002193,Entity,,ENT009983,Adverse media-like,Adverse Media Index (fictional),2026-02-19 00:00:00,Fraud allegations in media
WL002194,Individual,IND0044596,,PEP-like,Politically Exposed Persons Register (fictional),2020-03-04 00:00:00,Senior public function
WL002195,Individual,IND0006193,,PEP-like,Politically Exposed Persons Register (fictional),2026-05-05 00:00:00,Senior public function
WL002196,Entity,,ENT003248,Sanctions-like,Global Restricted Parties List (fictional),2025-05-21 00:00:00,Asset freeze
WL002197,Individual,IND0024345,,Adverse media-like,Adverse Media Index (fictional),2024-12-09 00:00:00,Fraud allegations in media
WL002198,Entity,,ENT009412,Adverse media-like,Adverse Media Index (fictional),2018-05-21 00:00:00,Fraud allegations in media
WL002199,Entity,,ENT004198,Adverse media-like,Adverse Media Index (fictional),2026-03-02 00:00:00,Fraud allegations in media
WL002200,Individual,IND0014393,,PEP-like,Politically Exposed Persons Register (fictional),2016-10-18 00:00:00,Senior public function
WL002201,Entity,,ENT000510,Adverse media-like,Adverse Media Index (fictional),2021-07-29 00:00:00,Fraud allegations in media
WL002202,Individual,IND0005628,,Sanctions-like,Global Restricted Parties List (fictional),2019-07-01 00:00:00,Asset freeze
WL002203,Entity,,ENT007354,PEP-like,Politically Exposed Persons Register (fictional),2022-12-27 00:00:00,Senior public function
WL002204,Entity,,ENT007650,PEP-like,Politically Exposed Persons Register (fictional),2020-11-02 00:00:00,Senior public function
WL002205,Individual,IND0013154,,Law enforcement-like,Regional Enforcement Bulletin (fictional),2016-02-26 00:00:00,Under investigation
WL002206,Individual,IND0053649,,Sanctions-like,Global Restricted Parties List (fictional),2017-02-03 00:00:00,Asset freeze
WL002207,Entity,,ENT005895,PEP-like,Politically Exposed Persons Register (fictional),2024-09-05 00:00:00,Senior public function
WL002208,Individual,IND0007533,,PEP-like,Politically Exposed Persons Register (fictional),2026-02-16 00:00:00,Senior public function
WL002209,Entity,,ENT009551,Adverse media-like,Adverse Media Index (fictional),2023-11-16 00:00:00,Fraud allegations in media
WL002210,Individual,IND0030200,,Adverse media-like,Adverse Media Index (fictional),2015-04-09 00:00:00,Fraud allegations in media
WL002211,Individual,IND0014288,,PEP-like,Politically Exposed Persons Register (fictional),2025-11-17 00:00:00,Senior public function
WL002212,Individual,IND0037942,,Sanctions-like,Global Restricted Parties List (fictional),2018-05-30 00:00:00,Asset freeze
WL002213,Individual,IND0037268,,Adverse media-like,Adverse Media Index (fictional),2019-06-07 00:00:00,Fraud allegations in media
WL002214,Individual,IND0017861,,PEP-like,Politically Exposed Persons Register (fictional),2016-10-14 00:00:00,Senior public function
WL002215,Individual,IND0018063,,PEP-like,Politically Exposed Persons Register (fictional),2017-02-16 00:00:00,Senior public function
WL002216,Entity,,ENT003493,Sanctions-like,Global Restricted Parties List (fictional),2024-06-03 00:00:00,Asset freeze
WL002217,Entity,,ENT007681,PEP-like,Politically Exposed Persons Register (fictional),2015-01-19 00:00:00,Senior public function
WL002218,Individual,IND0021254,,Law enforcement-like,Regional Enforcement Bulletin (fictional),2023-08-02 00:00:00,Under investigation
WL002219,Entity,,ENT005642,PEP-like,Politically Exposed Persons Register (fictional),2015-10-19 00:00:00,Senior public function
WL002220,Individual,IND0004161,,Sanctions-like,Global Restricted Parties List (fictional),2022-05-02 00:00:00,Asset freeze
WL002221,Individual,IND0047424,,Law enforcement-like,Regional Enforcement Bulletin (fictional),2021-04-10 00:00:00,Under investigation
WL002222,Individual,IND0019424,,PEP-like,Politically Exposed Persons Register (fictional),2019-01-21 00:00:00,Senior public function
WL002223,Individual,IND0010915,,Adverse media-like,Adverse Media Index (fictional),2025-10-01 00:00:00,Fraud allegations in media
WL002224,Entity,,ENT003532,PEP-like,Politically Exposed Persons Register (fictional),2019-03-29 00:00:00,Senior public function
WL002225,Individual,IND0054547,,Adverse media-like,Adverse Media Index (fictional),2017-10-02 00:00:00,Fraud allegations in media
WL002226,Individual,IND0054868,,Adverse media-like,Adverse Media Index (fictional),2026-06-29 00:00:00,Fraud allegations in media
WL002227,Individual,IND0039778,,Sanctions-like,Global Restricted Parties List (fictional),2023-03-24 00:00:00,Asset freeze
WL002228,Individual,IND0008076,,Sanctions-like,Global Restricted Parties List (fictional),2025-07-09 00:00:00,Asset freeze
WL002229,Entity,,ENT001215,Adverse media-like,Adverse Media Index (fictional),2019-01-04 00:00:00,Fraud allegations in media
WL002230,Individual,IND0013537,,Adverse media-like,Adverse Media Index (fictional),2016-01-01 00:00:00,Fraud allegations in media
WL002231,Entity,,ENT006618,Adverse media-like,Adverse Media Index (fictional),2024-01-10 00:00:00,Fraud allegations in media
WL002232,Individual,IND0046803,,Sanctions-like,Global Restricted Parties List (fictional),2026-06-08 00:00:00,Asset freeze
WL002233,Entity,,ENT000253,Adverse media-like,Adverse Media Index (fictional),2017-02-24 00:00:00,Fraud allegations in media
WL002234,Individual,IND0006679,,Sanctions-like,Global Restricted Parties List (fictional),2016-09-23 00:00:00,Asset freeze
WL002235,Individual,IND0046946,,PEP-like,Politically Exposed Persons Register (fictional),2017-08-02 00:00:00,Senior public function
WL002236,Individual,IND0025687,,PEP-like,Politically Exposed Persons Register (fictional),2024-04-13 00:00:00,Senior public function
WL002237,Entity,,ENT000385,PEP-like,Politically Exposed Persons Register (fictional),2022-02-25 00:00:00,Senior public function
WL002238,Individual,IND0014520,,PEP-like,Politically Exposed Persons Register (fictional),2015-06-30 00:00:00,Senior public function
WL002239,Individual,IND0016618,,PEP-like,Politically Exposed Persons Register (fictional),2018-07-18 00:00:00,Senior public function
WL002240,Individual,IND0026641,,PEP-like,Politically Exposed Persons Register (fictional),2015-08-13 00:00:00,Senior public function
WL002241,Individual,IND0048753,,Law enforcement-like,Regional Enforcement Bulletin (fictional),2019-03-18 00:00:00,Under investigation
WL002242,Individual,IND0041586,,Sanctions-like,Global Restricted Parties List (fictional),2020-10-27 00:00:00,Asset freeze
WL002243,Individual,IND0045435,,Sanctions-like,Global Restricted Parties List (fictional),2016-04-22 00:00:00,Asset freeze
WL002244,Individual,IND0010193,,Law enforcement-like,Regional Enforcement Bulletin (fictional),2023-01-05 00:00:00,Under investigation
WL002245,Entity,,ENT009962,Sanctions-like,Global Restricted Parties List (fictional),2024-11-23 00:00:00,Asset freeze
WL002246,Individual,IND0017793,,Adverse media-like,Adverse Media Index (fictional),2017-10-23 00:00:00,Fraud allegations in media
WL002247,Entity,,ENT007537,Sanctions-like,Global Restricted Parties List (fictional),2018-05-24 00:00:00,Asset freeze
WL002248,Entity,,ENT006724,Sanctions-like,Global Restricted Parties List (fictional),2021-07-02 00:00:00,Asset freeze
WL002249,Individual,IND0032501,,PEP-like,Politically Exposed Persons Register (fictional),2022-02-20 00:00:00,Senior public function
WL002250,Entity,,ENT006805,Adverse media-like,Adverse Media Index (fictional),2023-11-06 00:00:00,Fraud allegations in media
WL002251,Individual,IND0055389,,PEP-like,Politically Exposed Persons Register (fictional),2021-06-14 00:00:00,Senior public function
WL002252,Individual,IND0000430,,Sanctions-like,Global Restricted Parties List (fictional),2024-11-11 00:00:00,Asset freeze
WL002253,Entity,,ENT000459,Sanctions-like,Global Restricted Parties List (fictional),2024-07-15 00:00:00,Asset freeze
WL002254,Individual,IND0023178,,PEP-like,Politically Exposed Persons Register (fictional),2016-07-15 00:00:00,Senior public function
WL002255,Individual,IND0022218,,Adverse media-like,Adverse Media Index (fictional),2021-10-26 00:00:00,Fraud allegations in media
WL002256,Entity,,ENT007551,Adverse media-like,Adverse Media Index (fictional),2016-02-17 00:00:00,Fraud allegations in media
WL002257,Individual,IND0014232,,Adverse media-like,Adverse Media Index (fictional),2024-11-25 00:00:00,Fraud allegations in media
WL002258,Entity,,ENT002329,Adverse media-like,Adverse Media Index (fictional),2017-05-19 00:00:00,Fraud allegations in media
WL002259,Entity,,ENT008201,PEP-like,Politically Exposed Persons Register (fictional),2017-12-15 00:00:00,Senior public function
WL002260,Entity,,ENT000230,PEP-like,Politically Exposed Persons Register (fictional),2015-08-06 00:00:00,Senior public function
WL002261,Individual,IND0052285,,Sanctions-like,Global Restricted Parties List (fictional),2020-06-25 00:00:00,Asset freeze
WL002262,Entity,,ENT009255,Adverse media-like,Adverse Media Index (fictional),2016-08-15 00:00:00,Fraud allegations in media
WL002263,Individual,IND0049566,,Adverse media-like,Adverse Media Index (fictional),2024-01-03 00:00:00,Fraud allegations in media
WL002264,Individual,IND0046121,,PEP-like,Politically Exposed Persons Register (fictional),2026-03-09 00:00:00,Senior public function
WL002265,Individual,IND0024126,,Adverse media-like,Adverse Media Index (fictional),2017-09-01 00:00:00,Fraud allegations in media
WL002266,Entity,,ENT003802,Adverse media-like,Adverse Media Index (fictional),2025-02-19 00:00:00,Fraud allegations in media
WL002267,Entity,,ENT008961,PEP-like,Politically Exposed Persons Register (fictional),2018-02-01 00:00:00,Senior public function
WL002268,Entity,,ENT003314,PEP-like,Politically Exposed Persons Register (fictional),2022-07-29 00:00:00,Senior public function
WL002269,Entity,,ENT002994,Sanctions-like,Global Restricted Parties List (fictional),2020-12-30 00:00:00,Asset freeze
WL002270,Individual,IND0028031,,PEP-like,Politically Exposed Persons Register (fictional),2019-07-08 00:00:00,Senior public function
WL002271,Individual,IND0037207,,Adverse media-like,Adverse Media Index (fictional),2019-06-27 00:00:00,Fraud allegations in media
WL002272,Individual,IND0003914,,Sanctions-like,Global Restricted Parties List (fictional),2017-08-22 00:00:00,Asset freeze
WL002273,Individual,IND0028198,,Law enforcement-like,Regional Enforcement Bulletin (fictional),2022-05-09 00:00:00,Under investigation
WL002274,Individual,IND0028848,,Sanctions-like,Global Restricted Parties List (fictional),2026-05-31 00:00:00,Asset freeze
WL002275,Entity,,ENT007043,Adverse media-like,Adverse Media Index (fictional),2023-01-16 00:00:00,Fraud allegations in media
WL002276,Individual,IND0018520,,PEP-like,Politically Exposed Persons Register (fictional),2020-12-11 00:00:00,Senior public function
WL002277,Individual,IND0007297,,PEP-like,Politically Exposed Persons Register (fictional),2024-03-06 00:00:00,Senior public function
WL002278,Individual,IND0030428,,Adverse media-like,Adverse Media Index (fictional),2026-05-01 00:00:00,Fraud allegations in media
WL002279,Entity,,ENT001102,Law enforcement-like,Regional Enforcement Bulletin (fictional),2017-08-23 00:00:00,Under investigation
WL002280,Individual,IND0032038,,Sanctions-like,Global Restricted Parties List (fictional),2024-02-12 00:00:00,Asset freeze
WL002281,Individual,IND0022685,,Adverse media-like,Adverse Media Index (fictional),2026-01-19 00:00:00,Fraud allegations in media
WL002282,Individual,IND0030969,,Sanctions-like,Global Restricted Parties List (fictional),2019-04-29 00:00:00,Asset freeze
WL002283,Individual,IND0006803,,Adverse media-like,Adverse Media Index (fictional),2018-04-20 00:00:00,Fraud allegations in media
WL002284,Entity,,ENT004003,PEP-like,Politically Exposed Persons Register (fictional),2016-01-15 00:00:00,Senior public function
WL002285,Individual,IND0025005,,Adverse media-like,Adverse Media Index (fictional),2021-03-22 00:00:00,Fraud allegations in media
WL002286,Individual,IND0020007,,Sanctions-like,Global Restricted Parties List (fictional),2021-02-04 00:00:00,Asset freeze
WL002287,Individual,IND0031259,,Sanctions-like,Global Restricted Parties List (fictional),2015-12-17 00:00:00,Asset freeze
WL002288,Individual,IND0035904,,Law enforcement-like,Regional Enforcement Bulletin (fictional),2025-02-20 00:00:00,Under investigation
WL002289,Individual,IND0050741,,Sanctions-like,Global Restricted Parties List (fictional),2017-03-08 00:00:00,Asset freeze
WL002290,Individual,IND0011573,,PEP-like,Politically Exposed Persons Register (fictional),2016-09-14 00:00:00,Senior public function
WL002291,Individual,IND0046744,,Sanctions-like,Global Restricted Parties List (fictional),2020-01-20 00:00:00,Asset freeze
WL002292,Individual,IND0009026,,Sanctions-like,Global Restricted Parties List (fictional),2024-06-24 00:00:00,Asset freeze
WL002293,Entity,,ENT008406,Sanctions-like,Global Restricted Parties List (fictional),2024-01-08 00:00:00,Asset freeze
WL002294,Entity,,ENT002787,Sanctions-like,Global Restricted Parties List (fictional),2025-11-05 00:00:00,Asset freeze
WL002295,Individual,IND0053313,,Sanctions-like,Global Restricted Parties List (fictional),2020-12-27 00:00:00,Asset freeze
WL002296,Individual,IND0005595,,PEP-like,Politically Exposed Persons Register (fictional),2022-07-01 00:00:00,Senior public function
WL002297,Individual,IND0046076,,Law enforcement-like,Regional Enforcement Bulletin (fictional),2015-06-15 00:00:00,Under investigation
WL002298,Individual,IND0003517,,PEP-like,Politically Exposed Persons Register (fictional),2025-10-02 00:00:00,Senior public function
WL002299,Entity,,ENT000333,Law enforcement-like,Regional Enforcement Bulletin (fictional),2015-11-24 00:00:00,Under investigation
WL002300,Individual,IND0036193,,Sanctions-like,Global Restricted Parties List (fictional),2019-01-28 00:00:00,Asset freeze
WL002301,Entity,,ENT005278,Sanctions-like,Global Restricted Parties List (fictional),2022-07-25 00:00:00,Asset freeze
WL002302,Individual,IND0011281,,PEP-like,Politically Exposed Persons Register (fictional),2015-06-03 00:00:00,Senior public function
WL002303,Entity,,ENT003181,Sanctions-like,Global Restricted Parties List (fictional),2022-09-26 00:00:00,Asset freeze
WL002304,Entity,,ENT009667,PEP-like,Politically Exposed Persons Register (fictional),2020-09-11 00:00:00,Senior public function
WL002305,Individual,IND0055411,,Adverse media-like,Adverse Media Index (fictional),2024-07-12 00:00:00,Fraud allegations in media
WL002306,Individual,IND0028140,,Sanctions-like,Global Restricted Parties List (fictional),2022-01-25 00:00:00,Asset freeze
WL002307,Entity,,ENT007143,PEP-like,Politically Exposed Persons Register (fictional),2019-11-08 00:00:00,Senior public function
WL002308,Individual,IND0022310,,Adverse media-like,Adverse Media Index (fictional),2018-03-05 00:00:00,Fraud allegations in media
WL002309,Individual,IND0022299,,Sanctions-like,Global Restricted Parties List (fictional),2025-11-06 00:00:00,Asset freeze
WL002310,Individual,IND0033372,,PEP-like,Politically Exposed Persons Register (fictional),2015-12-21 00:00:00,Senior public function
WL002311,Individual,IND0029504,,PEP-like,Politically Exposed Persons Register (fictional),2019-08-23 00:00:00,Senior public function
WL002312,Entity,,ENT000474,PEP-like,Politically Exposed Persons Register (fictional),2017-03-21 00:00:00,Senior public function
WL002313,Entity,,ENT005798,PEP-like,Politically Exposed Persons Register (fictional),2025-12-24 00:00:00,Senior public function
WL002314,Individual,IND0041412,,Adverse media-like,Adverse Media Index (fictional),2022-12-31 00:00:00,Fraud allegations in media
WL002315,Individual,IND0019078,,Sanctions-like,Global Restricted Parties List (fictional),2021-01-22 00:00:00,Asset freeze
WL002316,Individual,IND0012103,,PEP-like,Politically Exposed Persons Register (fictional),2017-05-11 00:00:00,Senior public function
WL002317,Individual,IND0045722,,Adverse media-like,Adverse Media Index (fictional),2017-03-24 00:00:00,Fraud allegations in media
WL002318,Entity,,ENT004405,Adverse media-like,Adverse Media Index (fictional),2016-06-21 00:00:00,Fraud allegations in media
WL002319,Entity,,ENT002792,Adverse media-like,Adverse Media Index (fictional),2022-12-06 00:00:00,Fraud allegations in media
WL002320,Individual,IND0026567,,PEP-like,Politically Exposed Persons Register (fictional),2016-06-30 00:00:00,Senior public function
WL002321,Individual,IND0019736,,Sanctions-like,Global Restricted Parties List (fictional),2023-04-13 00:00:00,Asset freeze
WL002322,Individual,IND0031365,,Sanctions-like,Global Restricted Parties List (fictional),2020-04-16 00:00:00,Asset freeze
WL002323,Entity,,ENT009168,Law enforcement-like,Regional Enforcement Bulletin (fictional),2025-08-01 00:00:00,Under investigation
WL002324,Individual,IND0006593,,Sanctions-like,Global Restricted Parties List (fictional),2024-06-10 00:00:00,Asset freeze
WL002325,Individual,IND0030496,,PEP-like,Politically Exposed Persons Register (fictional),2016-06-10 00:00:00,Senior public function
WL002326,Individual,IND0038081,,Sanctions-like,Global Restricted Parties List (fictional),2015-10-13 00:00:00,Asset freeze
WL002327,Entity,,ENT006284,PEP-like,Politically Exposed Persons Register (fictional),2024-05-24 00:00:00,Senior public function
WL002328,Individual,IND0023546,,Adverse media-like,Adverse Media Index (fictional),2019-04-07 00:00:00,Fraud allegations in media
WL002329,Individual,IND0012470,,Adverse media-like,Adverse Media Index (fictional),2015-09-15 00:00:00,Fraud allegations in media
WL002330,Entity,,ENT007884,Law enforcement-like,Regional Enforcement Bulletin (fictional),2024-11-14 00:00:00,Under investigation
WL002331,Individual,IND0057299,,Sanctions-like,Global Restricted Parties List (fictional),2026-08-07 00:00:00,Asset freeze
WL002332,Individual,IND0038203,,PEP-like,Politically Exposed Persons Register (fictional),2023-05-02 00:00:00,Senior public function
WL002333,Entity,,ENT006046,PEP-like,Politically Exposed Persons Register (fictional),2021-10-04 00:00:00,Senior public function
WL002334,Entity,,ENT007912,PEP-like,Politically Exposed Persons Register (fictional),2024-07-11 00:00:00,Senior public function
WL002335,Individual,IND0052210,,Law enforcement-like,Regional Enforcement Bulletin (fictional),2021-09-20 00:00:00,Under investigation
WL002336,Entity,,ENT009138,Adverse media-like,Adverse Media Index (fictional),2018-06-07 00:00:00,Fraud allegations in media
WL002337,Entity,,ENT004283,PEP-like,Politically Exposed Persons Register (fictional),2025-11-25 00:00:00,Senior public function
WL002338,Entity,,ENT002278,PEP-like,Politically Exposed Persons Register (fictional),2016-08-11 00:00:00,Senior public function
WL002339,Individual,IND0054770,,Sanctions-like,Global Restricted Parties List (fictional),2023-06-05 00:00:00,Asset freeze
WL002340,Individual,IND0038820,,Sanctions-like,Global Restricted Parties List (fictional),2017-07-05 00:00:00,Asset freeze
WL002341,Individual,IND0039369,,PEP-like,Politically Exposed Persons Register (fictional),2018-08-27 00:00:00,Senior public function
WL002342,Entity,,ENT004851,PEP-like,Politically Exposed Persons Register (fictional),2025-10-01 00:00:00,Senior public function
WL002343,Individual,IND0051805,,Sanctions-like,Global Restricted Parties List (fictional),2015-02-23 00:00:00,Asset freeze
WL002344,Individual,IND0038318,,PEP-like,Politically Exposed Persons Register (fictional),2016-07-07 00:00:00,Senior public function
WL002345,Individual,IND0013274,,Adverse media-like,Adverse Media Index (fictional),2021-10-27 00:00:00,Fraud allegations in media
WL002346,Entity,,ENT003255,Sanctions-like,Global Restricted Parties List (fictional),2018-09-18 00:00:00,Asset freeze
WL002347,Individual,IND0016595,,Adverse media-like,Adverse Media Index (fictional),2015-10-20 00:00:00,Fraud allegations in media
WL002348,Individual,IND0052920,,Adverse media-like,Adverse Media Index (fictional),2021-11-04 00:00:00,Fraud allegations in media
WL002349,Individual,IND0020262,,Adverse media-like,Adverse Media Index (fictional),2015-12-07 00:00:00,Fraud allegations in media
WL002350,Individual,IND0014894,,PEP-like,Politically Exposed Persons Register (fictional),2019-05-04 00:00:00,Senior public function
WL002351,Entity,,ENT008323,Sanctions-like,Global Restricted Parties List (fictional),2015-07-17 00:00:00,Asset freeze
WL002352,Individual,IND0011210,,Law enforcement-like,Regional Enforcement Bulletin (fictional),2019-06-24 00:00:00,Under investigation
WL002353,Individual,IND0054696,,Adverse media-like,Adverse Media Index (fictional),2026-02-27 00:00:00,Fraud allegations in media
WL002354,Entity,,ENT000877,PEP-like,Politically Exposed Persons Register (fictional),2024-02-22 00:00:00,Senior public function
WL002355,Individual,IND0006921,,PEP-like,Politically Exposed Persons Register (fictional),2016-03-14 00:00:00,Senior public function
WL002356,Individual,IND0020424,,PEP-like,Politically Exposed Persons Register (fictional),2018-08-07 00:00:00,Senior public function
WL002357,Entity,,ENT006706,Law enforcement-like,Regional Enforcement Bulletin (fictional),2024-04-12 00:00:00,Under investigation
WL002358,Individual,IND0026624,,Adverse media-like,Adverse Media Index (fictional),2015-02-16 00:00:00,Fraud allegations in media
WL002359,Entity,,ENT006671,Adverse media-like,Adverse Media Index (fictional),2018-04-20 00:00:00,Fraud allegations in media
WL002360,Individual,IND0016307,,Sanctions-like,Global Restricted Parties List (fictional),2023-04-14 00:00:00,Asset freeze
WL002361,Entity,,ENT007385,PEP-like,Politically Exposed Persons Register (fictional),2020-01-28 00:00:00,Senior public function
WL002362,Individual,IND0039492,,Adverse media-like,Adverse Media Index (fictional),2016-11-28 00:00:00,Fraud allegations in media
WL002363,Entity,,ENT004768,Adverse media-like,Adverse Media Index (fictional),2018-02-23 00:00:00,Fraud allegations in media
WL002364,Individual,IND0021970,,Adverse media-like,Adverse Media Index (fictional),2018-06-19 00:00:00,Fraud allegations in media
WL002365,Individual,IND0033979,,PEP-like,Politically Exposed Persons Register (fictional),2020-06-05 00:00:00,Senior public function
WL002366,Individual,IND0045764,,Adverse media-like,Adverse Media Index (fictional),2023-10-10 00:00:00,Fraud allegations in media
WL002367,Individual,IND0054690,,PEP-like,Politically Exposed Persons Register (fictional),2022-10-05 00:00:00,Senior public function
WL002368,Entity,,ENT006665,Sanctions-like,Global Restricted Parties List (fictional),2022-04-25 00:00:00,Asset freeze
WL002369,Individual,IND0055914,,Sanctions-like,Global Restricted Parties List (fictional),2018-03-12 00:00:00,Asset freeze
WL002370,Individual,IND0049918,,PEP-like,Politically Exposed Persons Register (fictional),2018-05-04 00:00:00,Senior public function
WL002371,Individual,IND0015048,,PEP-like,Politically Exposed Persons Register (fictional),2025-10-24 00:00:00,Senior public function
WL002372,Individual,IND0054022,,PEP-like,Politically Exposed Persons Register (fictional),2018-02-28 00:00:00,Senior public function
WL002373,Individual,IND0004909,,Sanctions-like,Global Restricted Parties List (fictional),2023-11-15 00:00:00,Asset freeze
WL002374,Individual,IND0006688,,Adverse media-like,Adverse Media Index (fictional),2026-02-02 00:00:00,Fraud allegations in media
WL002375,Individual,IND0016860,,PEP-like,Politically Exposed Persons Register (fictional),2023-05-17 00:00:00,Senior public function
WL002376,Individual,IND0058675,,Adverse media-like,Adverse Media Index (fictional),2017-10-05 00:00:00,Fraud allegations in media
WL002377,Entity,,ENT007441,PEP-like,Politically Exposed Persons Register (fictional),2025-12-19 00:00:00,Senior public function
WL002378,Entity,,ENT008355,Adverse media-like,Adverse Media Index (fictional),2024-12-06 00:00:00,Fraud allegations in media
WL002379,Entity,,ENT009005,Adverse media-like,Adverse Media Index (fictional),2016-01-11 00:00:00,Fraud allegations in media
WL002380,Individual,IND0046004,,Adverse media-like,Adverse Media Index (fictional),2015-12-28 00:00:00,Fraud allegations in media
WL002381,Entity,,ENT008804,PEP-like,Politically Exposed Persons Register (fictional),2023-02-14 00:00:00,Senior public function
WL002382,Individual,IND0058551,,Law enforcement-like,Regional Enforcement Bulletin (fictional),2019-12-30 00:00:00,Under investigation
WL002383,Entity,,ENT004287,PEP-like,Politically Exposed Persons Register (fictional),2024-08-05 00:00:00,Senior public function
WL002384,Entity,,ENT001078,Adverse media-like,Adverse Media Index (fictional),2025-02-18 00:00:00,Fraud allegations in media
WL002385,Individual,IND0016670,,Adverse media-like,Adverse Media Index (fictional),2020-01-17 00:00:00,Fraud allegations in media
WL002386,Individual,IND0005865,,Adverse media-like,Adverse Media Index (fictional),2022-10-24 00:00:00,Fraud allegations in media
WL002387,Entity,,ENT004852,Law enforcement-like,Regional Enforcement Bulletin (fictional),2018-12-25 00:00:00,Under investigation
WL002388,Entity,,ENT002358,Sanctions-like,Global Restricted Parties List (fictional),2023-09-06 00:00:00,Asset freeze
WL002389,Entity,,ENT007187,PEP-like,Politically Exposed Persons Register (fictional),2021-11-08 00:00:00,Senior public function
WL002390,Entity,,ENT006925,PEP-like,Politically Exposed Persons Register (fictional),2017-11-09 00:00:00,Senior public function
WL002391,Individual,IND0051533,,Law enforcement-like,Regional Enforcement Bulletin (fictional),2021-12-17 00:00:00,Under investigation
WL002392,Entity,,ENT002766,PEP-like,Politically Exposed Persons Register (fictional),2016-12-07 00:00:00,Senior public function
WL002393,Entity,,ENT003704,Sanctions-like,Global Restricted Parties List (fictional),2023-05-16 00:00:00,Asset freeze
WL002394,Entity,,ENT005375,PEP-like,Politically Exposed Persons Register (fictional),2015-09-22 00:00:00,Senior public function
WL002395,Individual,IND0036781,,PEP-like,Politically Exposed Persons Register (fictional),2024-12-09 00:00:00,Senior public function
WL002396,Individual,IND0028235,,Sanctions-like,Global Restricted Parties List (fictional),2019-06-14 00:00:00,Asset freeze
WL002397,Entity,,ENT003667,Sanctions-like,Global Restricted Parties List (fictional),2019-11-21 00:00:00,Asset freeze
WL002398,Individual,IND0003394,,PEP-like,Politically Exposed Persons Register (fictional),2017-12-26 00:00:00,Senior public function
WL002399,Entity,,ENT006938,Sanctions-like,Global Restricted Parties List (fictional),2025-06-05 00:00:00,Asset freeze
WL002400,Entity,,ENT002616,Adverse media-like,Adverse Media Index (fictional),2024-02-05 00:00:00,Fraud allegations in media
WL002401,Entity,,ENT003245,Law enforcement-like,Regional Enforcement Bulletin (fictional),2016-03-31 00:00:00,Under investigation
WL002402,Individual,IND0006147,,Sanctions-like,Global Restricted Parties List (fictional),2015-02-25 00:00:00,Asset freeze
WL002403,Individual,IND0052780,,PEP-like,Politically Exposed Persons Register (fictional),2026-01-12 00:00:00,Senior public function
WL002404,Individual,IND0001051,,Adverse media-like,Adverse Media Index (fictional),2020-11-23 00:00:00,Fraud allegations in media
WL002405,Individual,IND0014275,,PEP-like,Politically Exposed Persons Register (fictional),2020-07-28 00:00:00,Senior public function
WL002406,Individual,IND0024793,,Sanctions-like,Global Restricted Parties List (fictional),2023-08-14 00:00:00,Asset freeze
WL002407,Individual,IND0033009,,Law enforcement-like,Regional Enforcement Bulletin (fictional),2022-05-09 00:00:00,Under investigation
WL002408,Individual,IND0040886,,PEP-like,Politically Exposed Persons Register (fictional),2016-05-30 00:00:00,Senior public function
WL002409,Individual,IND0033486,,Sanctions-like,Global Restricted Parties List (fictional),2026-07-27 00:00:00,Asset freeze
WL002410,Individual,IND0008285,,Sanctions-like,Global Restricted Parties List (fictional),2025-01-21 00:00:00,Asset freeze
WL002411,Individual,IND0005090,,PEP-like,Politically Exposed Persons Register (fictional),2022-02-18 00:00:00,Senior public function
WL002412,Individual,IND0015283,,PEP-like,Politically Exposed Persons Register (fictional),2018-06-08 00:00:00,Senior public function
WL002413,Entity,,ENT008994,Adverse media-like,Adverse Media Index (fictional),2026-06-15 00:00:00,Fraud allegations in media
WL002414,Individual,IND0021463,,PEP-like,Politically Exposed Persons Register (fictional),2019-12-30 00:00:00,Senior public function
WL002415,Individual,IND0024691,,Sanctions-like,Global Restricted Parties List (fictional),2024-02-08 00:00:00,Asset freeze
WL002416,Individual,IND0038600,,Law enforcement-like,Regional Enforcement Bulletin (fictional),2016-07-18 00:00:00,Under investigation
WL002417,Individual,IND0051172,,Adverse media-like,Adverse Media Index (fictional),2017-11-13 00:00:00,Fraud allegations in media
WL002418,Individual,IND0051543,,Sanctions-like,Global Restricted Parties List (fictional),2021-03-12 00:00:00,Asset freeze
WL002419,Individual,IND0001832,,Adverse media-like,Adverse Media Index (fictional),2018-07-16 00:00:00,Fraud allegations in media
WL002420,Individual,IND0049895,,Sanctions-like,Global Restricted Parties List (fictional),2017-06-02 00:00:00,Asset freeze
WL002421,Entity,,ENT000379,Sanctions-like,Global Restricted Parties List (fictional),2021-06-21 00:00:00,Asset freeze
WL002422,Individual,IND0019416,,PEP-like,Politically Exposed Persons Register (fictional),2021-04-05 00:00:00,Senior public function
WL002423,Entity,,ENT000803,Sanctions-like,Global Restricted Parties List (fictional),2024-11-11 00:00:00,Asset freeze
WL002424,Individual,IND0030908,,Adverse media-like,Adverse Media Index (fictional),2024-11-20 00:00:00,Fraud allegations in media
WL002425,Individual,IND0039589,,Sanctions-like,Global Restricted Parties List (fictional),2024-11-15 00:00:00,Asset freeze
WL002426,Entity,,ENT004757,PEP-like,Politically Exposed Persons Register (fictional),2026-01-02 00:00:00,Senior public function
WL002427,Individual,IND0022331,,PEP-like,Politically Exposed Persons Register (fictional),2019-02-07 00:00:00,Senior public function
WL002428,Entity,,ENT008083,Law enforcement-like,Regional Enforcement Bulletin (fictional),2015-09-15 00:00:00,Under investigation
WL002429,Individual,IND0004709,,Sanctions-like,Global Restricted Parties List (fictional),2018-02-15 00:00:00,Asset freeze
WL002430,Individual,IND0019823,,PEP-like,Politically Exposed Persons Register (fictional),2015-06-15 00:00:00,Senior public function
WL002431,Individual,IND0039921,,Sanctions-like,Global Restricted Parties List (fictional),2021-10-25 00:00:00,Asset freeze
WL002432,Individual,IND0036455,,PEP-like,Politically Exposed Persons Register (fictional),2018-04-24 00:00:00,Senior public function
WL002433,Individual,IND0042258,,PEP-like,Politically Exposed Persons Register (fictional),2015-07-03 00:00:00,Senior public function
WL002434,Individual,IND0054659,,Adverse media-like,Adverse Media Index (fictional),2015-12-18 00:00:00,Fraud allegations in media
WL002435,Individual,IND0001637,,Sanctions-like,Global Restricted Parties List (fictional),2020-05-22 00:00:00,Asset freeze
WL002436,Entity,,ENT004354,Law enforcement-like,Regional Enforcement Bulletin (fictional),2017-04-24 00:00:00,Under investigation
WL002437,Entity,,ENT007694,Sanctions-like,Global Restricted Parties List (fictional),2025-10-22 00:00:00,Asset freeze
WL002438,Entity,,ENT009223,Law enforcement-like,Regional Enforcement Bulletin (fictional),2016-02-19 00:00:00,Under investigation
WL002439,Entity,,ENT006361,Adverse media-like,Adverse Media Index (fictional),2024-06-14 00:00:00,Fraud allegations in media
WL002440,Entity,,ENT000801,Sanctions-like,Global Restricted Parties List (fictional),2018-01-08 00:00:00,Asset freeze
WL002441,Entity,,ENT009859,PEP-like,Politically Exposed Persons Register (fictional),2020-06-18 00:00:00,Senior public function
WL002442,Individual,IND0014509,,PEP-like,Politically Exposed Persons Register (fictional),2020-07-24 00:00:00,Senior public function
WL002443,Individual,IND0045619,,Law enforcement-like,Regional Enforcement Bulletin (fictional),2023-03-13 00:00:00,Under investigation
WL002444,Individual,IND0015853,,PEP-like,Politically Exposed Persons Register (fictional),2018-07-30 00:00:00,Senior public function
WL002445,Entity,,ENT004354,Adverse media-like,Adverse Media Index (fictional),2025-07-22 00:00:00,Fraud allegations in media
WL002446,Individual,IND0047435,,PEP-like,Politically Exposed Persons Register (fictional),2026-04-17 00:00:00,Senior public function
WL002447,Individual,IND0004291,,Adverse media-like,Adverse Media Index (fictional),2024-11-17 00:00:00,Fraud allegations in media
WL002448,Individual,IND0000579,,Law enforcement-like,Regional Enforcement Bulletin (fictional),2023-11-03 00:00:00,Under investigation
WL002449,Entity,,ENT003802,Law enforcement-like,Regional Enforcement Bulletin (fictional),2021-11-29 00:00:00,Under investigation
WL002450,Individual,IND0000952,,Adverse media-like,Adverse Media Index (fictional),2021-05-07 00:00:00,Fraud allegations in media
WL002451,Entity,,ENT006815,PEP-like,Politically Exposed Persons Register (fictional),2022-01-14 00:00:00,Senior public function
WL002452,Entity,,ENT007885,Law enforcement-like,Regional Enforcement Bulletin (fictional),2020-06-11 00:00:00,Under investigation
WL002453,Entity,,ENT005838,PEP-like,Politically Exposed Persons Register (fictional),2021-08-20 00:00:00,Senior public function
WL002454,Entity,,ENT008505,Sanctions-like,Global Restricted Parties List (fictional),2023-01-13 00:00:00,Asset freeze
WL002455,Entity,,ENT002631,PEP-like,Politically Exposed Persons Register (fictional),2025-12-31 00:00:00,Senior public function
WL002456,Entity,,ENT009675,PEP-like,Politically Exposed Persons Register (fictional),2025-08-18 00:00:00,Senior public function
WL002457,Individual,IND0022673,,Sanctions-like,Global Restricted Parties List (fictional),2016-09-05 00:00:00,Asset freeze
WL002458,Entity,,ENT005533,Sanctions-like,Global Restricted Parties List (fictional),2017-11-06 00:00:00,Asset freeze
WL002459,Individual,IND0001514,,PEP-like,Politically Exposed Persons Register (fictional),2022-06-23 00:00:00,Senior public function
WL002460,Entity,,ENT008518,Adverse media-like,Adverse Media Index (fictional),2020-01-31 00:00:00,Fraud allegations in media
WL002461,Individual,IND0045212,,Adverse media-like,Adverse Media Index (fictional),2020-05-02 00:00:00,Fraud allegations in media
WL002462,Entity,,ENT008353,Adverse media-like,Adverse Media Index (fictional),2020-01-22 00:00:00,Fraud allegations in media
WL002463,Individual,IND0013201,,PEP-like,Politically Exposed Persons Register (fictional),2017-10-27 00:00:00,Senior public function
WL002464,Entity,,ENT004440,Adverse media-like,Adverse Media Index (fictional),2019-10-03 00:00:00,Fraud allegations in media
WL002465,Individual,IND0015764,,Law enforcement-like,Regional Enforcement Bulletin (fictional),2018-10-19 00:00:00,Under investigation
WL002466,Entity,,ENT007864,Adverse media-like,Adverse Media Index (fictional),2021-03-26 00:00:00,Fraud allegations in media
WL002467,Individual,IND0012916,,Sanctions-like,Global Restricted Parties List (fictional),2022-12-19 00:00:00,Asset freeze
WL002468,Entity,,ENT003094,Law enforcement-like,Regional Enforcement Bulletin (fictional),2023-03-10 00:00:00,Under investigation
WL002469,Individual,IND0010743,,Sanctions-like,Global Restricted Parties List (fictional),2022-07-04 00:00:00,Asset freeze
WL002470,Entity,,ENT008360,PEP-like,Politically Exposed Persons Register (fictional),2017-07-14 00:00:00,Senior public function
WL002471,Individual,IND0054560,,PEP-like,Politically Exposed Persons Register (fictional),2025-09-09 00:00:00,Senior public function
WL002472,Individual,IND0020836,,PEP-like,Politically Exposed Persons Register (fictional),2022-04-29 00:00:00,Senior public function
WL002473,Entity,,ENT002186,Sanctions-like,Global Restricted Parties List (fictional),2016-01-28 00:00:00,Asset freeze
WL002474,Individual,IND0020488,,Sanctions-like,Global Restricted Parties List (fictional),2017-03-02 00:00:00,Asset freeze
WL002475,Individual,IND0047516,,Sanctions-like,Global Restricted Parties List (fictional),2025-02-17 00:00:00,Asset freeze
WL002476,Individual,IND0027456,,Sanctions-like,Global Restricted Parties List (fictional),2025-07-30 00:00:00,Asset freeze
WL002477,Entity,,ENT001315,PEP-like,Politically Exposed Persons Register (fictional),2016-02-26 00:00:00,Senior public function
WL002478,Entity,,ENT003500,PEP-like,Politically Exposed Persons Register (fictional),2020-06-04 00:00:00,Senior public function
WL002479,Individual,IND0014357,,Sanctions-like,Global Restricted Parties List (fictional),2024-03-26 00:00:00,Asset freeze
WL002480,Entity,,ENT008926,Law enforcement-like,Regional Enforcement Bulletin (fictional),2026-01-02 00:00:00,Under investigation
WL002481,Individual,IND0011129,,PEP-like,Politically Exposed Persons Register (fictional),2016-04-04 00:00:00,Senior public function
WL002482,Entity,,ENT009846,Adverse media-like,Adverse Media Index (fictional),2023-09-18 00:00:00,Fraud allegations in media
WL002483,Entity,,ENT003441,PEP-like,Politically Exposed Persons Register (fictional),2016-04-22 00:00:00,Senior public function
WL002484,Entity,,ENT004192,Sanctions-like,Global Restricted Parties List (fictional),2019-12-19 00:00:00,Asset freeze
WL002485,Individual,IND0041123,,Sanctions-like,Global Restricted Parties List (fictional),2025-10-28 00:00:00,Asset freeze
WL002486,Individual,IND0019686,,PEP-like,Politically Exposed Persons Register (fictional),2022-07-08 00:00:00,Senior public function
WL002487,Individual,IND0051208,,Adverse media-like,Adverse Media Index (fictional),2019-12-12 00:00:00,Fraud allegations in media
WL002488,Individual,IND0002090,,PEP-like,Politically Exposed Persons Register (fictional),2016-06-04 00:00:00,Senior public function
WL002489,Entity,,ENT000331,Adverse media-like,Adverse Media Index (fictional),2022-04-04 00:00:00,Fraud allegations in media
WL002490,Individual,IND0021832,,Adverse media-like,Adverse Media Index (fictional),2017-10-25 00:00:00,Fraud allegations in media
WL002491,Entity,,ENT003819,Law enforcement-like,Regional Enforcement Bulletin (fictional),2023-03-17 00:00:00,Under investigation
WL002492,Entity,,ENT000591,Law enforcement-like,Regional Enforcement Bulletin (fictional),2020-11-17 00:00:00,Under investigation
WL002493,Entity,,ENT003596,Sanctions-like,Global Restricted Parties List (fictional),2024-03-15 00:00:00,Asset freeze
WL002494,Individual,IND0009810,,PEP-like,Politically Exposed Persons Register (fictional),2023-12-11 00:00:00,Senior public function
WL002495,Entity,,ENT009355,Adverse media-like,Adverse Media Index (fictional),2024-04-19 00:00:00,Fraud allegations in media
WL002496,Individual,IND0043980,,Adverse media-like,Adverse Media Index (fictional),2016-04-15 00:00:00,Fraud allegations in media
WL002497,Individual,IND0042420,,Adverse media-like,Adverse Media Index (fictional),2024-11-11 00:00:00,Fraud allegations in media
WL002498,Entity,,ENT007915,Adverse media-like,Adverse Media Index (fictional),2025-02-21 00:00:00,Fraud allegations in media
WL002499,Individual,IND0057496,,Law enforcement-like,Regional Enforcement Bulletin (fictional),2026-04-26 00:00:00,Under investigation
WL002500,Entity,,ENT002968,Adverse media-like,Adverse Media Index (fictional),2019-12-05 00:00:00,Fraud allegations in media
WL002501,Individual,IND0039454,,Sanctions-like,Global Restricted Parties List (fictional),2022-05-23 00:00:00,Asset freeze
WL002502,Individual,IND0029162,,Sanctions-like,Global Restricted Parties List (fictional),2017-04-17 00:00:00,Asset freeze
WL002503,Individual,IND0007971,,PEP-like,Politically Exposed Persons Register (fictional),2026-05-29 00:00:00,Senior public function
WL002504,Individual,IND0036997,,Adverse media-like,Adverse Media Index (fictional),2025-07-28 00:00:00,Fraud allegations in media
WL002505,Individual,IND0037051,,Law enforcement-like,Regional Enforcement Bulletin (fictional),2020-11-04 00:00:00,Under investigation
WL002506,Entity,,ENT003221,PEP-like,Politically Exposed Persons Register (fictional),2024-08-22 00:00:00,Senior public function
WL002507,Entity,,ENT005275,Law enforcement-like,Regional Enforcement Bulletin (fictional),2022-11-08 00:00:00,Under investigation
WL002508,Individual,IND0032911,,Adverse media-like,Adverse Media Index (fictional),2016-10-05 00:00:00,Fraud allegations in media
WL002509,Individual,IND0019159,,Adverse media-like,Adverse Media Index (fictional),2022-04-22 00:00:00,Fraud allegations in media
WL002510,Individual,IND0009946,,PEP-like,Politically Exposed Persons Register (fictional),2020-08-06 00:00:00,Senior public function
WL002511,Entity,,ENT004251,PEP-like,Politically Exposed Persons Register (fictional),2017-11-23 00:00:00,Senior public function
WL002512,Individual,IND0003767,,PEP-like,Politically Exposed Persons Register (fictional),2022-07-14 00:00:00,Senior public function
WL002513,Entity,,ENT004270,Sanctions-like,Global Restricted Parties List (fictional),2016-09-02 00:00:00,Asset freeze
WL002514,Entity,,ENT009652,Adverse media-like,Adverse Media Index (fictional),2024-12-31 00:00:00,Fraud allegations in media
WL002515,Individual,IND0029377,,PEP-like,Politically Exposed Persons Register (fictional),2018-12-28 00:00:00,Senior public function
WL002516,Individual,IND0053699,,Sanctions-like,Global Restricted Parties List (fictional),2022-05-03 00:00:00,Asset freeze
WL002517,Individual,IND0044070,,Adverse media-like,Adverse Media Index (fictional),2018-09-13 00:00:00,Fraud allegations in media
WL002518,Individual,IND0058115,,Adverse media-like,Adverse Media Index (fictional),2017-11-27 00:00:00,Fraud allegations in media
WL002519,Individual,IND0030938,,Adverse media-like,Adverse Media Index (fictional),2022-02-03 00:00:00,Fraud allegations in media
WL002520,Entity,,ENT004284,Adverse media-like,Adverse Media Index (fictional),2016-03-07 00:00:00,Fraud allegations in media
WL002521,Entity,,ENT006227,Sanctions-like,Global Restricted Parties List (fictional),2025-11-07 00:00:00,Asset freeze
WL002522,Individual,IND0044025,,PEP-like,Politically Exposed Persons Register (fictional),2017-11-04 00:00:00,Senior public function
WL002523,Entity,,ENT003963,PEP-like,Politically Exposed Persons Register (fictional),2025-02-17 00:00:00,Senior public function
WL002524,Entity,,ENT004541,PEP-like,Politically Exposed Persons Register (fictional),2021-07-08 00:00:00,Senior public function
WL002525,Individual,IND0019392,,Sanctions-like,Global Restricted Parties List (fictional),2024-02-23 00:00:00,Asset freeze
WL002526,Individual,IND0030845,,Law enforcement-like,Regional Enforcement Bulletin (fictional),2023-02-01 00:00:00,Under investigation
WL002527,Individual,IND0044461,,Sanctions-like,Global Restricted Parties List (fictional),2018-07-02 00:00:00,Asset freeze
WL002528,Individual,IND0023445,,Sanctions-like,Global Restricted Parties List (fictional),2022-05-13 00:00:00,Asset freeze
WL002529,Individual,IND0018120,,Sanctions-like,Global Restricted Parties List (fictional),2021-02-02 00:00:00,Asset freeze
WL002530,Entity,,ENT007183,Adverse media-like,Adverse Media Index (fictional),2015-04-08 00:00:00,Fraud allegations in media
WL002531,Individual,IND0000267,,Sanctions-like,Global Restricted Parties List (fictional),2016-08-02 00:00:00,Asset freeze
WL002532,Individual,IND0030909,,Sanctions-like,Global Restricted Parties List (fictional),2023-03-15 00:00:00,Asset freeze
WL002533,Individual,IND0014645,,PEP-like,Politically Exposed Persons Register (fictional),2025-07-31 00:00:00,Senior public function
WL002534,Individual,IND0015687,,PEP-like,Politically Exposed Persons Register (fictional),2025-10-24 00:00:00,Senior public function
WL002535,Individual,IND0001590,,Adverse media-like,Adverse Media Index (fictional),2023-07-03 00:00:00,Fraud allegations in media
WL002536,Entity,,ENT003479,PEP-like,Politically Exposed Persons Register (fictional),2019-04-22 00:00:00,Senior public function
WL002537,Entity,,ENT002662,PEP-like,Politically Exposed Persons Register (fictional),2025-12-04 00:00:00,Senior public function
WL002538,Entity,,ENT002435,PEP-like,Politically Exposed Persons Register (fictional),2023-11-16 00:00:00,Senior public function
WL002539,Individual,IND0054616,,Adverse media-like,Adverse Media Index (fictional),2017-09-29 00:00:00,Fraud allegations in media
WL002540,Individual,IND0017756,,PEP-like,Politically Exposed Persons Register (fictional),2025-09-05 00:00:00,Senior public function
WL002541,Entity,,ENT002284,PEP-like,Politically Exposed Persons Register (fictional),2018-11-09 00:00:00,Senior public function
WL002542,Entity,,ENT001144,Adverse media-like,Adverse Media Index (fictional),2017-05-29 00:00:00,Fraud allegations in media
WL002543,Individual,IND0049195,,Adverse media-like,Adverse Media Index (fictional),2024-07-04 00:00:00,Fraud allegations in media
WL002544,Individual,IND0031757,,Adverse media-like,Adverse Media Index (fictional),2023-05-05 00:00:00,Fraud allegations in media
WL002545,Entity,,ENT009840,Adverse media-like,Adverse Media Index (fictional),2021-06-11 00:00:00,Fraud allegations in media
WL002546,Entity,,ENT005757,Adverse media-like,Adverse Media Index (fictional),2024-02-27 00:00:00,Fraud allegations in media
WL002547,Individual,IND0037920,,Adverse media-like,Adverse Media Index (fictional),2019-12-02 00:00:00,Fraud allegations in media
WL002548,Individual,IND0039000,,PEP-like,Politically Exposed Persons Register (fictional),2017-05-01 00:00:00,Senior public function
WL002549,Entity,,ENT006144,PEP-like,Politically Exposed Persons Register (fictional),2022-12-19 00:00:00,Senior public function
WL002550,Entity,,ENT003006,Sanctions-like,Global Restricted Parties List (fictional),2017-01-12 00:00:00,Asset freeze
WL002551,Entity,,ENT006925,PEP-like,Politically Exposed Persons Register (fictional),2025-06-17 00:00:00,Senior public function
WL002552,Entity,,ENT006919,Sanctions-like,Global Restricted Parties List (fictional),2025-01-27 00:00:00,Asset freeze
WL002553,Entity,,ENT005259,Adverse media-like,Adverse Media Index (fictional),2020-12-09 00:00:00,Fraud allegations in media
WL002554,Individual,IND0002833,,PEP-like,Politically Exposed Persons Register (fictional),2025-10-27 00:00:00,Senior public function
WL002555,Entity,,ENT003934,Adverse media-like,Adverse Media Index (fictional),2017-02-20 00:00:00,Fraud allegations in media
WL002556,Entity,,ENT002835,Sanctions-like,Global Restricted Parties List (fictional),2025-02-06 00:00:00,Asset freeze
WL002557,Entity,,ENT002513,PEP-like,Politically Exposed Persons Register (fictional),2018-02-13 00:00:00,Senior public function
WL002558,Individual,IND0004409,,PEP-like,Politically Exposed Persons Register (fictional),2025-01-27 00:00:00,Senior public function
WL002559,Entity,,ENT000053,PEP-like,Politically Exposed Persons Register (fictional),2015-02-09 00:00:00,Senior public function
WL002560,Entity,,ENT007323,Sanctions-like,Global Restricted Parties List (fictional),2024-11-20 00:00:00,Asset freeze
WL002561,Entity,,ENT001760,PEP-like,Politically Exposed Persons Register (fictional),2021-10-11 00:00:00,Senior public function
WL002562,Entity,,ENT001678,Sanctions-like,Global Restricted Parties List (fictional),2023-08-07 00:00:00,Asset freeze
WL002563,Individual,IND0016573,,PEP-like,Politically Exposed Persons Register (fictional),2024-01-16 00:00:00,Senior public function
WL002564,Entity,,ENT006683,Adverse media-like,Adverse Media Index (fictional),2017-02-01 00:00:00,Fraud allegations in media
WL002565,Entity,,ENT007799,Law enforcement-like,Regional Enforcement Bulletin (fictional),2024-11-13 00:00:00,Under investigation
WL002566,Individual,IND0001818,,Sanctions-like,Global Restricted Parties List (fictional),2016-08-08 00:00:00,Asset freeze
WL002567,Entity,,ENT002964,PEP-like,Politically Exposed Persons Register (fictional),2015-12-24 00:00:00,Senior public function
WL002568,Individual,IND0059110,,PEP-like,Politically Exposed Persons Register (fictional),2024-09-09 00:00:00,Senior public function
WL002569,Entity,,ENT005250,Sanctions-like,Global Restricted Parties List (fictional),2025-11-13 00:00:00,Asset freeze
WL002570,Individual,IND0011017,,Adverse media-like,Adverse Media Index (fictional),2024-06-14 00:00:00,Fraud allegations in media
WL002571,Entity,,ENT001251,Adverse media-like,Adverse Media Index (fictional),2018-01-26 00:00:00,Fraud allegations in media
WL002572,Individual,IND0024421,,Adverse media-like,Adverse Media Index (fictional),2020-05-21 00:00:00,Fraud allegations in media
WL002573,Entity,,ENT000552,Adverse media-like,Adverse Media Index (fictional),2019-01-02 00:00:00,Fraud allegations in media
WL002574,Individual,IND0055729,,Sanctions-like,Global Restricted Parties List (fictional),2020-02-03 00:00:00,Asset freeze
WL002575,Entity,,ENT006022,Sanctions-like,Global Restricted Parties List (fictional),2017-01-10 00:00:00,Asset freeze
WL002576,Individual,IND0002360,,PEP-like,Politically Exposed Persons Register (fictional),2024-02-20 00:00:00,Senior public function
WL002577,Individual,IND0028047,,PEP-like,Politically Exposed Persons Register (fictional),2017-08-15 00:00:00,Senior public function
WL002578,Entity,,ENT003069,PEP-like,Politically Exposed Persons Register (fictional),2019-04-01 00:00:00,Senior public function
WL002579,Individual,IND0018233,,PEP-like,Politically Exposed Persons Register (fictional),2021-12-14 00:00:00,Senior public function
WL002580,Entity,,ENT006418,Sanctions-like,Global Restricted Parties List (fictional),2024-10-14 00:00:00,Asset freeze
WL002581,Entity,,ENT000797,Law enforcement-like,Regional Enforcement Bulletin (fictional),2023-07-03 00:00:00,Under investigation
WL002582,Entity,,ENT004033,Adverse media-like,Adverse Media Index (fictional),2025-01-08 00:00:00,Fraud allegations in media
WL002583,Individual,IND0032145,,PEP-like,Politically Exposed Persons Register (fictional),2022-12-02 00:00:00,Senior public function
WL002584,Entity,,ENT002535,Adverse media-like,Adverse Media Index (fictional),2018-10-01 00:00:00,Fraud allegations in media
WL002585,Individual,IND0031068,,PEP-like,Politically Exposed Persons Register (fictional),2019-04-04 00:00:00,Senior public function
WL002586,Individual,IND0046604,,Adverse media-like,Adverse Media Index (fictional),2017-10-09 00:00:00,Fraud allegations in media
WL002587,Individual,IND0047514,,Law enforcement-like,Regional Enforcement Bulletin (fictional),2020-04-26 00:00:00,Under investigation
WL002588,Individual,IND0032629,,Sanctions-like,Global Restricted Parties List (fictional),2022-12-27 00:00:00,Asset freeze
WL002589,Entity,,ENT003200,Law enforcement-like,Regional Enforcement Bulletin (fictional),2022-06-20 00:00:00,Under investigation
WL002590,Individual,IND0037113,,Adverse media-like,Adverse Media Index (fictional),2019-03-18 00:00:00,Fraud allegations in media
WL002591,Entity,,ENT003194,Law enforcement-like,Regional Enforcement Bulletin (fictional),2022-08-31 00:00:00,Under investigation
WL002592,Individual,IND0024370,,Adverse media-like,Adverse Media Index (fictional),2024-01-25 00:00:00,Fraud allegations in media
WL002593,Entity,,ENT009831,Law enforcement-like,Regional Enforcement Bulletin (fictional),2015-07-20 00:00:00,Under investigation
WL002594,Individual,IND0026147,,PEP-like,Politically Exposed Persons Register (fictional),2019-01-31 00:00:00,Senior public function
WL002595,Individual,IND0011513,,PEP-like,Politically Exposed Persons Register (fictional),2020-02-28 00:00:00,Senior public function
WL002596,Entity,,ENT006125,Sanctions-like,Global Restricted Parties List (fictional),2023-02-03 00:00:00,Asset freeze
WL002597,Individual,IND0036762,,Adverse media-like,Adverse Media Index (fictional),2021-07-09 00:00:00,Fraud allegations in media
WL002598,Individual,IND0048305,,PEP-like,Politically Exposed Persons Register (fictional),2023-10-06 00:00:00,Senior public function
WL002599,Entity,,ENT004455,Adverse media-like,Adverse Media Index (fictional),2026-08-24 00:00:00,Fraud allegations in media
WL002600,Individual,IND0026945,,Adverse media-like,Adverse Media Index (fictional),2020-01-24 00:00:00,Fraud allegations in media
WL002601,Individual,IND0030575,,PEP-like,Politically Exposed Persons Register (fictional),2021-02-15 00:00:00,Senior public function
WL002602,Individual,IND0005642,,Adverse media-like,Adverse Media Index (fictional),2021-10-03 00:00:00,Fraud allegations in media
WL002603,Individual,IND0021959,,Adverse media-like,Adverse Media Index (fictional),2026-07-06 00:00:00,Fraud allegations in media
WL002604,Individual,IND0011766,,PEP-like,Politically Exposed Persons Register (fictional),2017-05-12 00:00:00,Senior public function
WL002605,Individual,IND0045205,,PEP-like,Politically Exposed Persons Register (fictional),2015-03-05 00:00:00,Senior public function
WL002606,Individual,IND0011078,,Adverse media-like,Adverse Media Index (fictional),2025-10-23 00:00:00,Fraud allegations in media
WL002607,Individual,IND0037511,,Sanctions-like,Global Restricted Parties List (fictional),2017-05-18 00:00:00,Asset freeze
WL002608,Individual,IND0045719,,PEP-like,Politically Exposed Persons Register (fictional),2020-03-12 00:00:00,Senior public function
WL002609,Individual,IND0055123,,Adverse media-like,Adverse Media Index (fictional),2018-10-31 00:00:00,Fraud allegations in media
WL002610,Entity,,ENT003950,Sanctions-like,Global Restricted Parties List (fictional),2023-05-12 00:00:00,Asset freeze
WL002611,Individual,IND0052870,,PEP-like,Politically Exposed Persons Register (fictional),2021-10-08 00:00:00,Senior public function
WL002612,Entity,,ENT008834,Law enforcement-like,Regional Enforcement Bulletin (fictional),2026-03-18 00:00:00,Under investigation
WL002613,Individual,IND0057497,,Sanctions-like,Global Restricted Parties List (fictional),2018-05-16 00:00:00,Asset freeze
WL002614,Individual,IND0051460,,PEP-like,Politically Exposed Persons Register (fictional),2016-06-07 00:00:00,Senior public function
WL002615,Individual,IND0018261,,PEP-like,Politically Exposed Persons Register (fictional),2015-04-14 00:00:00,Senior public function
WL002616,Entity,,ENT006831,PEP-like,Politically Exposed Persons Register (fictional),2015-04-25 00:00:00,Senior public function
WL002617,Individual,IND0050471,,Sanctions-like,Global Restricted Parties List (fictional),2024-03-12 00:00:00,Asset freeze
WL002618,Individual,IND0042725,,Adverse media-like,Adverse Media Index (fictional),2021-12-20 00:00:00,Fraud allegations in media
WL002619,Individual,IND0054914,,PEP-like,Politically Exposed Persons Register (fictional),2018-04-05 00:00:00,Senior public function
WL002620,Individual,IND0010023,,PEP-like,Politically Exposed Persons Register (fictional),2017-11-16 00:00:00,Senior public function
WL002621,Entity,,ENT000871,Law enforcement-like,Regional Enforcement Bulletin (fictional),2015-10-30 00:00:00,Under investigation
WL002622,Entity,,ENT004189,Law enforcement-like,Regional Enforcement Bulletin (fictional),2022-09-26 00:00:00,Under investigation
WL002623,Individual,IND0005108,,Sanctions-like,Global Restricted Parties List (fictional),2024-08-29 00:00:00,Asset freeze
WL002624,Individual,IND0026262,,Sanctions-like,Global Restricted Parties List (fictional),2018-06-06 00:00:00,Asset freeze
WL002625,Individual,IND0008232,,Adverse media-like,Adverse Media Index (fictional),2017-06-16 00:00:00,Fraud allegations in media
WL002626,Entity,,ENT006972,Sanctions-like,Global Restricted Parties List (fictional),2017-12-20 00:00:00,Asset freeze
WL002627,Entity,,ENT005978,PEP-like,Politically Exposed Persons Register (fictional),2017-06-15 00:00:00,Senior public function
WL002628,Entity,,ENT001706,PEP-like,Politically Exposed Persons Register (fictional),2023-05-04 00:00:00,Senior public function
WL002629,Individual,IND0036977,,Sanctions-like,Global Restricted Parties List (fictional),2016-04-01 00:00:00,Asset freeze
WL002630,Individual,IND0012403,,Adverse media-like,Adverse Media Index (fictional),2019-05-02 00:00:00,Fraud allegations in media
WL002631,Entity,,ENT002519,Adverse media-like,Adverse Media Index (fictional),2016-01-25 00:00:00,Fraud allegations in media
WL002632,Individual,IND0016406,,Adverse media-like,Adverse Media Index (fictional),2019-10-04 00:00:00,Fraud allegations in media
WL002633,Individual,IND0006217,,Law enforcement-like,Regional Enforcement Bulletin (fictional),2019-06-25 00:00:00,Under investigation
WL002634,Individual,IND0009868,,Law enforcement-like,Regional Enforcement Bulletin (fictional),2020-02-18 00:00:00,Under investigation
WL002635,Entity,,ENT000256,Sanctions-like,Global Restricted Parties List (fictional),2017-11-07 00:00:00,Asset freeze
WL002636,Individual,IND0040075,,Adverse media-like,Adverse Media Index (fictional),2015-12-07 00:00:00,Fraud allegations in media
WL002637,Individual,IND0053495,,Sanctions-like,Global Restricted Parties List (fictional),2015-08-11 00:00:00,Asset freeze
WL002638,Individual,IND0027531,,Adverse media-like,Adverse Media Index (fictional),2016-02-02 00:00:00,Fraud allegations in media
WL002639,Individual,IND0013281,,Adverse media-like,Adverse Media Index (fictional),2023-09-25 00:00:00,Fraud allegations in media
WL002640,Individual,IND0046340,,Adverse media-like,Adverse Media Index (fictional),2021-04-16 00:00:00,Fraud allegations in media
WL002641,Individual,IND0026277,,Sanctions-like,Global Restricted Parties List (fictional),2020-12-28 00:00:00,Asset freeze
WL002642,Entity,,ENT000799,PEP-like,Politically Exposed Persons Register (fictional),2020-07-31 00:00:00,Senior public function
WL002643,Entity,,ENT009425,PEP-like,Politically Exposed Persons Register (fictional),2020-07-02 00:00:00,Senior public function
WL002644,Individual,IND0003239,,Sanctions-like,Global Restricted Parties List (fictional),2022-04-22 00:00:00,Asset freeze
WL002645,Entity,,ENT002282,Adverse media-like,Adverse Media Index (fictional),2025-02-10 00:00:00,Fraud allegations in media
WL002646,Entity,,ENT003969,Adverse media-like,Adverse Media Index (fictional),2020-01-17 00:00:00,Fraud allegations in media
WL002647,Individual,IND0017715,,PEP-like,Politically Exposed Persons Register (fictional),2016-01-05 00:00:00,Senior public function
WL002648,Entity,,ENT004400,Adverse media-like,Adverse Media Index (fictional),2022-06-20 00:00:00,Fraud allegations in media
WL002649,Individual,IND0043687,,Sanctions-like,Global Restricted Parties List (fictional),2023-02-10 00:00:00,Asset freeze
WL002650,Individual,IND0016276,,PEP-like,Politically Exposed Persons Register (fictional),2022-12-21 00:00:00,Senior public function
WL002651,Individual,IND0051992,,Sanctions-like,Global Restricted Parties List (fictional),2026-03-13 00:00:00,Asset freeze
WL002652,Entity,,ENT004108,Sanctions-like,Global Restricted Parties List (fictional),2018-11-15 00:00:00,Asset freeze
WL002653,Individual,IND0049313,,PEP-like,Politically Exposed Persons Register (fictional),2020-04-02 00:00:00,Senior public function
WL002654,Entity,,ENT000907,PEP-like,Politically Exposed Persons Register (fictional),2021-08-22 00:00:00,Senior public function
WL002655,Entity,,ENT006150,Law enforcement-like,Regional Enforcement Bulletin (fictional),2020-04-28 00:00:00,Under investigation
WL002656,Individual,IND0031374,,Adverse media-like,Adverse Media Index (fictional),2023-07-31 00:00:00,Fraud allegations in media
WL002657,Individual,IND0019503,,PEP-like,Politically Exposed Persons Register (fictional),2021-05-04 00:00:00,Senior public function
WL002658,Individual,IND0015418,,PEP-like,Politically Exposed Persons Register (fictional),2017-11-13 00:00:00,Senior public function
WL002659,Individual,IND0005411,,Adverse media-like,Adverse Media Index (fictional),2017-08-17 00:00:00,Fraud allegations in media
WL002660,Entity,,ENT003356,PEP-like,Politically Exposed Persons Register (fictional),2015-03-06 00:00:00,Senior public function
WL002661,Individual,IND0032313,,Law enforcement-like,Regional Enforcement Bulletin (fictional),2021-02-22 00:00:00,Under investigation
WL002662,Individual,IND0009459,,PEP-like,Politically Exposed Persons Register (fictional),2021-06-14 00:00:00,Senior public function
WL002663,Entity,,ENT002387,PEP-like,Politically Exposed Persons Register (fictional),2022-06-28 00:00:00,Senior public function
WL002664,Individual,IND0004382,,Adverse media-like,Adverse Media Index (fictional),2022-06-02 00:00:00,Fraud allegations in media
WL002665,Individual,IND0029125,,Adverse media-like,Adverse Media Index (fictional),2021-12-10 00:00:00,Fraud allegations in media
WL002666,Individual,IND0031631,,Sanctions-like,Global Restricted Parties List (fictional),2023-08-25 00:00:00,Asset freeze
WL002667,Individual,IND0006845,,Sanctions-like,Global Restricted Parties List (fictional),2026-02-11 00:00:00,Asset freeze
WL002668,Entity,,ENT003014,Sanctions-like,Global Restricted Parties List (fictional),2024-03-08 00:00:00,Asset freeze
WL002669,Entity,,ENT005085,PEP-like,Politically Exposed Persons Register (fictional),2017-09-09 00:00:00,Senior public function
WL002670,Entity,,ENT009053,Sanctions-like,Global Restricted Parties List (fictional),2021-03-19 00:00:00,Asset freeze
WL002671,Individual,IND0027392,,Adverse media-like,Adverse Media Index (fictional),2017-01-30 00:00:00,Fraud allegations in media
WL002672,Individual,IND0052632,,PEP-like,Politically Exposed Persons Register (fictional),2023-05-29 00:00:00,Senior public function
WL002673,Individual,IND0038477,,PEP-like,Politically Exposed Persons Register (fictional),2023-06-26 00:00:00,Senior public function
WL002674,Entity,,ENT003810,Adverse media-like,Adverse Media Index (fictional),2024-05-16 00:00:00,Fraud allegations in media
WL002675,Individual,IND0024534,,Sanctions-like,Global Restricted Parties List (fictional),2020-07-03 00:00:00,Asset freeze
WL002676,Entity,,ENT005530,Adverse media-like,Adverse Media Index (fictional),2020-01-03 00:00:00,Fraud allegations in media
WL002677,Individual,IND0038786,,Sanctions-like,Global Restricted Parties List (fictional),2020-01-21 00:00:00,Asset freeze
WL002678,Individual,IND0056758,,Adverse media-like,Adverse Media Index (fictional),2019-02-01 00:00:00,Fraud allegations in media
WL002679,Entity,,ENT002097,PEP-like,Politically Exposed Persons Register (fictional),2017-01-25 00:00:00,Senior public function
WL002680,Individual,IND0046759,,PEP-like,Politically Exposed Persons Register (fictional),2022-03-29 00:00:00,Senior public function
WL002681,Entity,,ENT004489,Law enforcement-like,Regional Enforcement Bulletin (fictional),2020-11-16 00:00:00,Under investigation
WL002682,Individual,IND0056572,,Law enforcement-like,Regional Enforcement Bulletin (fictional),2026-03-20 00:00:00,Under investigation
WL002683,Entity,,ENT004095,Adverse media-like,Adverse Media Index (fictional),2016-12-27 00:00:00,Fraud allegations in media
WL002684,Entity,,ENT002892,Adverse media-like,Adverse Media Index (fictional),2025-12-13 00:00:00,Fraud allegations in media
WL002685,Entity,,ENT003021,Adverse media-like,Adverse Media Index (fictional),2023-09-25 00:00:00,Fraud allegations in media
WL002686,Individual,IND0008777,,Adverse media-like,Adverse Media Index (fictional),2025-06-02 00:00:00,Fraud allegations in media
WL002687,Individual,IND0057449,,Adverse media-like,Adverse Media Index (fictional),2018-06-29 00:00:00,Fraud allegations in media
WL002688,Individual,IND0006919,,Sanctions-like,Global Restricted Parties List (fictional),2025-03-24 00:00:00,Asset freeze
WL002689,Individual,IND0006736,,Law enforcement-like,Regional Enforcement Bulletin (fictional),2024-04-19 00:00:00,Under investigation
WL002690,Entity,,ENT009122,Sanctions-like,Global Restricted Parties List (fictional),2024-01-05 00:00:00,Asset freeze
WL002691,Individual,IND0035140,,Adverse media-like,Adverse Media Index (fictional),2022-07-20 00:00:00,Fraud allegations in media
WL002692,Individual,IND0049620,,Adverse media-like,Adverse Media Index (fictional),2026-08-18 00:00:00,Fraud allegations in media
WL002693,Individual,IND0016376,,Adverse media-like,Adverse Media Index (fictional),2018-05-17 00:00:00,Fraud allegations in media
WL002694,Entity,,ENT005796,Adverse media-like,Adverse Media Index (fictional),2017-11-06 00:00:00,Fraud allegations in media
WL002695,Entity,,ENT002667,PEP-like,Politically Exposed Persons Register (fictional),2025-03-13 00:00:00,Senior public function
WL002696,Individual,IND0036493,,PEP-like,Politically Exposed Persons Register (fictional),2020-09-21 00:00:00,Senior public function
WL002697,Individual,IND0058965,,PEP-like,Politically Exposed Persons Register (fictional),2020-10-14 00:00:00,Senior public function
WL002698,Entity,,ENT001565,Sanctions-like,Global Restricted Parties List (fictional),2015-11-10 00:00:00,Asset freeze
WL002699,Entity,,ENT007396,PEP-like,Politically Exposed Persons Register (fictional),2020-02-28 00:00:00,Senior public function
WL002700,Entity,,ENT002439,Adverse media-like,Adverse Media Index (fictional),2026-02-02 00:00:00,Fraud allegations in media
WL002701,Individual,IND0001265,,PEP-like,Politically Exposed Persons Register (fictional),2019-04-30 00:00:00,Senior public function
WL002702,Entity,,ENT008492,Law enforcement-like,Regional Enforcement Bulletin (fictional),2025-05-12 00:00:00,Under investigation
WL002703,Entity,,ENT003175,PEP-like,Politically Exposed Persons Register (fictional),2015-07-24 00:00:00,Senior public function
WL002704,Entity,,ENT002567,Adverse media-like,Adverse Media Index (fictional),2020-12-01 00:00:00,Fraud allegations in media
WL002705,Individual,IND0054544,,Sanctions-like,Global Restricted Parties List (fictional),2019-10-16 00:00:00,Asset freeze
WL002706,Individual,IND0005033,,Adverse media-like,Adverse Media Index (fictional),2021-10-01 00:00:00,Fraud allegations in media
WL002707,Individual,IND0000202,,PEP-like,Politically Exposed Persons Register (fictional),2025-12-29 00:00:00,Senior public function
WL002708,Individual,IND0037207,,Law enforcement-like,Regional Enforcement Bulletin (fictional),2025-11-06 00:00:00,Under investigation
WL002709,Entity,,ENT009772,PEP-like,Politically Exposed Persons Register (fictional),2016-10-14 00:00:00,Senior public function
WL002710,Individual,IND0009516,,PEP-like,Politically Exposed Persons Register (fictional),2015-04-10 00:00:00,Senior public function
WL002711,Individual,IND0045842,,Law enforcement-like,Regional Enforcement Bulletin (fictional),2022-07-22 00:00:00,Under investigation
WL002712,Entity,,ENT001095,PEP-like,Politically Exposed Persons Register (fictional),2019-05-31 00:00:00,Senior public function
WL002713,Individual,IND0052517,,PEP-like,Politically Exposed Persons Register (fictional),2024-09-10 00:00:00,Senior public function
WL002714,Individual,IND0054299,,PEP-like,Politically Exposed Persons Register (fictional),2021-04-19 00:00:00,Senior public function
WL002715,Individual,IND0000919,,PEP-like,Politically Exposed Persons Register (fictional),2016-11-16 00:00:00,Senior public function
WL002716,Entity,,ENT005273,Sanctions-like,Global Restricted Parties List (fictional),2016-08-22 00:00:00,Asset freeze
WL002717,Entity,,ENT002453,Adverse media-like,Adverse Media Index (fictional),2017-11-17 00:00:00,Fraud allegations in media
WL002718,Individual,IND0027871,,Law enforcement-like,Regional Enforcement Bulletin (fictional),2022-10-28 00:00:00,Under investigation
WL002719,Individual,IND0045796,,Adverse media-like,Adverse Media Index (fictional),2021-01-16 00:00:00,Fraud allegations in media
WL002720,Individual,IND0000954,,Sanctions-like,Global Restricted Parties List (fictional),2026-06-22 00:00:00,Asset freeze
WL002721,Individual,IND0015016,,Adverse media-like,Adverse Media Index (fictional),2018-04-27 00:00:00,Fraud allegations in media
WL002722,Entity,,ENT006230,Sanctions-like,Global Restricted Parties List (fictional),2021-03-05 00:00:00,Asset freeze
WL002723,Individual,IND0050082,,Adverse media-like,Adverse Media Index (fictional),2018-03-16 00:00:00,Fraud allegations in media
WL002724,Entity,,ENT008748,Adverse media-like,Adverse Media Index (fictional),2017-04-21 00:00:00,Fraud allegations in media
WL002725,Entity,,ENT002119,Adverse media-like,Adverse Media Index (fictional),2016-06-21 00:00:00,Fraud allegations in media
WL002726,Entity,,ENT001333,Sanctions-like,Global Restricted Parties List (fictional),2015-11-04 00:00:00,Asset freeze
WL002727,Individual,IND0018423,,Law enforcement-like,Regional Enforcement Bulletin (fictional),2023-02-20 00:00:00,Under investigation
WL002728,Entity,,ENT005205,PEP-like,Politically Exposed Persons Register (fictional),2022-10-10 00:00:00,Senior public function
WL002729,Individual,IND0038603,,Adverse media-like,Adverse Media Index (fictional),2021-10-06 00:00:00,Fraud allegations in media
WL002730,Individual,IND0023413,,Adverse media-like,Adverse Media Index (fictional),2023-06-13 00:00:00,Fraud allegations in media
WL002731,Individual,IND0045077,,PEP-like,Politically Exposed Persons Register (fictional),2024-04-10 00:00:00,Senior public function
WL002732,Entity,,ENT009489,PEP-like,Politically Exposed Persons Register (fictional),2016-05-06 00:00:00,Senior public function
WL002733,Entity,,ENT006965,PEP-like,Politically Exposed Persons Register (fictional),2015-11-16 00:00:00,Senior public function
WL002734,Entity,,ENT002646,PEP-like,Politically Exposed Persons Register (fictional),2019-11-08 00:00:00,Senior public function
WL002735,Individual,IND0026056,,Adverse media-like,Adverse Media Index (fictional),2021-08-27 00:00:00,Fraud allegations in media
WL002736,Individual,IND0007201,,Sanctions-like,Global Restricted Parties List (fictional),2025-08-05 00:00:00,Asset freeze
WL002737,Entity,,ENT000852,Adverse media-like,Adverse Media Index (fictional),2017-04-17 00:00:00,Fraud allegations in media
WL002738,Individual,IND0032932,,Sanctions-like,Global Restricted Parties List (fictional),2019-06-13 00:00:00,Asset freeze
WL002739,Entity,,ENT008907,PEP-like,Politically Exposed Persons Register (fictional),2015-07-13 00:00:00,Senior public function
WL002740,Individual,IND0021682,,Adverse media-like,Adverse Media Index (fictional),2023-08-02 00:00:00,Fraud allegations in media
WL002741,Individual,IND0050759,,Sanctions-like,Global Restricted Parties List (fictional),2024-12-17 00:00:00,Asset freeze
WL002742,Entity,,ENT007082,Adverse media-like,Adverse Media Index (fictional),2022-07-11 00:00:00,Fraud allegations in media
WL002743,Entity,,ENT007109,PEP-like,Politically Exposed Persons Register (fictional),2016-08-10 00:00:00,Senior public function
WL002744,Individual,IND0001143,,Adverse media-like,Adverse Media Index (fictional),2016-11-25 00:00:00,Fraud allegations in media
WL002745,Individual,IND0014848,,PEP-like,Politically Exposed Persons Register (fictional),2019-12-20 00:00:00,Senior public function
WL002746,Entity,,ENT004899,PEP-like,Politically Exposed Persons Register (fictional),2025-08-15 00:00:00,Senior public function
WL002747,Entity,,ENT005283,Law enforcement-like,Regional Enforcement Bulletin (fictional),2018-04-27 00:00:00,Under investigation
WL002748,Individual,IND0041563,,PEP-like,Politically Exposed Persons Register (fictional),2020-05-05 00:00:00,Senior public function
WL002749,Individual,IND0052230,,Sanctions-like,Global Restricted Parties List (fictional),2018-04-16 00:00:00,Asset freeze
WL002750,Entity,,ENT002921,Sanctions-like,Global Restricted Parties List (fictional),2016-02-24 00:00:00,Asset freeze
WL002751,Individual,IND0034544,,PEP-like,Politically Exposed Persons Register (fictional),2015-12-01 00:00:00,Senior public function
WL002752,Individual,IND0010157,,PEP-like,Politically Exposed Persons Register (fictional),2026-07-31 00:00:00,Senior public function
WL002753,Individual,IND0017114,,PEP-like,Politically Exposed Persons Register (fictional),2022-07-29 00:00:00,Senior public function
WL002754,Individual,IND0021521,,PEP-like,Politically Exposed Persons Register (fictional),2019-12-05 00:00:00,Senior public function
WL002755,Individual,IND0043958,,Adverse media-like,Adverse Media Index (fictional),2019-10-25 00:00:00,Fraud allegations in media
WL002756,Entity,,ENT004716,Sanctions-like,Global Restricted Parties List (fictional),2023-11-24 00:00:00,Asset freeze
WL002757,Individual,IND0029619,,Sanctions-like,Global Restricted Parties List (fictional),2019-05-22 00:00:00,Asset freeze
WL002758,Entity,,ENT007993,Sanctions-like,Global Restricted Parties List (fictional),2018-12-19 00:00:00,Asset freeze
WL002759,Entity,,ENT001163,Sanctions-like,Global Restricted Parties List (fictional),2016-08-08 00:00:00,Asset freeze
WL002760,Entity,,ENT002084,Sanctions-like,Global Restricted Parties List (fictional),2020-02-20 00:00:00,Asset freeze
WL002761,Entity,,ENT000995,Sanctions-like,Global Restricted Parties List (fictional),2021-11-07 00:00:00,Asset freeze
WL002762,Individual,IND0009349,,Sanctions-like,Global Restricted Parties List (fictional),2020-04-21 00:00:00,Asset freeze
WL002763,Entity,,ENT002618,PEP-like,Politically Exposed Persons Register (fictional),2019-05-27 00:00:00,Senior public function
WL002764,Individual,IND0010394,,Sanctions-like,Global Restricted Parties List (fictional),2018-03-30 00:00:00,Asset freeze
WL002765,Individual,IND0036184,,Law enforcement-like,Regional Enforcement Bulletin (fictional),2020-11-18 00:00:00,Under investigation
WL002766,Entity,,ENT002496,Sanctions-like,Global Restricted Parties List (fictional),2024-08-14 00:00:00,Asset freeze
WL002767,Individual,IND0055982,,PEP-like,Politically Exposed Persons Register (fictional),2020-06-29 00:00:00,Senior public function
WL002768,Entity,,ENT008651,Adverse media-like,Adverse Media Index (fictional),2025-02-07 00:00:00,Fraud allegations in media
WL002769,Individual,IND0019583,,Sanctions-like,Global Restricted Parties List (fictional),2018-07-30 00:00:00,Asset freeze
WL002770,Individual,IND0014778,,PEP-like,Politically Exposed Persons Register (fictional),2016-09-06 00:00:00,Senior public function
WL002771,Individual,IND0008079,,Adverse media-like,Adverse Media Index (fictional),2022-06-12 00:00:00,Fraud allegations in media
WL002772,Entity,,ENT000604,Sanctions-like,Global Restricted Parties List (fictional),2017-03-14 00:00:00,Asset freeze
WL002773,Entity,,ENT002320,Adverse media-like,Adverse Media Index (fictional),2017-07-31 00:00:00,Fraud allegations in media
WL002774,Entity,,ENT002142,Sanctions-like,Global Restricted Parties List (fictional),2024-05-27 00:00:00,Asset freeze
WL002775,Entity,,ENT009170,Adverse media-like,Adverse Media Index (fictional),2017-08-01 00:00:00,Fraud allegations in media
WL002776,Individual,IND0008441,,PEP-like,Politically Exposed Persons Register (fictional),2022-10-10 00:00:00,Senior public function
WL002777,Individual,IND0057523,,Sanctions-like,Global Restricted Parties List (fictional),2022-10-24 00:00:00,Asset freeze
WL002778,Individual,IND0034653,,PEP-like,Politically Exposed Persons Register (fictional),2025-11-03 00:00:00,Senior public function
WL002779,Individual,IND0022493,,PEP-like,Politically Exposed Persons Register (fictional),2025-06-16 00:00:00,Senior public function
WL002780,Entity,,ENT003733,PEP-like,Politically Exposed Persons Register (fictional),2026-09-17 00:00:00,Senior public function
WL002781,Individual,IND0033896,,Law enforcement-like,Regional Enforcement Bulletin (fictional),2023-05-08 00:00:00,Under investigation
WL002782,Individual,IND0001562,,Sanctions-like,Global Restricted Parties List (fictional),2023-11-03 00:00:00,Asset freeze
WL002783,Entity,,ENT000223,PEP-like,Politically Exposed Persons Register (fictional),2017-02-14 00:00:00,Senior public function
WL002784,Entity,,ENT000301,Adverse media-like,Adverse Media Index (fictional),2024-10-24 00:00:00,Fraud allegations in media
WL002785,Individual,IND0032550,,Adverse media-like,Adverse Media Index (fictional),2015-12-31 00:00:00,Fraud allegations in media
WL002786,Individual,IND0055315,,PEP-like,Politically Exposed Persons Register (fictional),2023-02-13 00:00:00,Senior public function
WL002787,Entity,,ENT005575,Adverse media-like,Adverse Media Index (fictional),2025-03-14 00:00:00,Fraud allegations in media
WL002788,Entity,,ENT005375,Sanctions-like,Global Restricted Parties List (fictional),2026-08-28 00:00:00,Asset freeze
WL002789,Entity,,ENT006042,Law enforcement-like,Regional Enforcement Bulletin (fictional),2021-09-26 00:00:00,Under investigation
WL002790,Individual,IND0022636,,PEP-like,Politically Exposed Persons Register (fictional),2019-03-04 00:00:00,Senior public function
WL002791,Individual,IND0037922,,PEP-like,Politically Exposed Persons Register (fictional),2015-08-13 00:00:00,Senior public function
WL002792,Individual,IND0022409,,Sanctions-like,Global Restricted Parties List (fictional),2018-10-14 00:00:00,Asset freeze
WL002793,Individual,IND0035210,,Law enforcement-like,Regional Enforcement Bulletin (fictional),2022-02-15 00:00:00,Under investigation
WL002794,Individual,IND0018907,,PEP-like,Politically Exposed Persons Register (fictional),2017-05-26 00:00:00,Senior public function
WL002795,Entity,,ENT001330,Sanctions-like,Global Restricted Parties List (fictional),2020-06-10 00:00:00,Asset freeze
WL002796,Individual,IND0057053,,PEP-like,Politically Exposed Persons Register (fictional),2018-11-23 00:00:00,Senior public function
WL002797,Individual,IND0021499,,Adverse media-like,Adverse Media Index (fictional),2015-08-25 00:00:00,Fraud allegations in media
WL002798,Individual,IND0052427,,Law enforcement-like,Regional Enforcement Bulletin (fictional),2021-08-02 00:00:00,Under investigation
WL002799,Individual,IND0050397,,PEP-like,Politically Exposed Persons Register (fictional),2015-12-07 00:00:00,Senior public function
WL002800,Individual,IND0022109,,PEP-like,Politically Exposed Persons Register (fictional),2020-09-25 00:00:00,Senior public function
WL002801,Individual,IND0038776,,Sanctions-like,Global Restricted Parties List (fictional),2022-02-08 00:00:00,Asset freeze
WL002802,Individual,IND0047718,,Law enforcement-like,Regional Enforcement Bulletin (fictional),2021-04-26 00:00:00,Under investigation
WL002803,Individual,IND0030373,,Law enforcement-like,Regional Enforcement Bulletin (fictional),2015-04-15 00:00:00,Under investigation
WL002804,Individual,IND0044687,,Sanctions-like,Global Restricted Parties List (fictional),2016-01-22 00:00:00,Asset freeze
WL002805,Entity,,ENT001830,Adverse media-like,Adverse Media Index (fictional),2020-07-23 00:00:00,Fraud allegations in media
WL002806,Entity,,ENT003813,Adverse media-like,Adverse Media Index (fictional),2020-04-27 00:00:00,Fraud allegations in media
WL002807,Individual,IND0044155,,Sanctions-like,Global Restricted Parties List (fictional),2022-02-23 00:00:00,Asset freeze
WL002808,Entity,,ENT006290,Law enforcement-like,Regional Enforcement Bulletin (fictional),2020-01-24 00:00:00,Under investigation
WL002809,Individual,IND0052198,,PEP-like,Politically Exposed Persons Register (fictional),2025-04-10 00:00:00,Senior public function
WL002810,Entity,,ENT002145,PEP-like,Politically Exposed Persons Register (fictional),2019-08-13 00:00:00,Senior public function
WL002811,Entity,,ENT008178,Law enforcement-like,Regional Enforcement Bulletin (fictional),2020-12-15 00:00:00,Under investigation
WL002812,Entity,,ENT005500,Sanctions-like,Global Restricted Parties List (fictional),2017-02-13 00:00:00,Asset freeze
WL002813,Entity,,ENT009942,Adverse media-like,Adverse Media Index (fictional),2023-04-17 00:00:00,Fraud allegations in media
WL002814,Entity,,ENT002166,PEP-like,Politically Exposed Persons Register (fictional),2026-08-28 00:00:00,Senior public function
WL002815,Individual,IND0008675,,Adverse media-like,Adverse Media Index (fictional),2023-02-20 00:00:00,Fraud allegations in media
WL002816,Entity,,ENT000593,Adverse media-like,Adverse Media Index (fictional),2017-11-10 00:00:00,Fraud allegations in media
WL002817,Entity,,ENT002261,Sanctions-like,Global Restricted Parties List (fictional),2025-01-08 00:00:00,Asset freeze
WL002818,Individual,IND0046422,,Sanctions-like,Global Restricted Parties List (fictional),2026-06-09 00:00:00,Asset freeze
WL002819,Individual,IND0046617,,Adverse media-like,Adverse Media Index (fictional),2026-07-13 00:00:00,Fraud allegations in media
WL002820,Entity,,ENT009687,Law enforcement-like,Regional Enforcement Bulletin (fictional),2022-03-15 00:00:00,Under investigation
WL002821,Entity,,ENT009630,Adverse media-like,Adverse Media Index (fictional),2025-11-17 00:00:00,Fraud allegations in media
WL002822,Individual,IND0016406,,Sanctions-like,Global Restricted Parties List (fictional),2016-07-18 00:00:00,Asset freeze
WL002823,Individual,IND0040658,,Adverse media-like,Adverse Media Index (fictional),2020-05-07 00:00:00,Fraud allegations in media
WL002824,Individual,IND0049306,,Sanctions-like,Global Restricted Parties List (fictional),2015-04-22 00:00:00,Asset freeze
WL002825,Entity,,ENT002916,Adverse media-like,Adverse Media Index (fictional),2018-12-24 00:00:00,Fraud allegations in media
WL002826,Individual,IND0021426,,Sanctions-like,Global Restricted Parties List (fictional),2020-05-20 00:00:00,Asset freeze
WL002827,Individual,IND0008336,,Sanctions-like,Global Restricted Parties List (fictional),2020-08-10 00:00:00,Asset freeze
WL002828,Individual,IND0008115,,PEP-like,Politically Exposed Persons Register (fictional),2021-08-27 00:00:00,Senior public function
WL002829,Individual,IND0015564,,Sanctions-like,Global Restricted Parties List (fictional),2017-03-20 00:00:00,Asset freeze
WL002830,Entity,,ENT009837,Adverse media-like,Adverse Media Index (fictional),2022-04-13 00:00:00,Fraud allegations in media
WL002831,Individual,IND0019696,,Law enforcement-like,Regional Enforcement Bulletin (fictional),2023-01-16 00:00:00,Under investigation
WL002832,Individual,IND0026717,,PEP-like,Politically Exposed Persons Register (fictional),2017-06-19 00:00:00,Senior public function
WL002833,Entity,,ENT002845,PEP-like,Politically Exposed Persons Register (fictional),2025-02-06 00:00:00,Senior public function
WL002834,Individual,IND0040181,,PEP-like,Politically Exposed Persons Register (fictional),2018-07-06 00:00:00,Senior public function
WL002835,Individual,IND0030633,,PEP-like,Politically Exposed Persons Register (fictional),2017-09-06 00:00:00,Senior public function
WL002836,Individual,IND0016485,,Adverse media-like,Adverse Media Index (fictional),2022-07-14 00:00:00,Fraud allegations in media
WL002837,Individual,IND0053215,,PEP-like,Politically Exposed Persons Register (fictional),2020-07-01 00:00:00,Senior public function
WL002838,Entity,,ENT005543,PEP-like,Politically Exposed Persons Register (fictional),2016-10-17 00:00:00,Senior public function
WL002839,Individual,IND0034455,,Law enforcement-like,Regional Enforcement Bulletin (fictional),2020-11-09 00:00:00,Under investigation
WL002840,Individual,IND0017365,,Sanctions-like,Global Restricted Parties List (fictional),2019-09-18 00:00:00,Asset freeze
WL002841,Entity,,ENT009657,Adverse media-like,Adverse Media Index (fictional),2021-01-04 00:00:00,Fraud allegations in media
WL002842,Individual,IND0042355,,PEP-like,Politically Exposed Persons Register (fictional),2021-06-28 00:00:00,Senior public function
WL002843,Individual,IND0003802,,Adverse media-like,Adverse Media Index (fictional),2019-09-06 00:00:00,Fraud allegations in media
WL002844,Entity,,ENT006871,Adverse media-like,Adverse Media Index (fictional),2017-11-10 00:00:00,Fraud allegations in media
WL002845,Individual,IND0018574,,Adverse media-like,Adverse Media Index (fictional),2017-12-23 00:00:00,Fraud allegations in media
WL002846,Entity,,ENT005975,PEP-like,Politically Exposed Persons Register (fictional),2023-06-02 00:00:00,Senior public function
WL002847,Entity,,ENT002113,Sanctions-like,Global Restricted Parties List (fictional),2019-05-15 00:00:00,Asset freeze
WL002848,Individual,IND0052830,,Sanctions-like,Global Restricted Parties List (fictional),2024-07-08 00:00:00,Asset freeze
WL002849,Entity,,ENT007359,Law enforcement-like,Regional Enforcement Bulletin (fictional),2019-05-27 00:00:00,Under investigation
WL002850,Individual,IND0037357,,Sanctions-like,Global Restricted Parties List (fictional),2022-11-24 00:00:00,Asset freeze
WL002851,Individual,IND0051605,,Sanctions-like,Global Restricted Parties List (fictional),2017-03-14 00:00:00,Asset freeze
WL002852,Entity,,ENT000431,Sanctions-like,Global Restricted Parties List (fictional),2022-08-19 00:00:00,Asset freeze
WL002853,Individual,IND0037055,,Adverse media-like,Adverse Media Index (fictional),2015-12-07 00:00:00,Fraud allegations in media
WL002854,Entity,,ENT007528,PEP-like,Politically Exposed Persons Register (fictional),2017-09-18 00:00:00,Senior public function
WL002855,Individual,IND0028238,,PEP-like,Politically Exposed Persons Register (fictional),2018-09-07 00:00:00,Senior public function
WL002856,Entity,,ENT005632,PEP-like,Politically Exposed Persons Register (fictional),2023-12-09 00:00:00,Senior public function
WL002857,Individual,IND0023572,,Law enforcement-like,Regional Enforcement Bulletin (fictional),2020-05-06 00:00:00,Under investigation
WL002858,Individual,IND0009547,,Sanctions-like,Global Restricted Parties List (fictional),2018-07-16 00:00:00,Asset freeze
WL002859,Entity,,ENT007604,Law enforcement-like,Regional Enforcement Bulletin (fictional),2020-06-23 00:00:00,Under investigation
WL002860,Entity,,ENT002999,Sanctions-like,Global Restricted Parties List (fictional),2016-04-03 00:00:00,Asset freeze
WL002861,Individual,IND0048902,,PEP-like,Politically Exposed Persons Register (fictional),2024-12-05 00:00:00,Senior public function
WL002862,Individual,IND0008561,,PEP-like,Politically Exposed Persons Register (fictional),2019-10-21 00:00:00,Senior public function
WL002863,Individual,IND0027100,,Sanctions-like,Global Restricted Parties List (fictional),2018-11-07 00:00:00,Asset freeze
WL002864,Individual,IND0051897,,Sanctions-like,Global Restricted Parties List (fictional),2015-01-19 00:00:00,Asset freeze
WL002865,Entity,,ENT008295,Adverse media-like,Adverse Media Index (fictional),2026-09-02 00:00:00,Fraud allegations in media
WL002866,Entity,,ENT003838,PEP-like,Politically Exposed Persons Register (fictional),2017-07-12 00:00:00,Senior public function
WL002867,Entity,,ENT002970,Adverse media-like,Adverse Media Index (fictional),2018-06-22 00:00:00,Fraud allegations in media
WL002868,Individual,IND0013413,,Sanctions-like,Global Restricted Parties List (fictional),2017-02-14 00:00:00,Asset freeze
WL002869,Entity,,ENT003824,Adverse media-like,Adverse Media Index (fictional),2018-07-06 00:00:00,Fraud allegations in media
WL002870,Individual,IND0059401,,PEP-like,Politically Exposed Persons Register (fictional),2022-12-08 00:00:00,Senior public function
WL002871,Individual,IND0029116,,Adverse media-like,Adverse Media Index (fictional),2026-06-10 00:00:00,Fraud allegations in media
WL002872,Entity,,ENT005779,Adverse media-like,Adverse Media Index (fictional),2023-03-03 00:00:00,Fraud allegations in media
WL002873,Individual,IND0041444,,Adverse media-like,Adverse Media Index (fictional),2015-06-05 00:00:00,Fraud allegations in media
WL002874,Entity,,ENT005153,Law enforcement-like,Regional Enforcement Bulletin (fictional),2021-09-07 00:00:00,Under investigation
WL002875,Entity,,ENT006500,Sanctions-like,Global Restricted Parties List (fictional),2023-06-29 00:00:00,Asset freeze
WL002876,Individual,IND0048600,,Adverse media-like,Adverse Media Index (fictional),2023-06-05 00:00:00,Fraud allegations in media
WL002877,Individual,IND0006152,,Adverse media-like,Adverse Media Index (fictional),2020-07-16 00:00:00,Fraud allegations in media
WL002878,Individual,IND0019762,,Law enforcement-like,Regional Enforcement Bulletin (fictional),2021-05-28 00:00:00,Under investigation
WL002879,Entity,,ENT009697,Adverse media-like,Adverse Media Index (fictional),2017-02-07 00:00:00,Fraud allegations in media
WL002880,Individual,IND0046049,,PEP-like,Politically Exposed Persons Register (fictional),2021-08-15 00:00:00,Senior public function
WL002881,Individual,IND0030357,,Adverse media-like,Adverse Media Index (fictional),2025-06-04 00:00:00,Fraud allegations in media
WL002882,Individual,IND0017374,,PEP-like,Politically Exposed Persons Register (fictional),2025-10-28 00:00:00,Senior public function
WL002883,Entity,,ENT003896,PEP-like,Politically Exposed Persons Register (fictional),2025-08-01 00:00:00,Senior public function
WL002884,Entity,,ENT002111,Adverse media-like,Adverse Media Index (fictional),2018-11-28 00:00:00,Fraud allegations in media
WL002885,Individual,IND0046521,,PEP-like,Politically Exposed Persons Register (fictional),2021-02-20 00:00:00,Senior public function
WL002886,Entity,,ENT006519,PEP-like,Politically Exposed Persons Register (fictional),2023-10-27 00:00:00,Senior public function
WL002887,Individual,IND0017679,,Sanctions-like,Global Restricted Parties List (fictional),2026-01-30 00:00:00,Asset freeze
WL002888,Individual,IND0009638,,Adverse media-like,Adverse Media Index (fictional),2021-05-03 00:00:00,Fraud allegations in media
WL002889,Individual,IND0050142,,PEP-like,Politically Exposed Persons Register (fictional),2021-02-15 00:00:00,Senior public function
WL002890,Individual,IND0002083,,Sanctions-like,Global Restricted Parties List (fictional),2017-03-07 00:00:00,Asset freeze
WL002891,Entity,,ENT006168,Adverse media-like,Adverse Media Index (fictional),2024-07-16 00:00:00,Fraud allegations in media
WL002892,Individual,IND0045168,,Law enforcement-like,Regional Enforcement Bulletin (fictional),2023-09-13 00:00:00,Under investigation
WL002893,Entity,,ENT007066,PEP-like,Politically Exposed Persons Register (fictional),2024-06-19 00:00:00,Senior public function
WL002894,Individual,IND0032154,,Adverse media-like,Adverse Media Index (fictional),2024-07-19 00:00:00,Fraud allegations in media
WL002895,Individual,IND0022540,,Adverse media-like,Adverse Media Index (fictional),2017-05-15 00:00:00,Fraud allegations in media
WL002896,Entity,,ENT000035,Law enforcement-like,Regional Enforcement Bulletin (fictional),2026-08-27 00:00:00,Under investigation
WL002897,Entity,,ENT003332,PEP-like,Politically Exposed Persons Register (fictional),2019-01-02 00:00:00,Senior public function
WL002898,Individual,IND0032097,,Adverse media-like,Adverse Media Index (fictional),2018-02-19 00:00:00,Fraud allegations in media
WL002899,Individual,IND0002149,,Sanctions-like,Global Restricted Parties List (fictional),2025-11-29 00:00:00,Asset freeze
WL002900,Individual,IND0012732,,PEP-like,Politically Exposed Persons Register (fictional),2022-07-15 00:00:00,Senior public function
WL002901,Individual,IND0007841,,Adverse media-like,Adverse Media Index (fictional),2026-04-24 00:00:00,Fraud allegations in media
WL002902,Individual,IND0046753,,Law enforcement-like,Regional Enforcement Bulletin (fictional),2024-02-18 00:00:00,Under investigation
WL002903,Individual,IND0031806,,PEP-like,Politically Exposed Persons Register (fictional),2024-11-08 00:00:00,Senior public function
WL002904,Entity,,ENT006521,Sanctions-like,Global Restricted Parties List (fictional),2021-03-02 00:00:00,Asset freeze
WL002905,Individual,IND0055243,,Sanctions-like,Global Restricted Parties List (fictional),2020-12-14 00:00:00,Asset freeze
WL002906,Individual,IND0000141,,PEP-like,Politically Exposed Persons Register (fictional),2016-01-29 00:00:00,Senior public function
WL002907,Entity,,ENT004839,PEP-like,Politically Exposed Persons Register (fictional),2020-03-13 00:00:00,Senior public function
WL002908,Entity,,ENT003343,PEP-like,Politically Exposed Persons Register (fictional),2024-05-20 00:00:00,Senior public function
WL002909,Individual,IND0039445,,PEP-like,Politically Exposed Persons Register (fictional),2024-07-01 00:00:00,Senior public function
WL002910,Individual,IND0051417,,Sanctions-like,Global Restricted Parties List (fictional),2026-09-07 00:00:00,Asset freeze
WL002911,Entity,,ENT008150,PEP-like,Politically Exposed Persons Register (fictional),2016-01-04 00:00:00,Senior public function
WL002912,Entity,,ENT001283,Sanctions-like,Global Restricted Parties List (fictional),2020-11-25 00:00:00,Asset freeze
WL002913,Individual,IND0039927,,Sanctions-like,Global Restricted Parties List (fictional),2016-04-30 00:00:00,Asset freeze
WL002914,Entity,,ENT007272,Sanctions-like,Global Restricted Parties List (fictional),2016-07-07 00:00:00,Asset freeze
WL002915,Individual,IND0048071,,Adverse media-like,Adverse Media Index (fictional),2017-12-09 00:00:00,Fraud allegations in media
WL002916,Individual,IND0001602,,Sanctions-like,Global Restricted Parties List (fictional),2026-02-10 00:00:00,Asset freeze
WL002917,Individual,IND0047354,,Adverse media-like,Adverse Media Index (fictional),2020-10-16 00:00:00,Fraud allegations in media
WL002918,Individual,IND0017440,,PEP-like,Politically Exposed Persons Register (fictional),2020-04-27 00:00:00,Senior public function
WL002919,Individual,IND0015971,,PEP-like,Politically Exposed Persons Register (fictional),2016-05-02 00:00:00,Senior public function
WL002920,Entity,,ENT007170,PEP-like,Politically Exposed Persons Register (fictional),2020-06-15 00:00:00,Senior public function
WL002921,Individual,IND0008966,,Law enforcement-like,Regional Enforcement Bulletin (fictional),2026-05-25 00:00:00,Under investigation
WL002922,Entity,,ENT007645,Law enforcement-like,Regional Enforcement Bulletin (fictional),2021-05-08 00:00:00,Under investigation
WL002923,Individual,IND0001738,,PEP-like,Politically Exposed Persons Register (fictional),2016-03-17 00:00:00,Senior public function
WL002924,Individual,IND0013682,,Law enforcement-like,Regional Enforcement Bulletin (fictional),2017-06-10 00:00:00,Under investigation
WL002925,Individual,IND0040851,,PEP-like,Politically Exposed Persons Register (fictional),2022-09-19 00:00:00,Senior public function
WL002926,Individual,IND0019082,,Sanctions-like,Global Restricted Parties List (fictional),2015-12-26 00:00:00,Asset freeze
WL002927,Entity,,ENT002131,Adverse media-like,Adverse Media Index (fictional),2016-02-17 00:00:00,Fraud allegations in media
WL002928,Individual,IND0051207,,Adverse media-like,Adverse Media Index (fictional),2021-09-03 00:00:00,Fraud allegations in media
WL002929,Individual,IND0043388,,PEP-like,Politically Exposed Persons Register (fictional),2015-06-19 00:00:00,Senior public function
WL002930,Individual,IND0022480,,Law enforcement-like,Regional Enforcement Bulletin (fictional),2017-08-08 00:00:00,Under investigation
WL002931,Entity,,ENT005546,Adverse media-like,Adverse Media Index (fictional),2023-03-16 00:00:00,Fraud allegations in media
WL002932,Individual,IND0038289,,Adverse media-like,Adverse Media Index (fictional),2023-12-18 00:00:00,Fraud allegations in media
WL002933,Entity,,ENT001402,Adverse media-like,Adverse Media Index (fictional),2017-09-13 00:00:00,Fraud allegations in media
WL002934,Individual,IND0051588,,Adverse media-like,Adverse Media Index (fictional),2022-02-07 00:00:00,Fraud allegations in media
WL002935,Individual,IND0050350,,PEP-like,Politically Exposed Persons Register (fictional),2026-05-14 00:00:00,Senior public function
WL002936,Individual,IND0002055,,PEP-like,Politically Exposed Persons Register (fictional),2021-09-14 00:00:00,Senior public function
WL002937,Individual,IND0027351,,PEP-like,Politically Exposed Persons Register (fictional),2022-07-04 00:00:00,Senior public function
WL002938,Individual,IND0003808,,Sanctions-like,Global Restricted Parties List (fictional),2021-01-22 00:00:00,Asset freeze
WL002939,Entity,,ENT005889,PEP-like,Politically Exposed Persons Register (fictional),2020-04-10 00:00:00,Senior public function
WL002940,Entity,,ENT007059,PEP-like,Politically Exposed Persons Register (fictional),2023-02-27 00:00:00,Senior public function
WL002941,Entity,,ENT005018,Sanctions-like,Global Restricted Parties List (fictional),2022-04-26 00:00:00,Asset freeze
WL002942,Individual,IND0025975,,Law enforcement-like,Regional Enforcement Bulletin (fictional),2022-02-21 00:00:00,Under investigation
WL002943,Entity,,ENT002424,Sanctions-like,Global Restricted Parties List (fictional),2024-05-06 00:00:00,Asset freeze
WL002944,Entity,,ENT007413,PEP-like,Politically Exposed Persons Register (fictional),2021-11-18 00:00:00,Senior public function
WL002945,Individual,IND0017882,,Law enforcement-like,Regional Enforcement Bulletin (fictional),2020-10-19 00:00:00,Under investigation
WL002946,Entity,,ENT009722,PEP-like,Politically Exposed Persons Register (fictional),2025-11-13 00:00:00,Senior public function
WL002947,Individual,IND0043338,,Adverse media-like,Adverse Media Index (fictional),2021-06-18 00:00:00,Fraud allegations in media
WL002948,Individual,IND0034746,,Sanctions-like,Global Restricted Parties List (fictional),2017-01-27 00:00:00,Asset freeze
WL002949,Individual,IND0042842,,Sanctions-like,Global Restricted Parties List (fictional),2020-09-16 00:00:00,Asset freeze
WL002950,Entity,,ENT005541,Adverse media-like,Adverse Media Index (fictional),2024-11-11 00:00:00,Fraud allegations in media
WL002951,Individual,IND0041918,,Sanctions-like,Global Restricted Parties List (fictional),2025-01-01 00:00:00,Asset freeze
WL002952,Individual,IND0038807,,PEP-like,Politically Exposed Persons Register (fictional),2024-04-11 00:00:00,Senior public function
WL002953,Individual,IND0006390,,Adverse media-like,Adverse Media Index (fictional),2015-09-28 00:00:00,Fraud allegations in media
WL002954,Entity,,ENT003403,PEP-like,Politically Exposed Persons Register (fictional),2026-02-27 00:00:00,Senior public function
WL002955,Entity,,ENT005056,PEP-like,Politically Exposed Persons Register (fictional),2016-02-12 00:00:00,Senior public function
WL002956,Individual,IND0042272,,Law enforcement-like,Regional Enforcement Bulletin (fictional),2018-10-04 00:00:00,Under investigation
WL002957,Individual,IND0057804,,PEP-like,Politically Exposed Persons Register (fictional),2023-07-10 00:00:00,Senior public function
WL002958,Individual,IND0001933,,Adverse media-like,Adverse Media Index (fictional),2021-06-29 00:00:00,Fraud allegations in media
WL002959,Individual,IND0056661,,Adverse media-like,Adverse Media Index (fictional),2018-10-16 00:00:00,Fraud allegations in media
WL002960,Individual,IND0022761,,Adverse media-like,Adverse Media Index (fictional),2020-11-19 00:00:00,Fraud allegations in media
WL002961,Individual,IND0048676,,Law enforcement-like,Regional Enforcement Bulletin (fictional),2020-05-20 00:00:00,Under investigation
WL002962,Individual,IND0015222,,Law enforcement-like,Regional Enforcement Bulletin (fictional),2016-12-02 00:00:00,Under investigation
WL002963,Entity,,ENT009491,PEP-like,Politically Exposed Persons Register (fictional),2017-12-21 00:00:00,Senior public function
WL002964,Individual,IND0036140,,PEP-like,Politically Exposed Persons Register (fictional),2016-09-16 00:00:00,Senior public function
WL002965,Entity,,ENT004620,Law enforcement-like,Regional Enforcement Bulletin (fictional),2020-06-01 00:00:00,Under investigation
WL002966,Entity,,ENT008936,PEP-like,Politically Exposed Persons Register (fictional),2023-12-22 00:00:00,Senior public function
WL002967,Entity,,ENT006584,Sanctions-like,Global Restricted Parties List (fictional),2024-02-23 00:00:00,Asset freeze
WL002968,Entity,,ENT001808,Sanctions-like,Global Restricted Parties List (fictional),2025-05-28 00:00:00,Asset freeze
WL002969,Entity,,ENT006091,Adverse media-like,Adverse Media Index (fictional),2019-08-06 00:00:00,Fraud allegations in media
WL002970,Entity,,ENT005614,Adverse media-like,Adverse Media Index (fictional),2018-05-23 00:00:00,Fraud allegations in media
WL002971,Individual,IND0020779,,Sanctions-like,Global Restricted Parties List (fictional),2016-09-30 00:00:00,Asset freeze
WL002972,Individual,IND0023682,,PEP-like,Politically Exposed Persons Register (fictional),2025-08-06 00:00:00,Senior public function
WL002973,Entity,,ENT003914,Adverse media-like,Adverse Media Index (fictional),2026-02-09 00:00:00,Fraud allegations in media
WL002974,Individual,IND0036361,,Sanctions-like,Global Restricted Parties List (fictional),2026-03-13 00:00:00,Asset freeze
WL002975,Entity,,ENT006622,Law enforcement-like,Regional Enforcement Bulletin (fictional),2017-09-01 00:00:00,Under investigation
WL002976,Entity,,ENT003633,Law enforcement-like,Regional Enforcement Bulletin (fictional),2020-11-20 00:00:00,Under investigation
WL002977,Entity,,ENT007520,PEP-like,Politically Exposed Persons Register (fictional),2022-08-01 00:00:00,Senior public function
WL002978,Individual,IND0031593,,Adverse media-like,Adverse Media Index (fictional),2025-04-25 00:00:00,Fraud allegations in media
WL002979,Individual,IND0006957,,PEP-like,Politically Exposed Persons Register (fictional),2022-11-21 00:00:00,Senior public function
WL002980,Individual,IND0010863,,PEP-like,Politically Exposed Persons Register (fictional),2025-09-23 00:00:00,Senior public function
WL002981,Individual,IND0002586,,Adverse media-like,Adverse Media Index (fictional),2022-12-30 00:00:00,Fraud allegations in media
WL002982,Entity,,ENT001136,PEP-like,Politically Exposed Persons Register (fictional),2020-08-07 00:00:00,Senior public function
WL002983,Entity,,ENT007118,Adverse media-like,Adverse Media Index (fictional),2018-06-20 00:00:00,Fraud allegations in media
WL002984,Entity,,ENT006547,PEP-like,Politically Exposed Persons Register (fictional),2018-01-03 00:00:00,Senior public function
WL002985,Entity,,ENT000697,Sanctions-like,Global Restricted Parties List (fictional),2015-03-24 00:00:00,Asset freeze
WL002986,Individual,IND0048469,,PEP-like,Politically Exposed Persons Register (fictional),2019-10-09 00:00:00,Senior public function
WL002987,Entity,,ENT006430,Sanctions-like,Global Restricted Parties List (fictional),2018-10-24 00:00:00,Asset freeze
WL002988,Individual,IND0041274,,PEP-like,Politically Exposed Persons Register (fictional),2024-02-02 00:00:00,Senior public function
WL002989,Entity,,ENT006823,Law enforcement-like,Regional Enforcement Bulletin (fictional),2015-12-21 00:00:00,Under investigation
WL002990,Entity,,ENT002060,Sanctions-like,Global Restricted Parties List (fictional),2025-05-29 00:00:00,Asset freeze
WL002991,Entity,,ENT006528,PEP-like,Politically Exposed Persons Register (fictional),2017-01-30 00:00:00,Senior public function
WL002992,Entity,,ENT007699,Law enforcement-like,Regional Enforcement Bulletin (fictional),2023-12-15 00:00:00,Under investigation
WL002993,Entity,,ENT000082,Adverse media-like,Adverse Media Index (fictional),2026-06-03 00:00:00,Fraud allegations in media
WL002994,Entity,,ENT007134,Adverse media-like,Adverse Media Index (fictional),2024-04-15 00:00:00,Fraud allegations in media
WL002995,Entity,,ENT004481,Adverse media-like,Adverse Media Index (fictional),2020-07-30 00:00:00,Fraud allegations in media
WL002996,Entity,,ENT003131,Sanctions-like,Global Restricted Parties List (fictional),2023-06-30 00:00:00,Asset freeze
WL002997,Entity,,ENT006552,Sanctions-like,Global Restricted Parties List (fictional),2024-12-18 00:00:00,Asset freeze
WL002998,Individual,IND0012712,,Adverse media-like,Adverse Media Index (fictional),2023-09-22 00:00:00,Fraud allegations in media
WL002999,Entity,,ENT003113,Adverse media-like,Adverse Media Index (fictional),2022-06-30 00:00:00,Fraud allegations in media
WL003000,Individual,IND0018895,,PEP-like,Politically Exposed Persons Register (fictional),2015-12-07 00:00:00,Senior public function
WL003001,Individual,IND0050634,,Law enforcement-like,Regional Enforcement Bulletin (fictional),2016-08-09 00:00:00,Under investigation
WL003002,Individual,IND0044464,,Sanctions-like,Global Restricted Parties List (fictional),2015-06-15 00:00:00,Asset freeze
WL003003,Individual,IND0026842,,Adverse media-like,Adverse Media Index (fictional),2025-03-05 00:00:00,Fraud allegations in media
WL003004,Individual,IND0001437,,PEP-like,Politically Exposed Persons Register (fictional),2024-07-22 00:00:00,Senior public function
WL003005,Individual,IND0040139,,PEP-like,Politically Exposed Persons Register (fictional),2019-08-09 00:00:00,Senior public function
WL003006,Individual,IND0019872,,PEP-like,Politically Exposed Persons Register (fictional),2022-06-23 00:00:00,Senior public function
WL003007,Individual,IND0008835,,Sanctions-like,Global Restricted Parties List (fictional),2018-08-24 00:00:00,Asset freeze
WL003008,Entity,,ENT003679,Adverse media-like,Adverse Media Index (fictional),2022-09-20 00:00:00,Fraud allegations in media
WL003009,Entity,,ENT004854,PEP-like,Politically Exposed Persons Register (fictional),2016-12-29 00:00:00,Senior public function
WL003010,Entity,,ENT001237,Adverse media-like,Adverse Media Index (fictional),2021-03-15 00:00:00,Fraud allegations in media
WL003011,Individual,IND0037861,,Adverse media-like,Adverse Media Index (fictional),2017-08-27 00:00:00,Fraud allegations in media
WL003012,Individual,IND0015021,,PEP-like,Politically Exposed Persons Register (fictional),2021-10-04 00:00:00,Senior public function
WL003013,Individual,IND0045632,,Law enforcement-like,Regional Enforcement Bulletin (fictional),2026-01-16 00:00:00,Under investigation
WL003014,Individual,IND0020046,,PEP-like,Politically Exposed Persons Register (fictional),2015-03-17 00:00:00,Senior public function
WL003015,Individual,IND0050130,,PEP-like,Politically Exposed Persons Register (fictional),2020-06-16 00:00:00,Senior public function
WL003016,Entity,,ENT007004,PEP-like,Politically Exposed Persons Register (fictional),2018-01-15 00:00:00,Senior public function
WL003017,Entity,,ENT008385,Sanctions-like,Global Restricted Parties List (fictional),2019-04-26 00:00:00,Asset freeze
WL003018,Individual,IND0026600,,Sanctions-like,Global Restricted Parties List (fictional),2015-11-02 00:00:00,Asset freeze
WL003019,Individual,IND0034320,,Adverse media-like,Adverse Media Index (fictional),2019-02-11 00:00:00,Fraud allegations in media
WL003020,Individual,IND0008063,,PEP-like,Politically Exposed Persons Register (fictional),2019-09-18 00:00:00,Senior public function
WL003021,Individual,IND0058500,,PEP-like,Politically Exposed Persons Register (fictional),2025-10-19 00:00:00,Senior public function
WL003022,Individual,IND0052940,,PEP-like,Politically Exposed Persons Register (fictional),2019-09-06 00:00:00,Senior public function
WL003023,Entity,,ENT008725,Adverse media-like,Adverse Media Index (fictional),2020-01-26 00:00:00,Fraud allegations in media
WL003024,Entity,,ENT004041,Sanctions-like,Global Restricted Parties List (fictional),2018-04-11 00:00:00,Asset freeze
WL003025,Individual,IND0047353,,PEP-like,Politically Exposed Persons Register (fictional),2023-07-05 00:00:00,Senior public function
WL003026,Individual,IND0012915,,PEP-like,Politically Exposed Persons Register (fictional),2021-11-12 00:00:00,Senior public function
WL003027,Individual,IND0023156,,Law enforcement-like,Regional Enforcement Bulletin (fictional),2017-09-23 00:00:00,Under investigation
WL003028,Entity,,ENT004077,Adverse media-like,Adverse Media Index (fictional),2022-03-15 00:00:00,Fraud allegations in media
WL003029,Entity,,ENT003297,Sanctions-like,Global Restricted Parties List (fictional),2022-03-03 00:00:00,Asset freeze
WL003030,Entity,,ENT008444,Sanctions-like,Global Restricted Parties List (fictional),2022-06-29 00:00:00,Asset freeze
WL003031,Individual,IND0049278,,Sanctions-like,Global Restricted Parties List (fictional),2020-03-09 00:00:00,Asset freeze
WL003032,Entity,,ENT008501,Sanctions-like,Global Restricted Parties List (fictional),2017-07-08 00:00:00,Asset freeze
WL003033,Entity,,ENT009327,PEP-like,Politically Exposed Persons Register (fictional),2026-07-06 00:00:00,Senior public function
WL003034,Individual,IND0057400,,PEP-like,Politically Exposed Persons Register (fictional),2018-02-12 00:00:00,Senior public function
WL003035,Entity,,ENT008434,Sanctions-like,Global Restricted Parties List (fictional),2022-07-18 00:00:00,Asset freeze
WL003036,Individual,IND0014039,,PEP-like,Politically Exposed Persons Register (fictional),2016-08-09 00:00:00,Senior public function
WL003037,Entity,,ENT008793,PEP-like,Politically Exposed Persons Register (fictional),2024-02-16 00:00:00,Senior public function
WL003038,Entity,,ENT008694,Adverse media-like,Adverse Media Index (fictional),2020-03-02 00:00:00,Fraud allegations in media
WL003039,Individual,IND0015033,,Sanctions-like,Global Restricted Parties List (fictional),2020-09-07 00:00:00,Asset freeze
WL003040,Entity,,ENT008249,Law enforcement-like,Regional Enforcement Bulletin (fictional),2023-04-17 00:00:00,Under investigation
WL003041,Individual,IND0033732,,PEP-like,Politically Exposed Persons Register (fictional),2018-09-14 00:00:00,Senior public function
WL003042,Individual,IND0022730,,Adverse media-like,Adverse Media Index (fictional),2020-07-27 00:00:00,Fraud allegations in media
WL003043,Entity,,ENT005574,Sanctions-like,Global Restricted Parties List (fictional),2023-05-09 00:00:00,Asset freeze
WL003044,Individual,IND0002668,,PEP-like,Politically Exposed Persons Register (fictional),2026-08-03 00:00:00,Senior public function
WL003045,Entity,,ENT007778,PEP-like,Politically Exposed Persons Register (fictional),2025-11-28 00:00:00,Senior public function
WL003046,Entity,,ENT002078,Sanctions-like,Global Restricted Parties List (fictional),2024-07-17 00:00:00,Asset freeze
WL003047,Individual,IND0014153,,PEP-like,Politically Exposed Persons Register (fictional),2020-05-29 00:00:00,Senior public function
WL003048,Entity,,ENT005636,Adverse media-like,Adverse Media Index (fictional),2021-10-13 00:00:00,Fraud allegations in media
WL003049,Entity,,ENT000426,Sanctions-like,Global Restricted Parties List (fictional),2020-06-02 00:00:00,Asset freeze
WL003050,Individual,IND0050204,,Sanctions-like,Global Restricted Parties List (fictional),2021-10-04 00:00:00,Asset freeze
WL003051,Entity,,ENT003904,Sanctions-like,Global Restricted Parties List (fictional),2022-08-30 00:00:00,Asset freeze
WL003052,Individual,IND0027134,,Law enforcement-like,Regional Enforcement Bulletin (fictional),2019-12-13 00:00:00,Under investigation
WL003053,Entity,,ENT001886,PEP-like,Politically Exposed Persons Register (fictional),2023-03-01 00:00:00,Senior public function
WL003054,Individual,IND0018085,,Law enforcement-like,Regional Enforcement Bulletin (fictional),2016-04-06 00:00:00,Under investigation
WL003055,Individual,IND0039040,,Adverse media-like,Adverse Media Index (fictional),2021-01-07 00:00:00,Fraud allegations in media
WL003056,Individual,IND0004183,,Adverse media-like,Adverse Media Index (fictional),2018-08-14 00:00:00,Fraud allegations in media
WL003057,Entity,,ENT009477,Sanctions-like,Global Restricted Parties List (fictional),2021-08-20 00:00:00,Asset freeze
WL003058,Individual,IND0005508,,Adverse media-like,Adverse Media Index (fictional),2023-11-06 00:00:00,Fraud allegations in media
WL003059,Individual,IND0041052,,PEP-like,Politically Exposed Persons Register (fictional),2022-11-21 00:00:00,Senior public function
WL003060,Entity,,ENT001049,Adverse media-like,Adverse Media Index (fictional),2015-07-21 00:00:00,Fraud allegations in media
WL003061,Entity,,ENT002476,Sanctions-like,Global Restricted Parties List (fictional),2019-05-31 00:00:00,Asset freeze
WL003062,Individual,IND0048488,,PEP-like,Politically Exposed Persons Register (fictional),2016-07-12 00:00:00,Senior public function
WL003063,Individual,IND0037244,,Law enforcement-like,Regional Enforcement Bulletin (fictional),2018-02-24 00:00:00,Under investigation
WL003064,Individual,IND0040580,,Sanctions-like,Global Restricted Parties List (fictional),2019-10-24 00:00:00,Asset freeze
WL003065,Individual,IND0011411,,PEP-like,Politically Exposed Persons Register (fictional),2022-08-05 00:00:00,Senior public function
WL003066,Entity,,ENT005795,Law enforcement-like,Regional Enforcement Bulletin (fictional),2018-11-12 00:00:00,Under investigation
WL003067,Individual,IND0011013,,PEP-like,Politically Exposed Persons Register (fictional),2021-10-28 00:00:00,Senior public function
WL003068,Entity,,ENT007313,PEP-like,Politically Exposed Persons Register (fictional),2018-07-16 00:00:00,Senior public function
WL003069,Entity,,ENT000242,Law enforcement-like,Regional Enforcement Bulletin (fictional),2017-12-22 00:00:00,Under investigation
WL003070,Entity,,ENT007185,Sanctions-like,Global Restricted Parties List (fictional),2017-08-24 00:00:00,Asset freeze
WL003071,Individual,IND0028105,,PEP-like,Politically Exposed Persons Register (fictional),2018-03-16 00:00:00,Senior public function
WL003072,Entity,,ENT005007,Adverse media-like,Adverse Media Index (fictional),2026-01-06 00:00:00,Fraud allegations in media
WL003073,Individual,IND0053360,,Adverse media-like,Adverse Media Index (fictional),2023-01-13 00:00:00,Fraud allegations in media
WL003074,Individual,IND0018548,,Adverse media-like,Adverse Media Index (fictional),2025-12-03 00:00:00,Fraud allegations in media
WL003075,Entity,,ENT004177,Adverse media-like,Adverse Media Index (fictional),2019-07-17 00:00:00,Fraud allegations in media
WL003076,Individual,IND0043109,,PEP-like,Politically Exposed Persons Register (fictional),2018-07-24 00:00:00,Senior public function
WL003077,Individual,IND0026590,,PEP-like,Politically Exposed Persons Register (fictional),2023-06-02 00:00:00,Senior public function
WL003078,Entity,,ENT006365,PEP-like,Politically Exposed Persons Register (fictional),2018-05-25 00:00:00,Senior public function
WL003079,Entity,,ENT007260,PEP-like,Politically Exposed Persons Register (fictional),2021-04-03 00:00:00,Senior public function
WL003080,Entity,,ENT005577,Sanctions-like,Global Restricted Parties List (fictional),2017-11-27 00:00:00,Asset freeze
WL003081,Entity,,ENT005483,Adverse media-like,Adverse Media Index (fictional),2016-12-31 00:00:00,Fraud allegations in media
WL003082,Entity,,ENT000045,PEP-like,Politically Exposed Persons Register (fictional),2022-01-26 00:00:00,Senior public function
WL003083,Individual,IND0035881,,Law enforcement-like,Regional Enforcement Bulletin (fictional),2018-03-09 00:00:00,Under investigation
WL003084,Entity,,ENT001775,Sanctions-like,Global Restricted Parties List (fictional),2024-10-07 00:00:00,Asset freeze
WL003085,Entity,,ENT006409,Adverse media-like,Adverse Media Index (fictional),2022-04-05 00:00:00,Fraud allegations in media
WL003086,Entity,,ENT000752,Adverse media-like,Adverse Media Index (fictional),2020-09-21 00:00:00,Fraud allegations in media
WL003087,Individual,IND0043235,,Adverse media-like,Adverse Media Index (fictional),2019-04-11 00:00:00,Fraud allegations in media
WL003088,Individual,IND0039721,,Adverse media-like,Adverse Media Index (fictional),2017-02-27 00:00:00,Fraud allegations in media
WL003089,Entity,,ENT009755,Sanctions-like,Global Restricted Parties List (fictional),2024-06-17 00:00:00,Asset freeze
WL003090,Individual,IND0035822,,Adverse media-like,Adverse Media Index (fictional),2015-12-09 00:00:00,Fraud allegations in media
WL003091,Individual,IND0058834,,Law enforcement-like,Regional Enforcement Bulletin (fictional),2023-02-21 00:00:00,Under investigation
WL003092,Entity,,ENT008016,Sanctions-like,Global Restricted Parties List (fictional),2025-02-14 00:00:00,Asset freeze
WL003093,Entity,,ENT001975,PEP-like,Politically Exposed Persons Register (fictional),2018-03-12 00:00:00,Senior public function
WL003094,Entity,,ENT002720,Sanctions-like,Global Restricted Parties List (fictional),2024-09-23 00:00:00,Asset freeze
WL003095,Individual,IND0041192,,Law enforcement-like,Regional Enforcement Bulletin (fictional),2021-04-16 00:00:00,Under investigation
WL003096,Entity,,ENT006545,Law enforcement-like,Regional Enforcement Bulletin (fictional),2024-05-09 00:00:00,Under investigation
WL003097,Entity,,ENT001281,Sanctions-like,Global Restricted Parties List (fictional),2016-04-04 00:00:00,Asset freeze
WL003098,Individual,IND0051743,,Sanctions-like,Global Restricted Parties List (fictional),2025-05-01 00:00:00,Asset freeze
WL003099,Individual,IND0048787,,Adverse media-like,Adverse Media Index (fictional),2015-01-09 00:00:00,Fraud allegations in media
WL003100,Individual,IND0016164,,PEP-like,Politically Exposed Persons Register (fictional),2020-04-29 00:00:00,Senior public function
WL003101,Individual,IND0023873,,PEP-like,Politically Exposed Persons Register (fictional),2023-02-12 00:00:00,Senior public function
WL003102,Individual,IND0021908,,Sanctions-like,Global Restricted Parties List (fictional),2020-01-16 00:00:00,Asset freeze
WL003103,Individual,IND0039160,,PEP-like,Politically Exposed Persons Register (fictional),2022-10-10 00:00:00,Senior public function
WL003104,Entity,,ENT008127,Adverse media-like,Adverse Media Index (fictional),2026-07-17 00:00:00,Fraud allegations in media
WL003105,Individual,IND0018926,,Sanctions-like,Global Restricted Parties List (fictional),2015-10-05 00:00:00,Asset freeze
WL003106,Entity,,ENT003782,Law enforcement-like,Regional Enforcement Bulletin (fictional),2021-11-01 00:00:00,Under investigation
WL003107,Individual,IND0033671,,Adverse media-like,Adverse Media Index (fictional),2021-09-08 00:00:00,Fraud allegations in media
WL003108,Individual,IND0029823,,Sanctions-like,Global Restricted Parties List (fictional),2020-03-24 00:00:00,Asset freeze
WL003109,Individual,IND0044034,,Law enforcement-like,Regional Enforcement Bulletin (fictional),2019-05-22 00:00:00,Under investigation
WL003110,Entity,,ENT005719,Law enforcement-like,Regional Enforcement Bulletin (fictional),2021-12-03 00:00:00,Under investigation
WL003111,Entity,,ENT001989,Sanctions-like,Global Restricted Parties List (fictional),2021-10-20 00:00:00,Asset freeze
WL003112,Entity,,ENT000635,PEP-like,Politically Exposed Persons Register (fictional),2019-09-02 00:00:00,Senior public function
WL003113,Individual,IND0056187,,Sanctions-like,Global Restricted Parties List (fictional),2026-08-28 00:00:00,Asset freeze
WL003114,Entity,,ENT007997,Adverse media-like,Adverse Media Index (fictional),2023-05-22 00:00:00,Fraud allegations in media
WL003115,Individual,IND0052863,,PEP-like,Politically Exposed Persons Register (fictional),2025-09-02 00:00:00,Senior public function
WL003116,Individual,IND0037018,,PEP-like,Politically Exposed Persons Register (fictional),2018-08-17 00:00:00,Senior public function
WL003117,Entity,,ENT009267,Adverse media-like,Adverse Media Index (fictional),2025-06-24 00:00:00,Fraud allegations in media
WL003118,Individual,IND0026580,,Sanctions-like,Global Restricted Parties List (fictional),2017-01-02 00:00:00,Asset freeze
WL003119,Individual,IND0032759,,Adverse media-like,Adverse Media Index (fictional),2022-04-01 00:00:00,Fraud allegations in media
WL003120,Individual,IND0039738,,Law enforcement-like,Regional Enforcement Bulletin (fictional),2026-02-12 00:00:00,Under investigation
WL003121,Individual,IND0018212,,PEP-like,Politically Exposed Persons Register (fictional),2019-12-02 00:00:00,Senior public function
WL003122,Entity,,ENT004757,PEP-like,Politically Exposed Persons Register (fictional),2022-03-02 00:00:00,Senior public function
WL003123,Individual,IND0054397,,PEP-like,Politically Exposed Persons Register (fictional),2022-03-25 00:00:00,Senior public function
WL003124,Individual,IND0035511,,Sanctions-like,Global Restricted Parties List (fictional),2017-06-02 00:00:00,Asset freeze
WL003125,Entity,,ENT001710,Sanctions-like,Global Restricted Parties List (fictional),2025-09-10 00:00:00,Asset freeze
WL003126,Individual,IND0048866,,Adverse media-like,Adverse Media Index (fictional),2015-06-19 00:00:00,Fraud allegations in media
WL003127,Entity,,ENT005972,Sanctions-like,Global Restricted Parties List (fictional),2023-03-30 00:00:00,Asset freeze
WL003128,Individual,IND0054087,,PEP-like,Politically Exposed Persons Register (fictional),2015-01-19 00:00:00,Senior public function
WL003129,Entity,,ENT004453,PEP-like,Politically Exposed Persons Register (fictional),2022-05-19 00:00:00,Senior public function
WL003130,Individual,IND0047034,,PEP-like,Politically Exposed Persons Register (fictional),2020-04-03 00:00:00,Senior public function
WL003131,Individual,IND0032539,,Sanctions-like,Global Restricted Parties List (fictional),2015-05-04 00:00:00,Asset freeze
WL003132,Individual,IND0010550,,PEP-like,Politically Exposed Persons Register (fictional),2018-10-11 00:00:00,Senior public function
WL003133,Individual,IND0037461,,Sanctions-like,Global Restricted Parties List (fictional),2026-02-06 00:00:00,Asset freeze
WL003134,Individual,IND0032069,,PEP-like,Politically Exposed Persons Register (fictional),2017-06-27 00:00:00,Senior public function
WL003135,Individual,IND0022071,,Adverse media-like,Adverse Media Index (fictional),2025-03-14 00:00:00,Fraud allegations in media
WL003136,Entity,,ENT000310,PEP-like,Politically Exposed Persons Register (fictional),2024-01-24 00:00:00,Senior public function
WL003137,Entity,,ENT006354,Adverse media-like,Adverse Media Index (fictional),2023-02-09 00:00:00,Fraud allegations in media
WL003138,Individual,IND0023730,,Sanctions-like,Global Restricted Parties List (fictional),2020-12-04 00:00:00,Asset freeze
WL003139,Individual,IND0008219,,Adverse media-like,Adverse Media Index (fictional),2025-02-06 00:00:00,Fraud allegations in media
WL003140,Individual,IND0030597,,PEP-like,Politically Exposed Persons Register (fictional),2025-01-15 00:00:00,Senior public function
WL003141,Entity,,ENT008951,Law enforcement-like,Regional Enforcement Bulletin (fictional),2021-04-15 00:00:00,Under investigation
WL003142,Individual,IND0013986,,PEP-like,Politically Exposed Persons Register (fictional),2026-08-10 00:00:00,Senior public function
WL003143,Individual,IND0025196,,Sanctions-like,Global Restricted Parties List (fictional),2015-10-05 00:00:00,Asset freeze
WL003144,Individual,IND0032496,,Sanctions-like,Global Restricted Parties List (fictional),2024-01-26 00:00:00,Asset freeze
WL003145,Individual,IND0040235,,Sanctions-like,Global Restricted Parties List (fictional),2018-06-11 00:00:00,Asset freeze
WL003146,Individual,IND0023046,,Sanctions-like,Global Restricted Parties List (fictional),2022-04-22 00:00:00,Asset freeze
WL003147,Entity,,ENT004985,PEP-like,Politically Exposed Persons Register (fictional),2021-07-01 00:00:00,Senior public function
WL003148,Individual,IND0057706,,PEP-like,Politically Exposed Persons Register (fictional),2016-09-30 00:00:00,Senior public function
WL003149,Entity,,ENT003723,Sanctions-like,Global Restricted Parties List (fictional),2015-09-21 00:00:00,Asset freeze
WL003150,Entity,,ENT002657,Law enforcement-like,Regional Enforcement Bulletin (fictional),2023-10-05 00:00:00,Under investigation
WL003151,Individual,IND0000656,,Law enforcement-like,Regional Enforcement Bulletin (fictional),2016-09-21 00:00:00,Under investigation
WL003152,Entity,,ENT006266,PEP-like,Politically Exposed Persons Register (fictional),2025-07-08 00:00:00,Senior public function
WL003153,Entity,,ENT008620,Sanctions-like,Global Restricted Parties List (fictional),2026-04-02 00:00:00,Asset freeze
WL003154,Entity,,ENT007937,Adverse media-like,Adverse Media Index (fictional),2018-11-08 00:00:00,Fraud allegations in media
WL003155,Entity,,ENT001619,Adverse media-like,Adverse Media Index (fictional),2018-06-08 00:00:00,Fraud allegations in media
WL003156,Individual,IND0026179,,Adverse media-like,Adverse Media Index (fictional),2025-02-14 00:00:00,Fraud allegations in media
WL003157,Entity,,ENT000859,Sanctions-like,Global Restricted Parties List (fictional),2015-05-10 00:00:00,Asset freeze
WL003158,Individual,IND0054388,,PEP-like,Politically Exposed Persons Register (fictional),2017-10-04 00:00:00,Senior public function
WL003159,Entity,,ENT002232,PEP-like,Politically Exposed Persons Register (fictional),2015-10-30 00:00:00,Senior public function
WL003160,Individual,IND0002924,,Adverse media-like,Adverse Media Index (fictional),2017-01-17 00:00:00,Fraud allegations in media
WL003161,Individual,IND0031988,,Adverse media-like,Adverse Media Index (fictional),2020-04-30 00:00:00,Fraud allegations in media
WL003162,Individual,IND0039551,,Sanctions-like,Global Restricted Parties List (fictional),2019-02-28 00:00:00,Asset freeze
WL003163,Individual,IND0050975,,Adverse media-like,Adverse Media Index (fictional),2024-03-18 00:00:00,Fraud allegations in media
WL003164,Entity,,ENT002651,Law enforcement-like,Regional Enforcement Bulletin (fictional),2023-01-06 00:00:00,Under investigation
WL003165,Individual,IND0031931,,Adverse media-like,Adverse Media Index (fictional),2015-07-27 00:00:00,Fraud allegations in media
WL003166,Entity,,ENT004705,Sanctions-like,Global Restricted Parties List (fictional),2025-08-15 00:00:00,Asset freeze
WL003167,Individual,IND0013210,,Sanctions-like,Global Restricted Parties List (fictional),2017-03-27 00:00:00,Asset freeze
WL003168,Individual,IND0053674,,Adverse media-like,Adverse Media Index (fictional),2020-10-26 00:00:00,Fraud allegations in media
WL003169,Individual,IND0030334,,PEP-like,Politically Exposed Persons Register (fictional),2019-08-19 00:00:00,Senior public function
WL003170,Individual,IND0038085,,PEP-like,Politically Exposed Persons Register (fictional),2019-08-29 00:00:00,Senior public function
WL003171,Individual,IND0020570,,Sanctions-like,Global Restricted Parties List (fictional),2017-10-09 00:00:00,Asset freeze
WL003172,Entity,,ENT001763,PEP-like,Politically Exposed Persons Register (fictional),2015-09-20 00:00:00,Senior public function
WL003173,Individual,IND0053944,,Adverse media-like,Adverse Media Index (fictional),2016-05-22 00:00:00,Fraud allegations in media
WL003174,Individual,IND0004549,,PEP-like,Politically Exposed Persons Register (fictional),2020-12-26 00:00:00,Senior public function
WL003175,Individual,IND0052685,,PEP-like,Politically Exposed Persons Register (fictional),2025-12-29 00:00:00,Senior public function
WL003176,Individual,IND0024840,,Sanctions-like,Global Restricted Parties List (fictional),2022-05-18 00:00:00,Asset freeze
WL003177,Individual,IND0035484,,Adverse media-like,Adverse Media Index (fictional),2021-10-19 00:00:00,Fraud allegations in media
WL003178,Entity,,ENT008162,Adverse media-like,Adverse Media Index (fictional),2020-09-22 00:00:00,Fraud allegations in media
WL003179,Individual,IND0031673,,PEP-like,Politically Exposed Persons Register (fictional),2015-09-14 00:00:00,Senior public function
WL003180,Individual,IND0028550,,Sanctions-like,Global Restricted Parties List (fictional),2025-10-24 00:00:00,Asset freeze
WL003181,Individual,IND0037352,,PEP-like,Politically Exposed Persons Register (fictional),2015-09-30 00:00:00,Senior public function
WL003182,Individual,IND0027504,,Adverse media-like,Adverse Media Index (fictional),2020-01-31 00:00:00,Fraud allegations in media
WL003183,Individual,IND0026583,,Sanctions-like,Global Restricted Parties List (fictional),2016-07-26 00:00:00,Asset freeze
WL003184,Individual,IND0018540,,Adverse media-like,Adverse Media Index (fictional),2020-12-19 00:00:00,Fraud allegations in media
WL003185,Individual,IND0044106,,Adverse media-like,Adverse Media Index (fictional),2022-01-06 00:00:00,Fraud allegations in media
WL003186,Individual,IND0004129,,Sanctions-like,Global Restricted Parties List (fictional),2016-09-23 00:00:00,Asset freeze
WL003187,Individual,IND0035577,,Sanctions-like,Global Restricted Parties List (fictional),2024-04-12 00:00:00,Asset freeze
WL003188,Entity,,ENT006269,Law enforcement-like,Regional Enforcement Bulletin (fictional),2025-11-07 00:00:00,Under investigation
WL003189,Individual,IND0016288,,Adverse media-like,Adverse Media Index (fictional),2024-02-15 00:00:00,Fraud allegations in media
WL003190,Entity,,ENT000049,Adverse media-like,Adverse Media Index (fictional),2026-06-05 00:00:00,Fraud allegations in media
WL003191,Individual,IND0055195,,Adverse media-like,Adverse Media Index (fictional),2022-12-05 00:00:00,Fraud allegations in media
WL003192,Entity,,ENT006290,PEP-like,Politically Exposed Persons Register (fictional),2019-01-25 00:00:00,Senior public function
WL003193,Entity,,ENT005486,Adverse media-like,Adverse Media Index (fictional),2025-01-20 00:00:00,Fraud allegations in media
WL003194,Entity,,ENT007794,PEP-like,Politically Exposed Persons Register (fictional),2015-07-01 00:00:00,Senior public function
WL003195,Individual,IND0039070,,Adverse media-like,Adverse Media Index (fictional),2022-08-22 00:00:00,Fraud allegations in media
WL003196,Entity,,ENT001734,PEP-like,Politically Exposed Persons Register (fictional),2018-09-14 00:00:00,Senior public function
WL003197,Individual,IND0045418,,PEP-like,Politically Exposed Persons Register (fictional),2024-06-19 00:00:00,Senior public function
WL003198,Individual,IND0035388,,PEP-like,Politically Exposed Persons Register (fictional),2022-06-13 00:00:00,Senior public function
WL003199,Entity,,ENT009174,Adverse media-like,Adverse Media Index (fictional),2015-08-31 00:00:00,Fraud allegations in media
WL003200,Individual,IND0049344,,Adverse media-like,Adverse Media Index (fictional),2018-11-13 00:00:00,Fraud allegations in media
WL003201,Individual,IND0041282,,Adverse media-like,Adverse Media Index (fictional),2025-06-20 00:00:00,Fraud allegations in media
WL003202,Individual,IND0017273,,PEP-like,Politically Exposed Persons Register (fictional),2024-08-13 00:00:00,Senior public function
WL003203,Entity,,ENT002875,PEP-like,Politically Exposed Persons Register (fictional),2026-05-18 00:00:00,Senior public function
WL003204,Individual,IND0008598,,PEP-like,Politically Exposed Persons Register (fictional),2020-06-15 00:00:00,Senior public function
WL003205,Individual,IND0032583,,Adverse media-like,Adverse Media Index (fictional),2020-06-17 00:00:00,Fraud allegations in media
WL003206,Individual,IND0054444,,PEP-like,Politically Exposed Persons Register (fictional),2016-03-23 00:00:00,Senior public function
WL003207,Individual,IND0042796,,Adverse media-like,Adverse Media Index (fictional),2021-01-18 00:00:00,Fraud allegations in media
WL003208,Individual,IND0058026,,Sanctions-like,Global Restricted Parties List (fictional),2020-09-10 00:00:00,Asset freeze
WL003209,Entity,,ENT005394,Sanctions-like,Global Restricted Parties List (fictional),2018-06-08 00:00:00,Asset freeze
WL003210,Entity,,ENT009947,Law enforcement-like,Regional Enforcement Bulletin (fictional),2021-12-17 00:00:00,Under investigation
WL003211,Individual,IND0040632,,Sanctions-like,Global Restricted Parties List (fictional),2021-05-11 00:00:00,Asset freeze
WL003212,Individual,IND0030764,,Sanctions-like,Global Restricted Parties List (fictional),2015-10-05 00:00:00,Asset freeze
WL003213,Entity,,ENT005790,Adverse media-like,Adverse Media Index (fictional),2023-07-07 00:00:00,Fraud allegations in media
WL003214,Individual,IND0039996,,PEP-like,Politically Exposed Persons Register (fictional),2025-09-02 00:00:00,Senior public function
WL003215,Entity,,ENT001729,PEP-like,Politically Exposed Persons Register (fictional),2021-01-07 00:00:00,Senior public function
WL003216,Entity,,ENT000821,Law enforcement-like,Regional Enforcement Bulletin (fictional),2026-02-12 00:00:00,Under investigation
WL003217,Individual,IND0021839,,PEP-like,Politically Exposed Persons Register (fictional),2016-10-17 00:00:00,Senior public function
WL003218,Entity,,ENT008497,PEP-like,Politically Exposed Persons Register (fictional),2025-11-07 00:00:00,Senior public function
WL003219,Individual,IND0003267,,Sanctions-like,Global Restricted Parties List (fictional),2015-01-09 00:00:00,Asset freeze
WL003220,Entity,,ENT000054,Law enforcement-like,Regional Enforcement Bulletin (fictional),2018-12-28 00:00:00,Under investigation
WL003221,Individual,IND0053672,,Law enforcement-like,Regional Enforcement Bulletin (fictional),2015-12-21 00:00:00,Under investigation
WL003222,Individual,IND0052084,,PEP-like,Politically Exposed Persons Register (fictional),2024-01-23 00:00:00,Senior public function
WL003223,Entity,,ENT007174,Adverse media-like,Adverse Media Index (fictional),2019-12-09 00:00:00,Fraud allegations in media
WL003224,Individual,IND0019710,,Adverse media-like,Adverse Media Index (fictional),2018-11-20 00:00:00,Fraud allegations in media
WL003225,Entity,,ENT000382,PEP-like,Politically Exposed Persons Register (fictional),2021-11-02 00:00:00,Senior public function
WL003226,Individual,IND0058486,,Law enforcement-like,Regional Enforcement Bulletin (fictional),2024-07-12 00:00:00,Under investigation
WL003227,Individual,IND0053332,,Sanctions-like,Global Restricted Parties List (fictional),2024-11-13 00:00:00,Asset freeze
WL003228,Individual,IND0023390,,Adverse media-like,Adverse Media Index (fictional),2022-08-15 00:00:00,Fraud allegations in media
WL003229,Entity,,ENT008649,PEP-like,Politically Exposed Persons Register (fictional),2021-01-11 00:00:00,Senior public function
WL003230,Individual,IND0034230,,Adverse media-like,Adverse Media Index (fictional),2016-09-06 00:00:00,Fraud allegations in media
WL003231,Individual,IND0033984,,Law enforcement-like,Regional Enforcement Bulletin (fictional),2024-05-30 00:00:00,Under investigation
WL003232,Individual,IND0059875,,Adverse media-like,Adverse Media Index (fictional),2022-02-21 00:00:00,Fraud allegations in media
WL003233,Entity,,ENT005479,Sanctions-like,Global Restricted Parties List (fictional),2017-05-09 00:00:00,Asset freeze
WL003234,Individual,IND0015633,,PEP-like,Politically Exposed Persons Register (fictional),2015-08-16 00:00:00,Senior public function
WL003235,Entity,,ENT005218,Sanctions-like,Global Restricted Parties List (fictional),2021-12-20 00:00:00,Asset freeze
WL003236,Individual,IND0047706,,Law enforcement-like,Regional Enforcement Bulletin (fictional),2022-02-15 00:00:00,Under investigation
WL003237,Individual,IND0019543,,Sanctions-like,Global Restricted Parties List (fictional),2023-05-12 00:00:00,Asset freeze
WL003238,Entity,,ENT004938,Adverse media-like,Adverse Media Index (fictional),2015-06-15 00:00:00,Fraud allegations in media
WL003239,Individual,IND0012098,,PEP-like,Politically Exposed Persons Register (fictional),2018-03-07 00:00:00,Senior public function
WL003240,Individual,IND0037862,,Law enforcement-like,Regional Enforcement Bulletin (fictional),2019-02-01 00:00:00,Under investigation
WL003241,Entity,,ENT007404,Sanctions-like,Global Restricted Parties List (fictional),2023-06-15 00:00:00,Asset freeze
WL003242,Entity,,ENT006175,PEP-like,Politically Exposed Persons Register (fictional),2020-02-18 00:00:00,Senior public function
WL003243,Entity,,ENT003594,Adverse media-like,Adverse Media Index (fictional),2023-02-14 00:00:00,Fraud allegations in media
WL003244,Entity,,ENT008687,Adverse media-like,Adverse Media Index (fictional),2021-10-29 00:00:00,Fraud allegations in media
WL003245,Entity,,ENT002710,Sanctions-like,Global Restricted Parties List (fictional),2019-05-06 00:00:00,Asset freeze
WL003246,Individual,IND0047284,,Adverse media-like,Adverse Media Index (fictional),2019-09-13 00:00:00,Fraud allegations in media
WL003247,Individual,IND0026249,,PEP-like,Politically Exposed Persons Register (fictional),2016-02-25 00:00:00,Senior public function
WL003248,Entity,,ENT001814,PEP-like,Politically Exposed Persons Register (fictional),2016-01-26 00:00:00,Senior public function
WL003249,Entity,,ENT005780,Sanctions-like,Global Restricted Parties List (fictional),2023-12-29 00:00:00,Asset freeze
WL003250,Individual,IND0055163,,Adverse media-like,Adverse Media Index (fictional),2022-11-28 00:00:00,Fraud allegations in media
WL003251,Individual,IND0040829,,PEP-like,Politically Exposed Persons Register (fictional),2017-08-22 00:00:00,Senior public function
WL003252,Individual,IND0009776,,Adverse media-like,Adverse Media Index (fictional),2022-01-19 00:00:00,Fraud allegations in media
WL003253,Entity,,ENT004715,Law enforcement-like,Regional Enforcement Bulletin (fictional),2023-03-03 00:00:00,Under investigation
WL003254,Entity,,ENT008955,PEP-like,Politically Exposed Persons Register (fictional),2020-12-28 00:00:00,Senior public function
WL003255,Individual,IND0058931,,Adverse media-like,Adverse Media Index (fictional),2022-02-01 00:00:00,Fraud allegations in media
WL003256,Entity,,ENT005645,Sanctions-like,Global Restricted Parties List (fictional),2025-12-04 00:00:00,Asset freeze
WL003257,Entity,,ENT007102,Adverse media-like,Adverse Media Index (fictional),2026-07-01 00:00:00,Fraud allegations in media
WL003258,Individual,IND0032482,,Sanctions-like,Global Restricted Parties List (fictional),2017-03-27 00:00:00,Asset freeze
WL003259,Entity,,ENT006765,PEP-like,Politically Exposed Persons Register (fictional),2020-02-14 00:00:00,Senior public function
WL003260,Individual,IND0023408,,Law enforcement-like,Regional Enforcement Bulletin (fictional),2015-10-09 00:00:00,Under investigation
WL003261,Individual,IND0027574,,PEP-like,Politically Exposed Persons Register (fictional),2018-12-14 00:00:00,Senior public function
WL003262,Entity,,ENT008580,PEP-like,Politically Exposed Persons Register (fictional),2015-07-28 00:00:00,Senior public function
WL003263,Individual,IND0003051,,PEP-like,Politically Exposed Persons Register (fictional),2018-08-07 00:00:00,Senior public function
WL003264,Individual,IND0005117,,Sanctions-like,Global Restricted Parties List (fictional),2019-03-09 00:00:00,Asset freeze
WL003265,Entity,,ENT008201,PEP-like,Politically Exposed Persons Register (fictional),2025-09-08 00:00:00,Senior public function
WL003266,Entity,,ENT007814,Adverse media-like,Adverse Media Index (fictional),2020-04-20 00:00:00,Fraud allegations in media
WL003267,Individual,IND0025328,,PEP-like,Politically Exposed Persons Register (fictional),2024-09-16 00:00:00,Senior public function
WL003268,Entity,,ENT004235,Law enforcement-like,Regional Enforcement Bulletin (fictional),2023-01-26 00:00:00,Under investigation
WL003269,Entity,,ENT002298,PEP-like,Politically Exposed Persons Register (fictional),2016-09-07 00:00:00,Senior public function
WL003270,Entity,,ENT006556,PEP-like,Politically Exposed Persons Register (fictional),2025-01-29 00:00:00,Senior public function
WL003271,Individual,IND0001773,,Adverse media-like,Adverse Media Index (fictional),2024-07-29 00:00:00,Fraud allegations in media
WL003272,Individual,IND0008583,,PEP-like,Politically Exposed Persons Register (fictional),2023-12-19 00:00:00,Senior public function
WL003273,Individual,IND0048531,,Sanctions-like,Global Restricted Parties List (fictional),2022-12-08 00:00:00,Asset freeze
WL003274,Entity,,ENT007099,PEP-like,Politically Exposed Persons Register (fictional),2026-06-05 00:00:00,Senior public function
WL003275,Entity,,ENT004930,Sanctions-like,Global Restricted Parties List (fictional),2016-01-08 00:00:00,Asset freeze
WL003276,Individual,IND0055606,,Sanctions-like,Global Restricted Parties List (fictional),2018-09-06 00:00:00,Asset freeze
WL003277,Entity,,ENT007063,Sanctions-like,Global Restricted Parties List (fictional),2025-10-08 00:00:00,Asset freeze
WL003278,Individual,IND0028250,,Sanctions-like,Global Restricted Parties List (fictional),2021-05-22 00:00:00,Asset freeze
WL003279,Entity,,ENT001388,Law enforcement-like,Regional Enforcement Bulletin (fictional),2023-08-07 00:00:00,Under investigation
WL003280,Entity,,ENT002345,PEP-like,Politically Exposed Persons Register (fictional),2016-09-16 00:00:00,Senior public function
WL003281,Individual,IND0000930,,Adverse media-like,Adverse Media Index (fictional),2016-01-20 00:00:00,Fraud allegations in media
WL003282,Entity,,ENT000096,Sanctions-like,Global Restricted Parties List (fictional),2017-07-25 00:00:00,Asset freeze
WL003283,Individual,IND0051859,,PEP-like,Politically Exposed Persons Register (fictional),2017-03-17 00:00:00,Senior public function
WL003284,Individual,IND0020048,,Sanctions-like,Global Restricted Parties List (fictional),2021-12-27 00:00:00,Asset freeze
WL003285,Individual,IND0017036,,PEP-like,Politically Exposed Persons Register (fictional),2022-09-05 00:00:00,Senior public function
WL003286,Individual,IND0015649,,Sanctions-like,Global Restricted Parties List (fictional),2023-07-31 00:00:00,Asset freeze
WL003287,Entity,,ENT008501,Adverse media-like,Adverse Media Index (fictional),2017-07-27 00:00:00,Fraud allegations in media
WL003288,Entity,,ENT001652,Sanctions-like,Global Restricted Parties List (fictional),2017-10-20 00:00:00,Asset freeze
WL003289,Entity,,ENT000603,Adverse media-like,Adverse Media Index (fictional),2017-09-01 00:00:00,Fraud allegations in media
WL003290,Individual,IND0018886,,Adverse media-like,Adverse Media Index (fictional),2026-08-10 00:00:00,Fraud allegations in media
WL003291,Individual,IND0020655,,Sanctions-like,Global Restricted Parties List (fictional),2016-06-16 00:00:00,Asset freeze
WL003292,Individual,IND0019999,,PEP-like,Politically Exposed Persons Register (fictional),2026-01-12 00:00:00,Senior public function
WL003293,Entity,,ENT004417,PEP-like,Politically Exposed Persons Register (fictional),2019-07-29 00:00:00,Senior public function
WL003294,Entity,,ENT009783,Adverse media-like,Adverse Media Index (fictional),2024-07-01 00:00:00,Fraud allegations in media
WL003295,Individual,IND0030563,,PEP-like,Politically Exposed Persons Register (fictional),2015-07-31 00:00:00,Senior public function
WL003296,Entity,,ENT007954,Adverse media-like,Adverse Media Index (fictional),2024-10-29 00:00:00,Fraud allegations in media
WL003297,Individual,IND0041072,,PEP-like,Politically Exposed Persons Register (fictional),2017-02-27 00:00:00,Senior public function
WL003298,Entity,,ENT004505,Sanctions-like,Global Restricted Parties List (fictional),2026-08-18 00:00:00,Asset freeze
WL003299,Entity,,ENT005193,Adverse media-like,Adverse Media Index (fictional),2022-07-28 00:00:00,Fraud allegations in media
WL003300,Entity,,ENT008856,Law enforcement-like,Regional Enforcement Bulletin (fictional),2023-02-02 00:00:00,Under investigation
WL003301,Individual,IND0033732,,Adverse media-like,Adverse Media Index (fictional),2020-08-11 00:00:00,Fraud allegations in media
WL003302,Individual,IND0049311,,Adverse media-like,Adverse Media Index (fictional),2017-07-27 00:00:00,Fraud allegations in media
WL003303,Individual,IND0008015,,PEP-like,Politically Exposed Persons Register (fictional),2023-07-24 00:00:00,Senior public function
WL003304,Entity,,ENT006204,Law enforcement-like,Regional Enforcement Bulletin (fictional),2017-02-13 00:00:00,Under investigation
WL003305,Individual,IND0001219,,Sanctions-like,Global Restricted Parties List (fictional),2020-01-07 00:00:00,Asset freeze
WL003306,Individual,IND0031541,,Law enforcement-like,Regional Enforcement Bulletin (fictional),2015-11-25 00:00:00,Under investigation
WL003307,Individual,IND0058315,,PEP-like,Politically Exposed Persons Register (fictional),2024-01-29 00:00:00,Senior public function
WL003308,Individual,IND0024184,,Sanctions-like,Global Restricted Parties List (fictional),2025-09-19 00:00:00,Asset freeze
WL003309,Entity,,ENT001615,Sanctions-like,Global Restricted Parties List (fictional),2021-09-03 00:00:00,Asset freeze
WL003310,Entity,,ENT007323,PEP-like,Politically Exposed Persons Register (fictional),2021-07-21 00:00:00,Senior public function
WL003311,Individual,IND0036498,,Adverse media-like,Adverse Media Index (fictional),2019-10-17 00:00:00,Fraud allegations in media
WL003312,Individual,IND0012171,,Adverse media-like,Adverse Media Index (fictional),2024-12-10 00:00:00,Fraud allegations in media
WL003313,Individual,IND0004300,,Law enforcement-like,Regional Enforcement Bulletin (fictional),2018-12-25 00:00:00,Under investigation
WL003314,Entity,,ENT000410,PEP-like,Politically Exposed Persons Register (fictional),2015-03-04 00:00:00,Senior public function
WL003315,Individual,IND0004110,,PEP-like,Politically Exposed Persons Register (fictional),2015-04-29 00:00:00,Senior public function
WL003316,Individual,IND0020650,,Sanctions-like,Global Restricted Parties List (fictional),2026-01-16 00:00:00,Asset freeze
WL003317,Individual,IND0037291,,Sanctions-like,Global Restricted Parties List (fictional),2022-02-14 00:00:00,Asset freeze
WL003318,Individual,IND0024853,,Sanctions-like,Global Restricted Parties List (fictional),2024-04-02 00:00:00,Asset freeze
WL003319,Individual,IND0013009,,Sanctions-like,Global Restricted Parties List (fictional),2016-02-11 00:00:00,Asset freeze
WL003320,Individual,IND0010980,,Sanctions-like,Global Restricted Parties List (fictional),2017-03-07 00:00:00,Asset freeze
WL003321,Individual,IND0010510,,Adverse media-like,Adverse Media Index (fictional),2016-08-11 00:00:00,Fraud allegations in media
WL003322,Individual,IND0051434,,PEP-like,Politically Exposed Persons Register (fictional),2020-06-06 00:00:00,Senior public function
WL003323,Entity,,ENT001213,Adverse media-like,Adverse Media Index (fictional),2024-02-01 00:00:00,Fraud allegations in media
WL003324,Individual,IND0048023,,Adverse media-like,Adverse Media Index (fictional),2022-08-16 00:00:00,Fraud allegations in media
WL003325,Entity,,ENT009857,Adverse media-like,Adverse Media Index (fictional),2023-03-30 00:00:00,Fraud allegations in media
WL003326,Individual,IND0004301,,Law enforcement-like,Regional Enforcement Bulletin (fictional),2018-12-28 00:00:00,Under investigation
WL003327,Individual,IND0006196,,Sanctions-like,Global Restricted Parties List (fictional),2017-03-01 00:00:00,Asset freeze
WL003328,Entity,,ENT000989,Adverse media-like,Adverse Media Index (fictional),2020-04-30 00:00:00,Fraud allegations in media
WL003329,Entity,,ENT001662,Sanctions-like,Global Restricted Parties List (fictional),2019-04-01 00:00:00,Asset freeze
WL003330,Individual,IND0044696,,PEP-like,Politically Exposed Persons Register (fictional),2019-12-03 00:00:00,Senior public function
WL003331,Entity,,ENT000030,Law enforcement-like,Regional Enforcement Bulletin (fictional),2022-10-03 00:00:00,Under investigation
WL003332,Individual,IND0058279,,PEP-like,Politically Exposed Persons Register (fictional),2019-06-14 00:00:00,Senior public function
WL003333,Entity,,ENT002576,PEP-like,Politically Exposed Persons Register (fictional),2019-10-14 00:00:00,Senior public function
WL003334,Entity,,ENT003776,Law enforcement-like,Regional Enforcement Bulletin (fictional),2023-05-02 00:00:00,Under investigation
WL003335,Individual,IND0031995,,Adverse media-like,Adverse Media Index (fictional),2017-12-11 00:00:00,Fraud allegations in media
WL003336,Individual,IND0024156,,Adverse media-like,Adverse Media Index (fictional),2024-08-16 00:00:00,Fraud allegations in media
WL003337,Entity,,ENT007483,Law enforcement-like,Regional Enforcement Bulletin (fictional),2022-07-30 00:00:00,Under investigation
WL003338,Entity,,ENT003490,Adverse media-like,Adverse Media Index (fictional),2018-01-31 00:00:00,Fraud allegations in media
WL003339,Individual,IND0054623,,Adverse media-like,Adverse Media Index (fictional),2024-01-26 00:00:00,Fraud allegations in media
WL003340,Individual,IND0006638,,Sanctions-like,Global Restricted Parties List (fictional),2016-03-18 00:00:00,Asset freeze
WL003341,Individual,IND0005608,,PEP-like,Politically Exposed Persons Register (fictional),2024-12-24 00:00:00,Senior public function
WL003342,Entity,,ENT003720,Adverse media-like,Adverse Media Index (fictional),2019-04-16 00:00:00,Fraud allegations in media
WL003343,Entity,,ENT009743,PEP-like,Politically Exposed Persons Register (fictional),2015-09-14 00:00:00,Senior public function
WL003344,Individual,IND0010123,,Adverse media-like,Adverse Media Index (fictional),2021-11-22 00:00:00,Fraud allegations in media
WL003345,Individual,IND0029184,,Law enforcement-like,Regional Enforcement Bulletin (fictional),2017-03-02 00:00:00,Under investigation
WL003346,Individual,IND0029153,,Law enforcement-like,Regional Enforcement Bulletin (fictional),2021-05-07 00:00:00,Under investigation
WL003347,Entity,,ENT004105,PEP-like,Politically Exposed Persons Register (fictional),2025-04-07 00:00:00,Senior public function
WL003348,Individual,IND0000137,,PEP-like,Politically Exposed Persons Register (fictional),2018-12-27 00:00:00,Senior public function
WL003349,Individual,IND0009903,,Adverse media-like,Adverse Media Index (fictional),2025-04-15 00:00:00,Fraud allegations in media
WL003350,Individual,IND0041051,,Sanctions-like,Global Restricted Parties List (fictional),2018-12-12 00:00:00,Asset freeze
WL003351,Individual,IND0027590,,Sanctions-like,Global Restricted Parties List (fictional),2024-11-04 00:00:00,Asset freeze
WL003352,Entity,,ENT008544,Sanctions-like,Global Restricted Parties List (fictional),2015-08-28 00:00:00,Asset freeze
WL003353,Individual,IND0028074,,Sanctions-like,Global Restricted Parties List (fictional),2021-03-26 00:00:00,Asset freeze
WL003354,Individual,IND0017975,,Sanctions-like,Global Restricted Parties List (fictional),2018-02-15 00:00:00,Asset freeze
WL003355,Individual,IND0000092,,PEP-like,Politically Exposed Persons Register (fictional),2016-12-26 00:00:00,Senior public function
WL003356,Entity,,ENT000762,PEP-like,Politically Exposed Persons Register (fictional),2018-11-29 00:00:00,Senior public function
WL003357,Entity,,ENT005164,PEP-like,Politically Exposed Persons Register (fictional),2024-06-18 00:00:00,Senior public function
WL003358,Entity,,ENT005763,Sanctions-like,Global Restricted Parties List (fictional),2023-10-23 00:00:00,Asset freeze
WL003359,Individual,IND0058983,,Adverse media-like,Adverse Media Index (fictional),2016-05-12 00:00:00,Fraud allegations in media
WL003360,Individual,IND0006884,,PEP-like,Politically Exposed Persons Register (fictional),2015-11-24 00:00:00,Senior public function
WL003361,Entity,,ENT002122,Adverse media-like,Adverse Media Index (fictional),2023-12-11 00:00:00,Fraud allegations in media
WL003362,Entity,,ENT005547,Sanctions-like,Global Restricted Parties List (fictional),2016-07-08 00:00:00,Asset freeze
WL003363,Entity,,ENT006464,Sanctions-like,Global Restricted Parties List (fictional),2020-05-06 00:00:00,Asset freeze
WL003364,Individual,IND0030069,,Law enforcement-like,Regional Enforcement Bulletin (fictional),2015-12-07 00:00:00,Under investigation
WL003365,Individual,IND0003126,,PEP-like,Politically Exposed Persons Register (fictional),2020-11-28 00:00:00,Senior public function
WL003366,Individual,IND0018290,,Adverse media-like,Adverse Media Index (fictional),2016-02-11 00:00:00,Fraud allegations in media
WL003367,Individual,IND0005201,,Law enforcement-like,Regional Enforcement Bulletin (fictional),2019-02-08 00:00:00,Under investigation
WL003368,Individual,IND0018326,,PEP-like,Politically Exposed Persons Register (fictional),2019-06-13 00:00:00,Senior public function
WL003369,Individual,IND0003304,,Adverse media-like,Adverse Media Index (fictional),2018-05-11 00:00:00,Fraud allegations in media
WL003370,Individual,IND0007538,,PEP-like,Politically Exposed Persons Register (fictional),2021-03-30 00:00:00,Senior public function
WL003371,Individual,IND0002384,,Adverse media-like,Adverse Media Index (fictional),2020-01-24 00:00:00,Fraud allegations in media
WL003372,Entity,,ENT005210,PEP-like,Politically Exposed Persons Register (fictional),2024-10-04 00:00:00,Senior public function
WL003373,Individual,IND0032301,,Sanctions-like,Global Restricted Parties List (fictional),2022-07-18 00:00:00,Asset freeze
WL003374,Individual,IND0022781,,Sanctions-like,Global Restricted Parties List (fictional),2026-06-09 00:00:00,Asset freeze
WL003375,Entity,,ENT007207,PEP-like,Politically Exposed Persons Register (fictional),2022-07-29 00:00:00,Senior public function
WL003376,Individual,IND0016692,,Adverse media-like,Adverse Media Index (fictional),2016-08-05 00:00:00,Fraud allegations in media
WL003377,Individual,IND0049786,,Adverse media-like,Adverse Media Index (fictional),2022-04-29 00:00:00,Fraud allegations in media
WL003378,Individual,IND0045473,,Adverse media-like,Adverse Media Index (fictional),2015-04-16 00:00:00,Fraud allegations in media
WL003379,Individual,IND0018242,,Sanctions-like,Global Restricted Parties List (fictional),2016-01-29 00:00:00,Asset freeze
WL003380,Entity,,ENT007555,Adverse media-like,Adverse Media Index (fictional),2024-09-02 00:00:00,Fraud allegations in media
WL003381,Individual,IND0023717,,Sanctions-like,Global Restricted Parties List (fictional),2016-04-15 00:00:00,Asset freeze
WL003382,Individual,IND0051827,,Adverse media-like,Adverse Media Index (fictional),2023-04-03 00:00:00,Fraud allegations in media
WL003383,Individual,IND0048572,,Adverse media-like,Adverse Media Index (fictional),2022-01-06 00:00:00,Fraud allegations in media
WL003384,Entity,,ENT006347,PEP-like,Politically Exposed Persons Register (fictional),2019-04-05 00:00:00,Senior public function
WL003385,Individual,IND0040086,,Sanctions-like,Global Restricted Parties List (fictional),2019-09-30 00:00:00,Asset freeze
WL003386,Individual,IND0018795,,PEP-like,Politically Exposed Persons Register (fictional),2026-04-13 00:00:00,Senior public function
WL003387,Individual,IND0006510,,Adverse media-like,Adverse Media Index (fictional),2015-03-16 00:00:00,Fraud allegations in media
WL003388,Entity,,ENT004042,Adverse media-like,Adverse Media Index (fictional),2018-12-04 00:00:00,Fraud allegations in media
WL003389,Entity,,ENT001970,Law enforcement-like,Regional Enforcement Bulletin (fictional),2019-11-18 00:00:00,Under investigation
WL003390,Individual,IND0019806,,Sanctions-like,Global Restricted Parties List (fictional),2017-01-06 00:00:00,Asset freeze
WL003391,Individual,IND0013900,,PEP-like,Politically Exposed Persons Register (fictional),2015-11-27 00:00:00,Senior public function
WL003392,Individual,IND0048876,,PEP-like,Politically Exposed Persons Register (fictional),2015-11-02 00:00:00,Senior public function
WL003393,Entity,,ENT003672,Sanctions-like,Global Restricted Parties List (fictional),2020-01-10 00:00:00,Asset freeze
WL003394,Individual,IND0021733,,Adverse media-like,Adverse Media Index (fictional),2017-10-26 00:00:00,Fraud allegations in media
WL003395,Individual,IND0020625,,Sanctions-like,Global Restricted Parties List (fictional),2023-01-06 00:00:00,Asset freeze
WL003396,Individual,IND0048624,,Law enforcement-like,Regional Enforcement Bulletin (fictional),2016-06-10 00:00:00,Under investigation
WL003397,Entity,,ENT007841,PEP-like,Politically Exposed Persons Register (fictional),2024-08-09 00:00:00,Senior public function
WL003398,Individual,IND0020181,,PEP-like,Politically Exposed Persons Register (fictional),2021-05-31 00:00:00,Senior public function
WL003399,Individual,IND0058595,,Adverse media-like,Adverse Media Index (fictional),2017-05-11 00:00:00,Fraud allegations in media
WL003400,Entity,,ENT003754,PEP-like,Politically Exposed Persons Register (fictional),2017-08-04 00:00:00,Senior public function
WL003401,Entity,,ENT001833,PEP-like,Politically Exposed Persons Register (fictional),2015-08-04 00:00:00,Senior public function
WL003402,Individual,IND0028104,,Law enforcement-like,Regional Enforcement Bulletin (fictional),2016-01-19 00:00:00,Under investigation
WL003403,Individual,IND0038157,,PEP-like,Politically Exposed Persons Register (fictional),2022-10-03 00:00:00,Senior public function
WL003404,Individual,IND0045603,,PEP-like,Politically Exposed Persons Register (fictional),2016-06-14 00:00:00,Senior public function
WL003405,Entity,,ENT001781,Sanctions-like,Global Restricted Parties List (fictional),2018-11-12 00:00:00,Asset freeze
WL003406,Entity,,ENT002281,Adverse media-like,Adverse Media Index (fictional),2026-01-05 00:00:00,Fraud allegations in media
WL003407,Entity,,ENT006207,PEP-like,Politically Exposed Persons Register (fictional),2025-11-12 00:00:00,Senior public function
WL003408,Entity,,ENT005670,Sanctions-like,Global Restricted Parties List (fictional),2025-09-02 00:00:00,Asset freeze
WL003409,Entity,,ENT004724,Adverse media-like,Adverse Media Index (fictional),2024-07-26 00:00:00,Fraud allegations in media
WL003410,Entity,,ENT008099,Adverse media-like,Adverse Media Index (fictional),2021-01-25 00:00:00,Fraud allegations in media
WL003411,Individual,IND0021640,,PEP-like,Politically Exposed Persons Register (fictional),2026-09-25 00:00:00,Senior public function
WL003412,Entity,,ENT004646,PEP-like,Politically Exposed Persons Register (fictional),2023-01-06 00:00:00,Senior public function
WL003413,Entity,,ENT007864,Sanctions-like,Global Restricted Parties List (fictional),2016-02-22 00:00:00,Asset freeze
WL003414,Entity,,ENT006106,PEP-like,Politically Exposed Persons Register (fictional),2016-09-26 00:00:00,Senior public function
WL003415,Individual,IND0025472,,PEP-like,Politically Exposed Persons Register (fictional),2015-12-01 00:00:00,Senior public function
WL003416,Individual,IND0045868,,PEP-like,Politically Exposed Persons Register (fictional),2024-07-30 00:00:00,Senior public function
WL003417,Entity,,ENT006863,PEP-like,Politically Exposed Persons Register (fictional),2022-09-26 00:00:00,Senior public function
WL003418,Entity,,ENT002571,PEP-like,Politically Exposed Persons Register (fictional),2016-02-12 00:00:00,Senior public function
WL003419,Individual,IND0034911,,PEP-like,Politically Exposed Persons Register (fictional),2026-04-24 00:00:00,Senior public function
WL003420,Individual,IND0012003,,PEP-like,Politically Exposed Persons Register (fictional),2022-07-11 00:00:00,Senior public function
WL003421,Entity,,ENT004183,PEP-like,Politically Exposed Persons Register (fictional),2024-09-02 00:00:00,Senior public function
WL003422,Entity,,ENT004286,PEP-like,Politically Exposed Persons Register (fictional),2021-07-12 00:00:00,Senior public function
WL003423,Individual,IND0049007,,PEP-like,Politically Exposed Persons Register (fictional),2017-10-30 00:00:00,Senior public function
WL003424,Individual,IND0001125,,PEP-like,Politically Exposed Persons Register (fictional),2020-09-13 00:00:00,Senior public function
WL003425,Individual,IND0017264,,PEP-like,Politically Exposed Persons Register (fictional),2022-12-19 00:00:00,Senior public function
WL003426,Entity,,ENT009105,Law enforcement-like,Regional Enforcement Bulletin (fictional),2020-04-28 00:00:00,Under investigation
WL003427,Entity,,ENT004459,Sanctions-like,Global Restricted Parties List (fictional),2021-11-28 00:00:00,Asset freeze
WL003428,Individual,IND0017188,,PEP-like,Politically Exposed Persons Register (fictional),2024-01-05 00:00:00,Senior public function
WL003429,Entity,,ENT008946,Law enforcement-like,Regional Enforcement Bulletin (fictional),2022-04-08 00:00:00,Under investigation
WL003430,Entity,,ENT001674,Law enforcement-like,Regional Enforcement Bulletin (fictional),2018-07-24 00:00:00,Under investigation
WL003431,Entity,,ENT006979,PEP-like,Politically Exposed Persons Register (fictional),2015-08-28 00:00:00,Senior public function
WL003432,Entity,,ENT003728,Sanctions-like,Global Restricted Parties List (fictional),2026-08-18 00:00:00,Asset freeze
WL003433,Entity,,ENT001534,Adverse media-like,Adverse Media Index (fictional),2018-03-24 00:00:00,Fraud allegations in media
WL003434,Individual,IND0056089,,Adverse media-like,Adverse Media Index (fictional),2022-02-10 00:00:00,Fraud allegations in media
WL003435,Individual,IND0036858,,Adverse media-like,Adverse Media Index (fictional),2019-04-22 00:00:00,Fraud allegations in media
WL003436,Individual,IND0018731,,PEP-like,Politically Exposed Persons Register (fictional),2018-08-28 00:00:00,Senior public function
WL003437,Entity,,ENT000181,PEP-like,Politically Exposed Persons Register (fictional),2015-06-16 00:00:00,Senior public function
WL003438,Individual,IND0054068,,Sanctions-like,Global Restricted Parties List (fictional),2025-07-21 00:00:00,Asset freeze
WL003439,Entity,,ENT006774,Adverse media-like,Adverse Media Index (fictional),2025-10-06 00:00:00,Fraud allegations in media
WL003440,Individual,IND0029479,,PEP-like,Politically Exposed Persons Register (fictional),2023-12-14 00:00:00,Senior public function
WL003441,Entity,,ENT001243,Adverse media-like,Adverse Media Index (fictional),2018-06-27 00:00:00,Fraud allegations in media
WL003442,Individual,IND0037012,,Adverse media-like,Adverse Media Index (fictional),2025-12-23 00:00:00,Fraud allegations in media
WL003443,Individual,IND0019831,,PEP-like,Politically Exposed Persons Register (fictional),2024-08-05 00:00:00,Senior public function
WL003444,Individual,IND0003350,,Law enforcement-like,Regional Enforcement Bulletin (fictional),2019-04-14 00:00:00,Under investigation
WL003445,Individual,IND0045114,,PEP-like,Politically Exposed Persons Register (fictional),2026-05-25 00:00:00,Senior public function
WL003446,Individual,IND0047149,,Sanctions-like,Global Restricted Parties List (fictional),2023-10-11 00:00:00,Asset freeze
WL003447,Individual,IND0028582,,PEP-like,Politically Exposed Persons Register (fictional),2025-07-21 00:00:00,Senior public function
WL003448,Individual,IND0029048,,Adverse media-like,Adverse Media Index (fictional),2023-04-14 00:00:00,Fraud allegations in media
WL003449,Entity,,ENT007298,PEP-like,Politically Exposed Persons Register (fictional),2026-08-21 00:00:00,Senior public function
WL003450,Individual,IND0007143,,PEP-like,Politically Exposed Persons Register (fictional),2017-07-20 00:00:00,Senior public function
WL003451,Individual,IND0008200,,PEP-like,Politically Exposed Persons Register (fictional),2024-11-10 00:00:00,Senior public function
WL003452,Individual,IND0021748,,Sanctions-like,Global Restricted Parties List (fictional),2016-01-07 00:00:00,Asset freeze
WL003453,Individual,IND0018482,,Adverse media-like,Adverse Media Index (fictional),2026-08-14 00:00:00,Fraud allegations in media
WL003454,Individual,IND0040433,,Sanctions-like,Global Restricted Parties List (fictional),2016-09-06 00:00:00,Asset freeze
WL003455,Individual,IND0055198,,PEP-like,Politically Exposed Persons Register (fictional),2025-04-14 00:00:00,Senior public function
WL003456,Individual,IND0058716,,PEP-like,Politically Exposed Persons Register (fictional),2017-01-19 00:00:00,Senior public function
WL003457,Individual,IND0044354,,Adverse media-like,Adverse Media Index (fictional),2015-11-19 00:00:00,Fraud allegations in media
WL003458,Individual,IND0018352,,Adverse media-like,Adverse Media Index (fictional),2021-01-16 00:00:00,Fraud allegations in media
WL003459,Individual,IND0050758,,Sanctions-like,Global Restricted Parties List (fictional),2021-06-21 00:00:00,Asset freeze
WL003460,Entity,,ENT002156,PEP-like,Politically Exposed Persons Register (fictional),2016-03-03 00:00:00,Senior public function
WL003461,Individual,IND0039404,,Sanctions-like,Global Restricted Parties List (fictional),2025-11-12 00:00:00,Asset freeze
WL003462,Individual,IND0053796,,Adverse media-like,Adverse Media Index (fictional),2022-03-25 00:00:00,Fraud allegations in media
WL003463,Individual,IND0039270,,Adverse media-like,Adverse Media Index (fictional),2022-03-28 00:00:00,Fraud allegations in media
WL003464,Entity,,ENT009127,PEP-like,Politically Exposed Persons Register (fictional),2016-07-08 00:00:00,Senior public function
WL003465,Individual,IND0049193,,Sanctions-like,Global Restricted Parties List (fictional),2015-04-16 00:00:00,Asset freeze
WL003466,Entity,,ENT001146,Adverse media-like,Adverse Media Index (fictional),2020-04-10 00:00:00,Fraud allegations in media
WL003467,Individual,IND0027491,,PEP-like,Politically Exposed Persons Register (fictional),2021-07-23 00:00:00,Senior public function
WL003468,Individual,IND0033763,,Adverse media-like,Adverse Media Index (fictional),2015-09-10 00:00:00,Fraud allegations in media
WL003469,Entity,,ENT005857,PEP-like,Politically Exposed Persons Register (fictional),2019-02-19 00:00:00,Senior public function
WL003470,Entity,,ENT003314,Sanctions-like,Global Restricted Parties List (fictional),2025-02-28 00:00:00,Asset freeze
WL003471,Individual,IND0059818,,Adverse media-like,Adverse Media Index (fictional),2016-03-31 00:00:00,Fraud allegations in media
WL003472,Individual,IND0028847,,Adverse media-like,Adverse Media Index (fictional),2016-10-03 00:00:00,Fraud allegations in media
WL003473,Individual,IND0021185,,Law enforcement-like,Regional Enforcement Bulletin (fictional),2019-08-29 00:00:00,Under investigation
WL003474,Individual,IND0053559,,Sanctions-like,Global Restricted Parties List (fictional),2026-04-17 00:00:00,Asset freeze
WL003475,Individual,IND0055234,,Adverse media-like,Adverse Media Index (fictional),2017-09-18 00:00:00,Fraud allegations in media
WL003476,Individual,IND0036820,,PEP-like,Politically Exposed Persons Register (fictional),2026-04-20 00:00:00,Senior public function
WL003477,Entity,,ENT003399,Adverse media-like,Adverse Media Index (fictional),2018-01-12 00:00:00,Fraud allegations in media
WL003478,Individual,IND0030675,,PEP-like,Politically Exposed Persons Register (fictional),2024-07-01 00:00:00,Senior public function
WL003479,Individual,IND0012207,,Law enforcement-like,Regional Enforcement Bulletin (fictional),2016-12-01 00:00:00,Under investigation
WL003480,Individual,IND0021293,,PEP-like,Politically Exposed Persons Register (fictional),2016-03-25 00:00:00,Senior public function
WL003481,Individual,IND0020607,,Sanctions-like,Global Restricted Parties List (fictional),2023-03-20 00:00:00,Asset freeze
WL003482,Individual,IND0044385,,PEP-like,Politically Exposed Persons Register (fictional),2022-05-02 00:00:00,Senior public function
WL003483,Individual,IND0047271,,PEP-like,Politically Exposed Persons Register (fictional),2017-05-09 00:00:00,Senior public function
WL003484,Individual,IND0024473,,Adverse media-like,Adverse Media Index (fictional),2015-10-30 00:00:00,Fraud allegations in media
WL003485,Individual,IND0054028,,Adverse media-like,Adverse Media Index (fictional),2017-05-02 00:00:00,Fraud allegations in media
WL003486,Individual,IND0016603,,PEP-like,Politically Exposed Persons Register (fictional),2015-06-02 00:00:00,Senior public function
WL003487,Entity,,ENT000310,Adverse media-like,Adverse Media Index (fictional),2019-09-27 00:00:00,Fraud allegations in media
WL003488,Individual,IND0042892,,Adverse media-like,Adverse Media Index (fictional),2025-01-20 00:00:00,Fraud allegations in media
WL003489,Entity,,ENT004119,Sanctions-like,Global Restricted Parties List (fictional),2018-06-02 00:00:00,Asset freeze
WL003490,Entity,,ENT009860,PEP-like,Politically Exposed Persons Register (fictional),2016-02-08 00:00:00,Senior public function
WL003491,Entity,,ENT009256,PEP-like,Politically Exposed Persons Register (fictional),2023-06-08 00:00:00,Senior public function
WL003492,Individual,IND0023266,,PEP-like,Politically Exposed Persons Register (fictional),2020-06-19 00:00:00,Senior public function
WL003493,Individual,IND0044389,,PEP-like,Politically Exposed Persons Register (fictional),2016-12-20 00:00:00,Senior public function
WL003494,Entity,,ENT004015,PEP-like,Politically Exposed Persons Register (fictional),2020-03-16 00:00:00,Senior public function
WL003495,Individual,IND0053587,,Adverse media-like,Adverse Media Index (fictional),2025-09-26 00:00:00,Fraud allegations in media
WL003496,Individual,IND0044270,,PEP-like,Politically Exposed Persons Register (fictional),2015-03-30 00:00:00,Senior public function
WL003497,Entity,,ENT004535,Sanctions-like,Global Restricted Parties List (fictional),2015-06-24 00:00:00,Asset freeze
WL003498,Individual,IND0038886,,Law enforcement-like,Regional Enforcement Bulletin (fictional),2017-08-23 00:00:00,Under investigation
WL003499,Individual,IND0031457,,Law enforcement-like,Regional Enforcement Bulletin (fictional),2022-10-03 00:00:00,Under investigation
WL003500,Individual,IND0024063,,Adverse media-like,Adverse Media Index (fictional),2021-02-24 00:00:00,Fraud allegations in media
WL003501,Individual,IND0044500,,Sanctions-like,Global Restricted Parties List (fictional),2020-06-03 00:00:00,Asset freeze
WL003502,Individual,IND0041441,,Adverse media-like,Adverse Media Index (fictional),2016-07-22 00:00:00,Fraud allegations in media
WL003503,Entity,,ENT005429,PEP-like,Politically Exposed Persons Register (fictional),2023-12-12 00:00:00,Senior public function
WL003504,Entity,,ENT002835,PEP-like,Politically Exposed Persons Register (fictional),2017-03-31 00:00:00,Senior public function
WL003505,Individual,IND0028119,,Sanctions-like,Global Restricted Parties List (fictional),2016-10-21 00:00:00,Asset freeze
WL003506,Entity,,ENT003687,Sanctions-like,Global Restricted Parties List (fictional),2025-12-04 00:00:00,Asset freeze
WL003507,Individual,IND0053515,,Adverse media-like,Adverse Media Index (fictional),2022-11-11 00:00:00,Fraud allegations in media
WL003508,Entity,,ENT002486,Adverse media-like,Adverse Media Index (fictional),2019-09-03 00:00:00,Fraud allegations in media
WL003509,Entity,,ENT004836,Sanctions-like,Global Restricted Parties List (fictional),2022-10-06 00:00:00,Asset freeze
WL003510,Entity,,ENT009886,PEP-like,Politically Exposed Persons Register (fictional),2020-08-30 00:00:00,Senior public function
WL003511,Entity,,ENT006229,Adverse media-like,Adverse Media Index (fictional),2016-02-21 00:00:00,Fraud allegations in media
WL003512,Entity,,ENT000667,Law enforcement-like,Regional Enforcement Bulletin (fictional),2017-08-15 00:00:00,Under investigation
WL003513,Individual,IND0033847,,Law enforcement-like,Regional Enforcement Bulletin (fictional),2021-01-02 00:00:00,Under investigation
WL003514,Entity,,ENT004167,PEP-like,Politically Exposed Persons Register (fictional),2021-10-08 00:00:00,Senior public function
WL003515,Entity,,ENT007872,Adverse media-like,Adverse Media Index (fictional),2019-08-08 00:00:00,Fraud allegations in media
WL003516,Entity,,ENT003976,Sanctions-like,Global Restricted Parties List (fictional),2023-07-17 00:00:00,Asset freeze
WL003517,Entity,,ENT006836,Adverse media-like,Adverse Media Index (fictional),2022-12-26 00:00:00,Fraud allegations in media
WL003518,Individual,IND0052261,,PEP-like,Politically Exposed Persons Register (fictional),2020-11-29 00:00:00,Senior public function
WL003519,Individual,IND0031788,,Sanctions-like,Global Restricted Parties List (fictional),2024-04-01 00:00:00,Asset freeze
WL003520,Individual,IND0015000,,Adverse media-like,Adverse Media Index (fictional),2015-10-06 00:00:00,Fraud allegations in media
WL003521,Entity,,ENT004321,PEP-like,Politically Exposed Persons Register (fictional),2015-03-28 00:00:00,Senior public function
WL003522,Individual,IND0001896,,Adverse media-like,Adverse Media Index (fictional),2018-08-28 00:00:00,Fraud allegations in media
WL003523,Individual,IND0032142,,Sanctions-like,Global Restricted Parties List (fictional),2018-07-25 00:00:00,Asset freeze
WL003524,Entity,,ENT006909,Adverse media-like,Adverse Media Index (fictional),2023-09-25 00:00:00,Fraud allegations in media
WL003525,Individual,IND0026621,,PEP-like,Politically Exposed Persons Register (fictional),2016-01-31 00:00:00,Senior public function
WL003526,Entity,,ENT001746,PEP-like,Politically Exposed Persons Register (fictional),2022-11-04 00:00:00,Senior public function
WL003527,Individual,IND0058853,,Adverse media-like,Adverse Media Index (fictional),2022-01-24 00:00:00,Fraud allegations in media
WL003528,Individual,IND0058770,,Adverse media-like,Adverse Media Index (fictional),2022-03-16 00:00:00,Fraud allegations in media
WL003529,Individual,IND0033848,,Sanctions-like,Global Restricted Parties List (fictional),2022-06-06 00:00:00,Asset freeze
WL003530,Entity,,ENT002693,PEP-like,Politically Exposed Persons Register (fictional),2023-08-25 00:00:00,Senior public function
WL003531,Entity,,ENT006630,Law enforcement-like,Regional Enforcement Bulletin (fictional),2018-05-22 00:00:00,Under investigation
WL003532,Entity,,ENT005376,PEP-like,Politically Exposed Persons Register (fictional),2024-11-04 00:00:00,Senior public function
WL003533,Individual,IND0046403,,PEP-like,Politically Exposed Persons Register (fictional),2016-10-31 00:00:00,Senior public function
WL003534,Entity,,ENT008005,Adverse media-like,Adverse Media Index (fictional),2015-09-10 00:00:00,Fraud allegations in media
WL003535,Entity,,ENT007401,Adverse media-like,Adverse Media Index (fictional),2023-12-12 00:00:00,Fraud allegations in media
WL003536,Individual,IND0001510,,Sanctions-like,Global Restricted Parties List (fictional),2016-11-17 00:00:00,Asset freeze
WL003537,Individual,IND0006633,,Adverse media-like,Adverse Media Index (fictional),2025-09-24 00:00:00,Fraud allegations in media
WL003538,Individual,IND0027261,,PEP-like,Politically Exposed Persons Register (fictional),2024-03-10 00:00:00,Senior public function
WL003539,Individual,IND0034569,,Adverse media-like,Adverse Media Index (fictional),2025-06-05 00:00:00,Fraud allegations in media
WL003540,Entity,,ENT006962,Adverse media-like,Adverse Media Index (fictional),2015-12-18 00:00:00,Fraud allegations in media
WL003541,Individual,IND0058291,,PEP-like,Politically Exposed Persons Register (fictional),2017-04-12 00:00:00,Senior public function
WL003542,Entity,,ENT004127,PEP-like,Politically Exposed Persons Register (fictional),2017-02-06 00:00:00,Senior public function
WL003543,Individual,IND0025236,,Law enforcement-like,Regional Enforcement Bulletin (fictional),2023-02-27 00:00:00,Under investigation
WL003544,Entity,,ENT009869,PEP-like,Politically Exposed Persons Register (fictional),2015-12-10 00:00:00,Senior public function
WL003545,Entity,,ENT001172,PEP-like,Politically Exposed Persons Register (fictional),2017-12-22 00:00:00,Senior public function
WL003546,Individual,IND0008954,,Adverse media-like,Adverse Media Index (fictional),2017-06-07 00:00:00,Fraud allegations in media
WL003547,Entity,,ENT009344,PEP-like,Politically Exposed Persons Register (fictional),2021-12-02 00:00:00,Senior public function
WL003548,Individual,IND0041540,,PEP-like,Politically Exposed Persons Register (fictional),2025-11-24 00:00:00,Senior public function
WL003549,Entity,,ENT002550,PEP-like,Politically Exposed Persons Register (fictional),2017-02-14 00:00:00,Senior public function
WL003550,Entity,,ENT006406,Adverse media-like,Adverse Media Index (fictional),2016-01-25 00:00:00,Fraud allegations in media
WL003551,Individual,IND0019668,,PEP-like,Politically Exposed Persons Register (fictional),2018-11-28 00:00:00,Senior public function
WL003552,Individual,IND0000788,,Adverse media-like,Adverse Media Index (fictional),2016-11-28 00:00:00,Fraud allegations in media
WL003553,Individual,IND0014956,,Sanctions-like,Global Restricted Parties List (fictional),2026-09-23 00:00:00,Asset freeze
WL003554,Entity,,ENT007787,Law enforcement-like,Regional Enforcement Bulletin (fictional),2026-03-04 00:00:00,Under investigation
WL003555,Entity,,ENT009326,Sanctions-like,Global Restricted Parties List (fictional),2015-05-25 00:00:00,Asset freeze
WL003556,Individual,IND0044280,,Sanctions-like,Global Restricted Parties List (fictional),2016-03-07 00:00:00,Asset freeze
WL003557,Entity,,ENT005984,Law enforcement-like,Regional Enforcement Bulletin (fictional),2018-02-22 00:00:00,Under investigation
WL003558,Individual,IND0021947,,Sanctions-like,Global Restricted Parties List (fictional),2017-06-16 00:00:00,Asset freeze
WL003559,Entity,,ENT008935,PEP-like,Politically Exposed Persons Register (fictional),2018-02-05 00:00:00,Senior public function
WL003560,Entity,,ENT008283,PEP-like,Politically Exposed Persons Register (fictional),2015-07-31 00:00:00,Senior public function
WL003561,Entity,,ENT004451,PEP-like,Politically Exposed Persons Register (fictional),2015-03-13 00:00:00,Senior public function
WL003562,Individual,IND0042355,,PEP-like,Politically Exposed Persons Register (fictional),2020-04-13 00:00:00,Senior public function
WL003563,Individual,IND0002615,,Law enforcement-like,Regional Enforcement Bulletin (fictional),2016-09-23 00:00:00,Under investigation
WL003564,Individual,IND0053943,,Adverse media-like,Adverse Media Index (fictional),2026-04-14 00:00:00,Fraud allegations in media
WL003565,Individual,IND0040558,,Sanctions-like,Global Restricted Parties List (fictional),2026-07-30 00:00:00,Asset freeze
WL003566,Individual,IND0042339,,Adverse media-like,Adverse Media Index (fictional),2025-11-27 00:00:00,Fraud allegations in media
WL003567,Entity,,ENT009685,Sanctions-like,Global Restricted Parties List (fictional),2019-02-09 00:00:00,Asset freeze
WL003568,Individual,IND0048524,,Adverse media-like,Adverse Media Index (fictional),2016-07-20 00:00:00,Fraud allegations in media
WL003569,Individual,IND0040265,,PEP-like,Politically Exposed Persons Register (fictional),2016-02-26 00:00:00,Senior public function
WL003570,Individual,IND0006014,,Sanctions-like,Global Restricted Parties List (fictional),2017-11-10 00:00:00,Asset freeze
WL003571,Individual,IND0049208,,Law enforcement-like,Regional Enforcement Bulletin (fictional),2024-02-06 00:00:00,Under investigation
WL003572,Individual,IND0049251,,Adverse media-like,Adverse Media Index (fictional),2024-04-19 00:00:00,Fraud allegations in media
WL003573,Entity,,ENT005860,Law enforcement-like,Regional Enforcement Bulletin (fictional),2025-12-10 00:00:00,Under investigation
WL003574,Entity,,ENT009177,Sanctions-like,Global Restricted Parties List (fictional),2024-10-11 00:00:00,Asset freeze
WL003575,Individual,IND0055448,,PEP-like,Politically Exposed Persons Register (fictional),2017-05-18 00:00:00,Senior public function
WL003576,Individual,IND0054174,,Sanctions-like,Global Restricted Parties List (fictional),2023-12-29 00:00:00,Asset freeze
WL003577,Entity,,ENT002440,Adverse media-like,Adverse Media Index (fictional),2022-10-10 00:00:00,Fraud allegations in media
WL003578,Individual,IND0016258,,Adverse media-like,Adverse Media Index (fictional),2019-11-07 00:00:00,Fraud allegations in media
WL003579,Individual,IND0039567,,Adverse media-like,Adverse Media Index (fictional),2019-09-30 00:00:00,Fraud allegations in media
WL003580,Individual,IND0012576,,Adverse media-like,Adverse Media Index (fictional),2019-02-28 00:00:00,Fraud allegations in media
WL003581,Individual,IND0040404,,Adverse media-like,Adverse Media Index (fictional),2024-03-13 00:00:00,Fraud allegations in media
WL003582,Individual,IND0020994,,Sanctions-like,Global Restricted Parties List (fictional),2018-08-10 00:00:00,Asset freeze
WL003583,Individual,IND0029024,,Adverse media-like,Adverse Media Index (fictional),2023-08-16 00:00:00,Fraud allegations in media
WL003584,Individual,IND0022041,,Adverse media-like,Adverse Media Index (fictional),2026-03-11 00:00:00,Fraud allegations in media
WL003585,Individual,IND0031209,,Adverse media-like,Adverse Media Index (fictional),2017-03-17 00:00:00,Fraud allegations in media
WL003586,Entity,,ENT002994,Adverse media-like,Adverse Media Index (fictional),2022-06-03 00:00:00,Fraud allegations in media
WL003587,Individual,IND0010819,,PEP-like,Politically Exposed Persons Register (fictional),2017-04-05 00:00:00,Senior public function
WL003588,Individual,IND0020355,,Adverse media-like,Adverse Media Index (fictional),2026-03-30 00:00:00,Fraud allegations in media
WL003589,Entity,,ENT006276,PEP-like,Politically Exposed Persons Register (fictional),2020-04-20 00:00:00,Senior public function
WL003590,Individual,IND0007600,,Sanctions-like,Global Restricted Parties List (fictional),2016-09-07 00:00:00,Asset freeze
WL003591,Entity,,ENT005090,Adverse media-like,Adverse Media Index (fictional),2019-07-23 00:00:00,Fraud allegations in media
WL003592,Individual,IND0027077,,PEP-like,Politically Exposed Persons Register (fictional),2022-04-29 00:00:00,Senior public function
WL003593,Entity,,ENT004753,Adverse media-like,Adverse Media Index (fictional),2017-10-04 00:00:00,Fraud allegations in media
WL003594,Individual,IND0038403,,PEP-like,Politically Exposed Persons Register (fictional),2017-05-26 00:00:00,Senior public function
WL003595,Entity,,ENT004860,PEP-like,Politically Exposed Persons Register (fictional),2016-06-02 00:00:00,Senior public function
WL003596,Individual,IND0002654,,PEP-like,Politically Exposed Persons Register (fictional),2021-03-18 00:00:00,Senior public function
WL003597,Entity,,ENT003785,PEP-like,Politically Exposed Persons Register (fictional),2024-12-11 00:00:00,Senior public function
WL003598,Entity,,ENT000774,Law enforcement-like,Regional Enforcement Bulletin (fictional),2017-10-12 00:00:00,Under investigation
WL003599,Individual,IND0031825,,Adverse media-like,Adverse Media Index (fictional),2026-06-17 00:00:00,Fraud allegations in media
WL003600,Entity,,ENT007922,Adverse media-like,Adverse Media Index (fictional),2018-07-09 00:00:00,Fraud allegations in media
WL003601,Entity,,ENT007918,PEP-like,Politically Exposed Persons Register (fictional),2022-09-19 00:00:00,Senior public function
WL003602,Individual,IND0051372,,Adverse media-like,Adverse Media Index (fictional),2025-04-25 00:00:00,Fraud allegations in media
WL003603,Individual,IND0011294,,Sanctions-like,Global Restricted Parties List (fictional),2015-09-18 00:00:00,Asset freeze
WL003604,Entity,,ENT009851,Sanctions-like,Global Restricted Parties List (fictional),2021-02-22 00:00:00,Asset freeze
WL003605,Entity,,ENT004475,Law enforcement-like,Regional Enforcement Bulletin (fictional),2016-08-03 00:00:00,Under investigation
WL003606,Entity,,ENT009273,Sanctions-like,Global Restricted Parties List (fictional),2018-08-31 00:00:00,Asset freeze
WL003607,Individual,IND0014723,,PEP-like,Politically Exposed Persons Register (fictional),2020-01-15 00:00:00,Senior public function
WL003608,Individual,IND0003166,,Adverse media-like,Adverse Media Index (fictional),2016-03-14 00:00:00,Fraud allegations in media
WL003609,Individual,IND0041458,,Adverse media-like,Adverse Media Index (fictional),2020-12-02 00:00:00,Fraud allegations in media
WL003610,Individual,IND0026821,,Adverse media-like,Adverse Media Index (fictional),2023-02-24 00:00:00,Fraud allegations in media
WL003611,Entity,,ENT006082,Adverse media-like,Adverse Media Index (fictional),2019-10-23 00:00:00,Fraud allegations in media
WL003612,Individual,IND0001954,,PEP-like,Politically Exposed Persons Register (fictional),2015-12-04 00:00:00,Senior public function
WL003613,Entity,,ENT008996,PEP-like,Politically Exposed Persons Register (fictional),2018-08-28 00:00:00,Senior public function
WL003614,Individual,IND0038681,,Adverse media-like,Adverse Media Index (fictional),2022-01-05 00:00:00,Fraud allegations in media
WL003615,Individual,IND0059582,,Adverse media-like,Adverse Media Index (fictional),2025-10-20 00:00:00,Fraud allegations in media
WL003616,Entity,,ENT007894,PEP-like,Politically Exposed Persons Register (fictional),2020-03-09 00:00:00,Senior public function
WL003617,Entity,,ENT000262,PEP-like,Politically Exposed Persons Register (fictional),2026-05-15 00:00:00,Senior public function
WL003618,Individual,IND0031478,,PEP-like,Politically Exposed Persons Register (fictional),2020-03-09 00:00:00,Senior public function
WL003619,Individual,IND0038603,,Sanctions-like,Global Restricted Parties List (fictional),2019-07-29 00:00:00,Asset freeze
WL003620,Individual,IND0028126,,PEP-like,Politically Exposed Persons Register (fictional),2023-06-08 00:00:00,Senior public function
WL003621,Individual,IND0059964,,Adverse media-like,Adverse Media Index (fictional),2015-06-08 00:00:00,Fraud allegations in media
WL003622,Entity,,ENT003080,Sanctions-like,Global Restricted Parties List (fictional),2018-06-11 00:00:00,Asset freeze
WL003623,Individual,IND0002452,,PEP-like,Politically Exposed Persons Register (fictional),2016-11-21 00:00:00,Senior public function
WL003624,Entity,,ENT001184,PEP-like,Politically Exposed Persons Register (fictional),2015-05-01 00:00:00,Senior public function
WL003625,Individual,IND0004923,,Law enforcement-like,Regional Enforcement Bulletin (fictional),2016-06-11 00:00:00,Under investigation
WL003626,Individual,IND0031814,,Sanctions-like,Global Restricted Parties List (fictional),2023-02-02 00:00:00,Asset freeze
WL003627,Individual,IND0017479,,PEP-like,Politically Exposed Persons Register (fictional),2020-09-11 00:00:00,Senior public function
WL003628,Individual,IND0004510,,PEP-like,Politically Exposed Persons Register (fictional),2017-11-10 00:00:00,Senior public function
WL003629,Individual,IND0000225,,PEP-like,Politically Exposed Persons Register (fictional),2015-05-09 00:00:00,Senior public function
WL003630,Entity,,ENT000084,Sanctions-like,Global Restricted Parties List (fictional),2017-02-20 00:00:00,Asset freeze
WL003631,Entity,,ENT005330,Sanctions-like,Global Restricted Parties List (fictional),2026-02-13 00:00:00,Asset freeze
WL003632,Individual,IND0013774,,Adverse media-like,Adverse Media Index (fictional),2025-01-16 00:00:00,Fraud allegations in media
WL003633,Individual,IND0021898,,PEP-like,Politically Exposed Persons Register (fictional),2018-09-03 00:00:00,Senior public function
WL003634,Individual,IND0029749,,Adverse media-like,Adverse Media Index (fictional),2024-12-06 00:00:00,Fraud allegations in media
WL003635,Individual,IND0026851,,Sanctions-like,Global Restricted Parties List (fictional),2023-10-24 00:00:00,Asset freeze
WL003636,Entity,,ENT008894,Adverse media-like,Adverse Media Index (fictional),2017-02-28 00:00:00,Fraud allegations in media
WL003637,Entity,,ENT001427,Law enforcement-like,Regional Enforcement Bulletin (fictional),2018-12-05 00:00:00,Under investigation
WL003638,Individual,IND0056619,,Adverse media-like,Adverse Media Index (fictional),2021-05-21 00:00:00,Fraud allegations in media
WL003639,Individual,IND0002996,,Sanctions-like,Global Restricted Parties List (fictional),2021-05-05 00:00:00,Asset freeze
WL003640,Individual,IND0005975,,Law enforcement-like,Regional Enforcement Bulletin (fictional),2015-02-04 00:00:00,Under investigation
WL003641,Entity,,ENT009127,Law enforcement-like,Regional Enforcement Bulletin (fictional),2024-07-30 00:00:00,Under investigation
WL003642,Entity,,ENT007890,PEP-like,Politically Exposed Persons Register (fictional),2017-07-03 00:00:00,Senior public function
WL003643,Individual,IND0034222,,Sanctions-like,Global Restricted Parties List (fictional),2019-06-24 00:00:00,Asset freeze
WL003644,Entity,,ENT005673,Adverse media-like,Adverse Media Index (fictional),2020-09-02 00:00:00,Fraud allegations in media
WL003645,Individual,IND0007423,,Sanctions-like,Global Restricted Parties List (fictional),2022-07-29 00:00:00,Asset freeze
WL003646,Individual,IND0053060,,PEP-like,Politically Exposed Persons Register (fictional),2016-12-28 00:00:00,Senior public function
WL003647,Entity,,ENT009242,Sanctions-like,Global Restricted Parties List (fictional),2021-05-07 00:00:00,Asset freeze
WL003648,Individual,IND0059783,,Adverse media-like,Adverse Media Index (fictional),2020-11-04 00:00:00,Fraud allegations in media
WL003649,Individual,IND0027005,,Adverse media-like,Adverse Media Index (fictional),2025-06-26 00:00:00,Fraud allegations in media
WL003650,Entity,,ENT008467,PEP-like,Politically Exposed Persons Register (fictional),2025-09-22 00:00:00,Senior public function
WL003651,Individual,IND0028935,,Sanctions-like,Global Restricted Parties List (fictional),2021-02-02 00:00:00,Asset freeze
WL003652,Entity,,ENT007970,Adverse media-like,Adverse Media Index (fictional),2025-03-24 00:00:00,Fraud allegations in media
WL003653,Individual,IND0055562,,Sanctions-like,Global Restricted Parties List (fictional),2019-12-11 00:00:00,Asset freeze
WL003654,Individual,IND0007690,,Law enforcement-like,Regional Enforcement Bulletin (fictional),2017-12-29 00:00:00,Under investigation
WL003655,Individual,IND0036696,,Sanctions-like,Global Restricted Parties List (fictional),2022-08-27 00:00:00,Asset freeze
WL003656,Entity,,ENT002907,Adverse media-like,Adverse Media Index (fictional),2019-05-27 00:00:00,Fraud allegations in media
WL003657,Individual,IND0050236,,Adverse media-like,Adverse Media Index (fictional),2018-02-19 00:00:00,Fraud allegations in media
WL003658,Individual,IND0014015,,Adverse media-like,Adverse Media Index (fictional),2024-08-23 00:00:00,Fraud allegations in media
WL003659,Individual,IND0053349,,Adverse media-like,Adverse Media Index (fictional),2020-06-17 00:00:00,Fraud allegations in media
WL003660,Individual,IND0027242,,Adverse media-like,Adverse Media Index (fictional),2024-04-23 00:00:00,Fraud allegations in media
WL003661,Entity,,ENT009638,Adverse media-like,Adverse Media Index (fictional),2018-01-05 00:00:00,Fraud allegations in media
WL003662,Individual,IND0016873,,PEP-like,Politically Exposed Persons Register (fictional),2022-04-01 00:00:00,Senior public function
WL003663,Individual,IND0037854,,Sanctions-like,Global Restricted Parties List (fictional),2018-07-02 00:00:00,Asset freeze
WL003664,Individual,IND0009964,,Sanctions-like,Global Restricted Parties List (fictional),2022-07-29 00:00:00,Asset freeze
WL003665,Individual,IND0026891,,PEP-like,Politically Exposed Persons Register (fictional),2016-11-18 00:00:00,Senior public function
WL003666,Individual,IND0035750,,PEP-like,Politically Exposed Persons Register (fictional),2022-02-18 00:00:00,Senior public function
WL003667,Entity,,ENT005661,Sanctions-like,Global Restricted Parties List (fictional),2023-06-05 00:00:00,Asset freeze
WL003668,Individual,IND0018192,,Sanctions-like,Global Restricted Parties List (fictional),2024-08-06 00:00:00,Asset freeze
WL003669,Entity,,ENT004003,Adverse media-like,Adverse Media Index (fictional),2015-03-09 00:00:00,Fraud allegations in media
WL003670,Entity,,ENT009635,Sanctions-like,Global Restricted Parties List (fictional),2024-06-10 00:00:00,Asset freeze
WL003671,Individual,IND0036342,,PEP-like,Politically Exposed Persons Register (fictional),2022-06-06 00:00:00,Senior public function
WL003672,Individual,IND0030737,,PEP-like,Politically Exposed Persons Register (fictional),2021-03-01 00:00:00,Senior public function
WL003673,Individual,IND0043342,,Sanctions-like,Global Restricted Parties List (fictional),2018-06-25 00:00:00,Asset freeze
WL003674,Individual,IND0001438,,Adverse media-like,Adverse Media Index (fictional),2015-03-30 00:00:00,Fraud allegations in media
WL003675,Entity,,ENT006014,Adverse media-like,Adverse Media Index (fictional),2016-12-09 00:00:00,Fraud allegations in media
WL003676,Individual,IND0029923,,Adverse media-like,Adverse Media Index (fictional),2018-10-12 00:00:00,Fraud allegations in media
WL003677,Individual,IND0049225,,Adverse media-like,Adverse Media Index (fictional),2023-05-19 00:00:00,Fraud allegations in media
WL003678,Entity,,ENT007780,Adverse media-like,Adverse Media Index (fictional),2018-08-13 00:00:00,Fraud allegations in media
WL003679,Individual,IND0014513,,PEP-like,Politically Exposed Persons Register (fictional),2020-01-04 00:00:00,Senior public function
WL003680,Individual,IND0003835,,Adverse media-like,Adverse Media Index (fictional),2025-09-17 00:00:00,Fraud allegations in media
WL003681,Individual,IND0005909,,Law enforcement-like,Regional Enforcement Bulletin (fictional),2017-12-20 00:00:00,Under investigation
WL003682,Individual,IND0027348,,PEP-like,Politically Exposed Persons Register (fictional),2026-08-20 00:00:00,Senior public function
WL003683,Entity,,ENT008093,Adverse media-like,Adverse Media Index (fictional),2020-02-06 00:00:00,Fraud allegations in media
WL003684,Entity,,ENT000913,PEP-like,Politically Exposed Persons Register (fictional),2023-10-12 00:00:00,Senior public function
WL003685,Individual,IND0056712,,Sanctions-like,Global Restricted Parties List (fictional),2023-04-21 00:00:00,Asset freeze
WL003686,Individual,IND0039162,,Adverse media-like,Adverse Media Index (fictional),2026-04-13 00:00:00,Fraud allegations in media
WL003687,Individual,IND0049163,,Sanctions-like,Global Restricted Parties List (fictional),2025-02-13 00:00:00,Asset freeze
WL003688,Entity,,ENT006523,Sanctions-like,Global Restricted Parties List (fictional),2023-05-08 00:00:00,Asset freeze
WL003689,Individual,IND0057382,,PEP-like,Politically Exposed Persons Register (fictional),2019-02-21 00:00:00,Senior public function
WL003690,Individual,IND0007140,,PEP-like,Politically Exposed Persons Register (fictional),2022-07-05 00:00:00,Senior public function
WL003691,Individual,IND0023630,,Law enforcement-like,Regional Enforcement Bulletin (fictional),2016-02-12 00:00:00,Under investigation
WL003692,Entity,,ENT007872,Sanctions-like,Global Restricted Parties List (fictional),2023-03-08 00:00:00,Asset freeze
WL003693,Entity,,ENT004386,Sanctions-like,Global Restricted Parties List (fictional),2019-01-21 00:00:00,Asset freeze
WL003694,Individual,IND0024890,,Adverse media-like,Adverse Media Index (fictional),2026-02-19 00:00:00,Fraud allegations in media
WL003695,Entity,,ENT003012,PEP-like,Politically Exposed Persons Register (fictional),2021-08-29 00:00:00,Senior public function
WL003696,Individual,IND0039195,,PEP-like,Politically Exposed Persons Register (fictional),2019-08-13 00:00:00,Senior public function
WL003697,Individual,IND0040891,,PEP-like,Politically Exposed Persons Register (fictional),2017-02-09 00:00:00,Senior public function
WL003698,Individual,IND0006231,,PEP-like,Politically Exposed Persons Register (fictional),2026-09-18 00:00:00,Senior public function
WL003699,Entity,,ENT002892,Sanctions-like,Global Restricted Parties List (fictional),2024-12-20 00:00:00,Asset freeze
WL003700,Entity,,ENT000526,PEP-like,Politically Exposed Persons Register (fictional),2022-05-26 00:00:00,Senior public function
WL003701,Individual,IND0021564,,PEP-like,Politically Exposed Persons Register (fictional),2020-11-02 00:00:00,Senior public function
WL003702,Entity,,ENT002997,Sanctions-like,Global Restricted Parties List (fictional),2023-10-18 00:00:00,Asset freeze
WL003703,Individual,IND0007309,,Adverse media-like,Adverse Media Index (fictional),2024-02-13 00:00:00,Fraud allegations in media
WL003704,Individual,IND0037797,,Sanctions-like,Global Restricted Parties List (fictional),2025-02-28 00:00:00,Asset freeze
WL003705,Entity,,ENT001799,Sanctions-like,Global Restricted Parties List (fictional),2024-07-12 00:00:00,Asset freeze
WL003706,Entity,,ENT001567,PEP-like,Politically Exposed Persons Register (fictional),2020-04-27 00:00:00,Senior public function
WL003707,Entity,,ENT003103,Adverse media-like,Adverse Media Index (fictional),2022-08-10 00:00:00,Fraud allegations in media
WL003708,Individual,IND0030110,,Adverse media-like,Adverse Media Index (fictional),2017-02-08 00:00:00,Fraud allegations in media
WL003709,Entity,,ENT008164,Law enforcement-like,Regional Enforcement Bulletin (fictional),2023-08-08 00:00:00,Under investigation
WL003710,Individual,IND0046238,,Adverse media-like,Adverse Media Index (fictional),2025-12-15 00:00:00,Fraud allegations in media
WL003711,Individual,IND0041635,,PEP-like,Politically Exposed Persons Register (fictional),2018-09-12 00:00:00,Senior public function
WL003712,Individual,IND0007983,,Sanctions-like,Global Restricted Parties List (fictional),2017-09-13 00:00:00,Asset freeze
WL003713,Individual,IND0005387,,Sanctions-like,Global Restricted Parties List (fictional),2015-05-25 00:00:00,Asset freeze
WL003714,Individual,IND0029626,,PEP-like,Politically Exposed Persons Register (fictional),2018-09-05 00:00:00,Senior public function
WL003715,Entity,,ENT007123,Sanctions-like,Global Restricted Parties List (fictional),2023-02-20 00:00:00,Asset freeze
WL003716,Individual,IND0014754,,PEP-like,Politically Exposed Persons Register (fictional),2017-07-28 00:00:00,Senior public function
WL003717,Individual,IND0023668,,PEP-like,Politically Exposed Persons Register (fictional),2024-05-14 00:00:00,Senior public function
WL003718,Entity,,ENT006442,PEP-like,Politically Exposed Persons Register (fictional),2022-12-13 00:00:00,Senior public function
WL003719,Individual,IND0018463,,Law enforcement-like,Regional Enforcement Bulletin (fictional),2025-11-02 00:00:00,Under investigation
WL003720,Individual,IND0012583,,Adverse media-like,Adverse Media Index (fictional),2020-08-29 00:00:00,Fraud allegations in media
WL003721,Entity,,ENT003734,PEP-like,Politically Exposed Persons Register (fictional),2025-02-27 00:00:00,Senior public function
WL003722,Individual,IND0046709,,Adverse media-like,Adverse Media Index (fictional),2018-06-18 00:00:00,Fraud allegations in media
WL003723,Entity,,ENT006937,Sanctions-like,Global Restricted Parties List (fictional),2016-02-19 00:00:00,Asset freeze
WL003724,Individual,IND0025618,,PEP-like,Politically Exposed Persons Register (fictional),2021-09-23 00:00:00,Senior public function
WL003725,Individual,IND0002310,,Sanctions-like,Global Restricted Parties List (fictional),2015-01-11 00:00:00,Asset freeze
WL003726,Individual,IND0008964,,PEP-like,Politically Exposed Persons Register (fictional),2017-04-04 00:00:00,Senior public function
WL003727,Entity,,ENT000492,Sanctions-like,Global Restricted Parties List (fictional),2023-10-26 00:00:00,Asset freeze
WL003728,Individual,IND0030483,,PEP-like,Politically Exposed Persons Register (fictional),2015-02-06 00:00:00,Senior public function
WL003729,Entity,,ENT009417,Adverse media-like,Adverse Media Index (fictional),2016-01-25 00:00:00,Fraud allegations in media
WL003730,Individual,IND0035046,,Adverse media-like,Adverse Media Index (fictional),2018-03-21 00:00:00,Fraud allegations in media
WL003731,Individual,IND0058013,,PEP-like,Politically Exposed Persons Register (fictional),2021-09-07 00:00:00,Senior public function
WL003732,Entity,,ENT002209,Sanctions-like,Global Restricted Parties List (fictional),2022-05-05 00:00:00,Asset freeze
WL003733,Individual,IND0005468,,Adverse media-like,Adverse Media Index (fictional),2022-09-13 00:00:00,Fraud allegations in media
WL003734,Individual,IND0044385,,PEP-like,Politically Exposed Persons Register (fictional),2019-12-18 00:00:00,Senior public function
WL003735,Individual,IND0012637,,Adverse media-like,Adverse Media Index (fictional),2026-08-21 00:00:00,Fraud allegations in media
WL003736,Entity,,ENT000355,Sanctions-like,Global Restricted Parties List (fictional),2022-05-31 00:00:00,Asset freeze
WL003737,Individual,IND0056351,,Sanctions-like,Global Restricted Parties List (fictional),2015-11-13 00:00:00,Asset freeze
WL003738,Entity,,ENT008695,Sanctions-like,Global Restricted Parties List (fictional),2019-05-21 00:00:00,Asset freeze
WL003739,Entity,,ENT004748,Sanctions-like,Global Restricted Parties List (fictional),2017-02-02 00:00:00,Asset freeze
WL003740,Individual,IND0020755,,Adverse media-like,Adverse Media Index (fictional),2019-04-17 00:00:00,Fraud allegations in media
WL003741,Individual,IND0010552,,Sanctions-like,Global Restricted Parties List (fictional),2017-06-01 00:00:00,Asset freeze
WL003742,Individual,IND0032884,,Adverse media-like,Adverse Media Index (fictional),2015-02-08 00:00:00,Fraud allegations in media
WL003743,Individual,IND0035123,,Law enforcement-like,Regional Enforcement Bulletin (fictional),2024-07-16 00:00:00,Under investigation
WL003744,Individual,IND0059595,,Adverse media-like,Adverse Media Index (fictional),2018-12-28 00:00:00,Fraud allegations in media
WL003745,Entity,,ENT005275,PEP-like,Politically Exposed Persons Register (fictional),2020-04-27 00:00:00,Senior public function
WL003746,Entity,,ENT006175,PEP-like,Politically Exposed Persons Register (fictional),2025-06-06 00:00:00,Senior public function
WL003747,Individual,IND0052351,,PEP-like,Politically Exposed Persons Register (fictional),2020-12-28 00:00:00,Senior public function
WL003748,Individual,IND0013392,,Adverse media-like,Adverse Media Index (fictional),2026-04-24 00:00:00,Fraud allegations in media
WL003749,Individual,IND0011694,,Adverse media-like,Adverse Media Index (fictional),2024-08-16 00:00:00,Fraud allegations in media
WL003750,Individual,IND0007988,,Sanctions-like,Global Restricted Parties List (fictional),2025-01-24 00:00:00,Asset freeze
WL003751,Individual,IND0033950,,Adverse media-like,Adverse Media Index (fictional),2025-05-05 00:00:00,Fraud allegations in media
WL003752,Individual,IND0024918,,Adverse media-like,Adverse Media Index (fictional),2022-03-04 00:00:00,Fraud allegations in media
WL003753,Entity,,ENT007330,Adverse media-like,Adverse Media Index (fictional),2021-04-05 00:00:00,Fraud allegations in media
WL003754,Individual,IND0057329,,Sanctions-like,Global Restricted Parties List (fictional),2024-07-29 00:00:00,Asset freeze
WL003755,Individual,IND0020554,,Sanctions-like,Global Restricted Parties List (fictional),2024-01-23 00:00:00,Asset freeze
WL003756,Individual,IND0016960,,Adverse media-like,Adverse Media Index (fictional),2016-05-06 00:00:00,Fraud allegations in media
WL003757,Entity,,ENT005045,Sanctions-like,Global Restricted Parties List (fictional),2015-05-27 00:00:00,Asset freeze
WL003758,Individual,IND0035574,,Adverse media-like,Adverse Media Index (fictional),2015-08-03 00:00:00,Fraud allegations in media
WL003759,Individual,IND0049773,,Sanctions-like,Global Restricted Parties List (fictional),2020-07-17 00:00:00,Asset freeze
WL003760,Individual,IND0014611,,Adverse media-like,Adverse Media Index (fictional),2017-01-13 00:00:00,Fraud allegations in media
WL003761,Individual,IND0040894,,Adverse media-like,Adverse Media Index (fictional),2026-02-23 00:00:00,Fraud allegations in media
WL003762,Individual,IND0001319,,Adverse media-like,Adverse Media Index (fictional),2026-04-14 00:00:00,Fraud allegations in media
WL003763,Individual,IND0014900,,Sanctions-like,Global Restricted Parties List (fictional),2025-06-03 00:00:00,Asset freeze
WL003764,Entity,,ENT008609,Adverse media-like,Adverse Media Index (fictional),2017-06-16 00:00:00,Fraud allegations in media
WL003765,Individual,IND0050173,,Law enforcement-like,Regional Enforcement Bulletin (fictional),2019-12-19 00:00:00,Under investigation
WL003766,Individual,IND0047977,,Adverse media-like,Adverse Media Index (fictional),2019-09-05 00:00:00,Fraud allegations in media
WL003767,Individual,IND0029683,,Sanctions-like,Global Restricted Parties List (fictional),2025-06-09 00:00:00,Asset freeze
WL003768,Entity,,ENT002334,Sanctions-like,Global Restricted Parties List (fictional),2024-02-14 00:00:00,Asset freeze
WL003769,Entity,,ENT005915,Adverse media-like,Adverse Media Index (fictional),2015-03-03 00:00:00,Fraud allegations in media
WL003770,Individual,IND0038320,,Adverse media-like,Adverse Media Index (fictional),2022-05-13 00:00:00,Fraud allegations in media
WL003771,Individual,IND0017772,,Adverse media-like,Adverse Media Index (fictional),2022-02-25 00:00:00,Fraud allegations in media
WL003772,Individual,IND0010606,,Adverse media-like,Adverse Media Index (fictional),2017-08-31 00:00:00,Fraud allegations in media
WL003773,Individual,IND0042231,,Sanctions-like,Global Restricted Parties List (fictional),2025-02-20 00:00:00,Asset freeze
WL003774,Entity,,ENT006384,Sanctions-like,Global Restricted Parties List (fictional),2026-07-20 00:00:00,Asset freeze
WL003775,Individual,IND0025938,,Sanctions-like,Global Restricted Parties List (fictional),2016-01-04 00:00:00,Asset freeze
WL003776,Entity,,ENT003510,Law enforcement-like,Regional Enforcement Bulletin (fictional),2021-02-05 00:00:00,Under investigation
WL003777,Individual,IND0020959,,Adverse media-like,Adverse Media Index (fictional),2020-08-05 00:00:00,Fraud allegations in media
WL003778,Individual,IND0013435,,Adverse media-like,Adverse Media Index (fictional),2025-07-31 00:00:00,Fraud allegations in media
WL003779,Individual,IND0022240,,PEP-like,Politically Exposed Persons Register (fictional),2017-05-02 00:00:00,Senior public function
WL003780,Individual,IND0014246,,Sanctions-like,Global Restricted Parties List (fictional),2023-07-13 00:00:00,Asset freeze
WL003781,Entity,,ENT002311,Sanctions-like,Global Restricted Parties List (fictional),2017-08-18 00:00:00,Asset freeze
WL003782,Individual,IND0050402,,PEP-like,Politically Exposed Persons Register (fictional),2017-01-18 00:00:00,Senior public function
WL003783,Entity,,ENT008116,Sanctions-like,Global Restricted Parties List (fictional),2023-05-22 00:00:00,Asset freeze
WL003784,Entity,,ENT004384,Law enforcement-like,Regional Enforcement Bulletin (fictional),2019-06-24 00:00:00,Under investigation
WL003785,Individual,IND0047929,,Adverse media-like,Adverse Media Index (fictional),2022-06-24 00:00:00,Fraud allegations in media
WL003786,Entity,,ENT003056,Sanctions-like,Global Restricted Parties List (fictional),2019-12-06 00:00:00,Asset freeze
WL003787,Individual,IND0006575,,Sanctions-like,Global Restricted Parties List (fictional),2023-09-01 00:00:00,Asset freeze
WL003788,Entity,,ENT006559,Adverse media-like,Adverse Media Index (fictional),2016-07-06 00:00:00,Fraud allegations in media
WL003789,Individual,IND0035519,,Adverse media-like,Adverse Media Index (fictional),2025-02-28 00:00:00,Fraud allegations in media
WL003790,Individual,IND0050311,,Sanctions-like,Global Restricted Parties List (fictional),2022-10-05 00:00:00,Asset freeze
WL003791,Entity,,ENT001191,Sanctions-like,Global Restricted Parties List (fictional),2016-01-02 00:00:00,Asset freeze
WL003792,Individual,IND0056770,,PEP-like,Politically Exposed Persons Register (fictional),2024-03-22 00:00:00,Senior public function
WL003793,Individual,IND0011637,,PEP-like,Politically Exposed Persons Register (fictional),2018-11-02 00:00:00,Senior public function
WL003794,Individual,IND0052892,,PEP-like,Politically Exposed Persons Register (fictional),2019-10-20 00:00:00,Senior public function
WL003795,Entity,,ENT005401,Law enforcement-like,Regional Enforcement Bulletin (fictional),2022-03-08 00:00:00,Under investigation
WL003796,Entity,,ENT004000,PEP-like,Politically Exposed Persons Register (fictional),2023-12-05 00:00:00,Senior public function
WL003797,Individual,IND0034150,,Adverse media-like,Adverse Media Index (fictional),2024-12-03 00:00:00,Fraud allegations in media
WL003798,Individual,IND0040704,,Adverse media-like,Adverse Media Index (fictional),2025-05-13 00:00:00,Fraud allegations in media
WL003799,Individual,IND0040259,,Adverse media-like,Adverse Media Index (fictional),2020-05-06 00:00:00,Fraud allegations in media
WL003800,Entity,,ENT009907,Adverse media-like,Adverse Media Index (fictional),2017-11-19 00:00:00,Fraud allegations in media
WL003801,Individual,IND0052360,,Adverse media-like,Adverse Media Index (fictional),2017-12-06 00:00:00,Fraud allegations in media
WL003802,Individual,IND0029057,,Sanctions-like,Global Restricted Parties List (fictional),2018-12-29 00:00:00,Asset freeze
WL003803,Entity,,ENT009120,Sanctions-like,Global Restricted Parties List (fictional),2023-03-03 00:00:00,Asset freeze
WL003804,Individual,IND0042445,,Law enforcement-like,Regional Enforcement Bulletin (fictional),2025-07-30 00:00:00,Under investigation
WL003805,Entity,,ENT007846,Sanctions-like,Global Restricted Parties List (fictional),2016-02-04 00:00:00,Asset freeze
WL003806,Entity,,ENT000172,Adverse media-like,Adverse Media Index (fictional),2015-06-30 00:00:00,Fraud allegations in media
WL003807,Entity,,ENT001508,Sanctions-like,Global Restricted Parties List (fictional),2017-12-02 00:00:00,Asset freeze
WL003808,Individual,IND0010466,,Sanctions-like,Global Restricted Parties List (fictional),2026-05-28 00:00:00,Asset freeze
WL003809,Individual,IND0023012,,PEP-like,Politically Exposed Persons Register (fictional),2021-02-19 00:00:00,Senior public function
WL003810,Individual,IND0055729,,Law enforcement-like,Regional Enforcement Bulletin (fictional),2017-03-08 00:00:00,Under investigation
WL003811,Entity,,ENT002643,Adverse media-like,Adverse Media Index (fictional),2025-03-05 00:00:00,Fraud allegations in media
WL003812,Individual,IND0035163,,Law enforcement-like,Regional Enforcement Bulletin (fictional),2016-06-17 00:00:00,Under investigation
WL003813,Entity,,ENT001099,PEP-like,Politically Exposed Persons Register (fictional),2019-12-25 00:00:00,Senior public function
WL003814,Individual,IND0024235,,Adverse media-like,Adverse Media Index (fictional),2026-09-03 00:00:00,Fraud allegations in media
WL003815,Individual,IND0001433,,Sanctions-like,Global Restricted Parties List (fictional),2025-08-25 00:00:00,Asset freeze
WL003816,Individual,IND0038153,,PEP-like,Politically Exposed Persons Register (fictional),2019-05-13 00:00:00,Senior public function
WL003817,Individual,IND0007061,,Adverse media-like,Adverse Media Index (fictional),2025-01-06 00:00:00,Fraud allegations in media
WL003818,Individual,IND0047466,,PEP-like,Politically Exposed Persons Register (fictional),2023-07-31 00:00:00,Senior public function
WL003819,Individual,IND0026246,,PEP-like,Politically Exposed Persons Register (fictional),2025-11-20 00:00:00,Senior public function
WL003820,Individual,IND0000287,,Adverse media-like,Adverse Media Index (fictional),2025-11-27 00:00:00,Fraud allegations in media
WL003821,Individual,IND0058459,,Sanctions-like,Global Restricted Parties List (fictional),2024-08-09 00:00:00,Asset freeze
WL003822,Entity,,ENT000733,Adverse media-like,Adverse Media Index (fictional),2023-09-25 00:00:00,Fraud allegations in media
WL003823,Entity,,ENT004953,PEP-like,Politically Exposed Persons Register (fictional),2023-02-17 00:00:00,Senior public function
WL003824,Individual,IND0058392,,Adverse media-like,Adverse Media Index (fictional),2023-11-13 00:00:00,Fraud allegations in media
WL003825,Entity,,ENT000324,Adverse media-like,Adverse Media Index (fictional),2018-10-09 00:00:00,Fraud allegations in media
WL003826,Entity,,ENT000950,Adverse media-like,Adverse Media Index (fictional),2020-07-16 00:00:00,Fraud allegations in media
WL003827,Entity,,ENT009655,PEP-like,Politically Exposed Persons Register (fictional),2015-11-24 00:00:00,Senior public function
WL003828,Entity,,ENT007475,PEP-like,Politically Exposed Persons Register (fictional),2016-02-10 00:00:00,Senior public function
WL003829,Entity,,ENT005258,Sanctions-like,Global Restricted Parties List (fictional),2021-02-26 00:00:00,Asset freeze
WL003830,Individual,IND0029183,,Sanctions-like,Global Restricted Parties List (fictional),2019-11-24 00:00:00,Asset freeze
WL003831,Individual,IND0049414,,Adverse media-like,Adverse Media Index (fictional),2020-05-11 00:00:00,Fraud allegations in media
WL003832,Entity,,ENT000519,PEP-like,Politically Exposed Persons Register (fictional),2017-08-17 00:00:00,Senior public function
WL003833,Individual,IND0024319,,Adverse media-like,Adverse Media Index (fictional),2018-11-28 00:00:00,Fraud allegations in media
WL003834,Individual,IND0041050,,PEP-like,Politically Exposed Persons Register (fictional),2026-01-25 00:00:00,Senior public function
WL003835,Entity,,ENT008976,PEP-like,Politically Exposed Persons Register (fictional),2024-09-23 00:00:00,Senior public function
WL003836,Entity,,ENT007755,Adverse media-like,Adverse Media Index (fictional),2018-04-23 00:00:00,Fraud allegations in media
WL003837,Individual,IND0039086,,Adverse media-like,Adverse Media Index (fictional),2023-08-24 00:00:00,Fraud allegations in media
WL003838,Individual,IND0036406,,PEP-like,Politically Exposed Persons Register (fictional),2023-10-01 00:00:00,Senior public function
WL003839,Individual,IND0033230,,Adverse media-like,Adverse Media Index (fictional),2018-08-06 00:00:00,Fraud allegations in media
WL003840,Individual,IND0053569,,PEP-like,Politically Exposed Persons Register (fictional),2015-01-23 00:00:00,Senior public function
WL003841,Entity,,ENT005747,PEP-like,Politically Exposed Persons Register (fictional),2021-08-11 00:00:00,Senior public function
WL003842,Entity,,ENT008307,PEP-like,Politically Exposed Persons Register (fictional),2017-07-24 00:00:00,Senior public function
WL003843,Individual,IND0001337,,Adverse media-like,Adverse Media Index (fictional),2018-12-14 00:00:00,Fraud allegations in media
WL003844,Individual,IND0031751,,Sanctions-like,Global Restricted Parties List (fictional),2020-06-03 00:00:00,Asset freeze
WL003845,Individual,IND0046477,,PEP-like,Politically Exposed Persons Register (fictional),2017-04-05 00:00:00,Senior public function
WL003846,Entity,,ENT007893,Law enforcement-like,Regional Enforcement Bulletin (fictional),2015-09-03 00:00:00,Under investigation
WL003847,Entity,,ENT006286,Sanctions-like,Global Restricted Parties List (fictional),2022-03-14 00:00:00,Asset freeze
WL003848,Individual,IND0028844,,Sanctions-like,Global Restricted Parties List (fictional),2015-07-15 00:00:00,Asset freeze
WL003849,Entity,,ENT009154,Adverse media-like,Adverse Media Index (fictional),2024-10-02 00:00:00,Fraud allegations in media
WL003850,Entity,,ENT000917,PEP-like,Politically Exposed Persons Register (fictional),2015-04-02 00:00:00,Senior public function
WL003851,Entity,,ENT006766,Law enforcement-like,Regional Enforcement Bulletin (fictional),2020-04-10 00:00:00,Under investigation
WL003852,Individual,IND0018132,,Adverse media-like,Adverse Media Index (fictional),2019-07-29 00:00:00,Fraud allegations in media
WL003853,Individual,IND0040811,,PEP-like,Politically Exposed Persons Register (fictional),2026-04-29 00:00:00,Senior public function
WL003854,Individual,IND0051364,,Sanctions-like,Global Restricted Parties List (fictional),2020-08-15 00:00:00,Asset freeze
WL003855,Entity,,ENT006784,Law enforcement-like,Regional Enforcement Bulletin (fictional),2023-09-05 00:00:00,Under investigation
WL003856,Entity,,ENT001255,Sanctions-like,Global Restricted Parties List (fictional),2017-04-17 00:00:00,Asset freeze
WL003857,Individual,IND0012619,,PEP-like,Politically Exposed Persons Register (fictional),2026-08-16 00:00:00,Senior public function
WL003858,Individual,IND0040137,,PEP-like,Politically Exposed Persons Register (fictional),2022-04-20 00:00:00,Senior public function
WL003859,Entity,,ENT009461,PEP-like,Politically Exposed Persons Register (fictional),2024-01-05 00:00:00,Senior public function
WL003860,Entity,,ENT001702,Adverse media-like,Adverse Media Index (fictional),2025-06-13 00:00:00,Fraud allegations in media
WL003861,Entity,,ENT005534,Sanctions-like,Global Restricted Parties List (fictional),2018-03-08 00:00:00,Asset freeze
WL003862,Entity,,ENT006876,Adverse media-like,Adverse Media Index (fictional),2024-06-24 00:00:00,Fraud allegations in media
WL003863,Entity,,ENT000594,PEP-like,Politically Exposed Persons Register (fictional),2023-01-26 00:00:00,Senior public function
WL003864,Individual,IND0015398,,Sanctions-like,Global Restricted Parties List (fictional),2019-09-09 00:00:00,Asset freeze
WL003865,Individual,IND0057201,,Sanctions-like,Global Restricted Parties List (fictional),2015-10-19 00:00:00,Asset freeze
WL003866,Individual,IND0007200,,Adverse media-like,Adverse Media Index (fictional),2017-10-19 00:00:00,Fraud allegations in media
WL003867,Individual,IND0021821,,PEP-like,Politically Exposed Persons Register (fictional),2017-10-13 00:00:00,Senior public function
WL003868,Individual,IND0052679,,Adverse media-like,Adverse Media Index (fictional),2018-02-23 00:00:00,Fraud allegations in media
WL003869,Individual,IND0016644,,PEP-like,Politically Exposed Persons Register (fictional),2018-03-17 00:00:00,Senior public function
WL003870,Individual,IND0018667,,Sanctions-like,Global Restricted Parties List (fictional),2015-02-11 00:00:00,Asset freeze
WL003871,Individual,IND0050928,,Sanctions-like,Global Restricted Parties List (fictional),2019-05-06 00:00:00,Asset freeze
WL003872,Entity,,ENT004933,PEP-like,Politically Exposed Persons Register (fictional),2023-12-22 00:00:00,Senior public function
WL003873,Individual,IND0012496,,PEP-like,Politically Exposed Persons Register (fictional),2016-02-12 00:00:00,Senior public function
WL003874,Entity,,ENT002502,Sanctions-like,Global Restricted Parties List (fictional),2019-12-20 00:00:00,Asset freeze
WL003875,Individual,IND0048125,,Sanctions-like,Global Restricted Parties List (fictional),2016-11-29 00:00:00,Asset freeze
WL003876,Entity,,ENT001187,PEP-like,Politically Exposed Persons Register (fictional),2020-12-09 00:00:00,Senior public function
WL003877,Entity,,ENT009491,Adverse media-like,Adverse Media Index (fictional),2020-05-29 00:00:00,Fraud allegations in media
WL003878,Individual,IND0025516,,PEP-like,Politically Exposed Persons Register (fictional),2015-06-13 00:00:00,Senior public function
WL003879,Entity,,ENT001611,Adverse media-like,Adverse Media Index (fictional),2024-01-11 00:00:00,Fraud allegations in media
WL003880,Individual,IND0031560,,Adverse media-like,Adverse Media Index (fictional),2016-09-13 00:00:00,Fraud allegations in media
WL003881,Individual,IND0000420,,Law enforcement-like,Regional Enforcement Bulletin (fictional),2025-04-03 00:00:00,Under investigation
WL003882,Entity,,ENT006036,Adverse media-like,Adverse Media Index (fictional),2021-08-02 00:00:00,Fraud allegations in media
WL003883,Individual,IND0002047,,Sanctions-like,Global Restricted Parties List (fictional),2025-11-21 00:00:00,Asset freeze
WL003884,Individual,IND0011803,,PEP-like,Politically Exposed Persons Register (fictional),2026-05-18 00:00:00,Senior public function
WL003885,Individual,IND0021973,,PEP-like,Politically Exposed Persons Register (fictional),2018-06-09 00:00:00,Senior public function
WL003886,Individual,IND0026822,,Sanctions-like,Global Restricted Parties List (fictional),2024-04-15 00:00:00,Asset freeze
WL003887,Individual,IND0013132,,Adverse media-like,Adverse Media Index (fictional),2022-11-04 00:00:00,Fraud allegations in media
WL003888,Individual,IND0013096,,Sanctions-like,Global Restricted Parties List (fictional),2023-09-19 00:00:00,Asset freeze
WL003889,Individual,IND0028835,,Adverse media-like,Adverse Media Index (fictional),2020-10-26 00:00:00,Fraud allegations in media
WL003890,Entity,,ENT000716,PEP-like,Politically Exposed Persons Register (fictional),2022-12-23 00:00:00,Senior public function
WL003891,Individual,IND0056306,,PEP-like,Politically Exposed Persons Register (fictional),2024-02-19 00:00:00,Senior public function
WL003892,Individual,IND0056457,,Sanctions-like,Global Restricted Parties List (fictional),2025-06-27 00:00:00,Asset freeze
WL003893,Entity,,ENT000968,Sanctions-like,Global Restricted Parties List (fictional),2019-04-19 00:00:00,Asset freeze
WL003894,Individual,IND0018230,,Adverse media-like,Adverse Media Index (fictional),2022-01-28 00:00:00,Fraud allegations in media
WL003895,Individual,IND0030300,,Adverse media-like,Adverse Media Index (fictional),2024-03-01 00:00:00,Fraud allegations in media
WL003896,Individual,IND0007734,,Adverse media-like,Adverse Media Index (fictional),2024-12-25 00:00:00,Fraud allegations in media
WL003897,Individual,IND0037228,,PEP-like,Politically Exposed Persons Register (fictional),2025-11-14 00:00:00,Senior public function
WL003898,Entity,,ENT005273,PEP-like,Politically Exposed Persons Register (fictional),2017-08-30 00:00:00,Senior public function
WL003899,Individual,IND0039965,,Sanctions-like,Global Restricted Parties List (fictional),2021-02-22 00:00:00,Asset freeze
WL003900,Entity,,ENT005024,Sanctions-like,Global Restricted Parties List (fictional),2021-08-16 00:00:00,Asset freeze
WL003901,Individual,IND0015076,,PEP-like,Politically Exposed Persons Register (fictional),2017-10-10 00:00:00,Senior public function
WL003902,Individual,IND0008167,,PEP-like,Politically Exposed Persons Register (fictional),2022-01-05 00:00:00,Senior public function
WL003903,Individual,IND0016033,,Sanctions-like,Global Restricted Parties List (fictional),2023-09-06 00:00:00,Asset freeze
WL003904,Individual,IND0033079,,Sanctions-like,Global Restricted Parties List (fictional),2021-01-13 00:00:00,Asset freeze
WL003905,Individual,IND0046648,,PEP-like,Politically Exposed Persons Register (fictional),2015-07-21 00:00:00,Senior public function
WL003906,Entity,,ENT005942,Adverse media-like,Adverse Media Index (fictional),2021-04-06 00:00:00,Fraud allegations in media
WL003907,Individual,IND0010641,,Adverse media-like,Adverse Media Index (fictional),2019-01-15 00:00:00,Fraud allegations in media
WL003908,Entity,,ENT001871,Sanctions-like,Global Restricted Parties List (fictional),2020-03-26 00:00:00,Asset freeze
WL003909,Entity,,ENT007442,PEP-like,Politically Exposed Persons Register (fictional),2023-11-13 00:00:00,Senior public function
WL003910,Individual,IND0059855,,Adverse media-like,Adverse Media Index (fictional),2023-09-27 00:00:00,Fraud allegations in media
WL003911,Individual,IND0047482,,Sanctions-like,Global Restricted Parties List (fictional),2018-09-17 00:00:00,Asset freeze
WL003912,Individual,IND0010898,,Adverse media-like,Adverse Media Index (fictional),2016-10-12 00:00:00,Fraud allegations in media
WL003913,Individual,IND0036423,,Sanctions-like,Global Restricted Parties List (fictional),2024-09-09 00:00:00,Asset freeze
WL003914,Entity,,ENT003667,Sanctions-like,Global Restricted Parties List (fictional),2022-04-20 00:00:00,Asset freeze
WL003915,Entity,,ENT007690,Law enforcement-like,Regional Enforcement Bulletin (fictional),2022-12-22 00:00:00,Under investigation
WL003916,Individual,IND0032846,,PEP-like,Politically Exposed Persons Register (fictional),2022-06-15 00:00:00,Senior public function
WL003917,Individual,IND0048054,,Adverse media-like,Adverse Media Index (fictional),2016-08-19 00:00:00,Fraud allegations in media
WL003918,Individual,IND0004566,,Sanctions-like,Global Restricted Parties List (fictional),2018-03-13 00:00:00,Asset freeze
WL003919,Entity,,ENT006139,PEP-like,Politically Exposed Persons Register (fictional),2017-11-10 00:00:00,Senior public function
WL003920,Entity,,ENT009971,PEP-like,Politically Exposed Persons Register (fictional),2026-02-06 00:00:00,Senior public function
WL003921,Individual,IND0050387,,Law enforcement-like,Regional Enforcement Bulletin (fictional),2019-10-25 00:00:00,Under investigation
WL003922,Entity,,ENT008507,Adverse media-like,Adverse Media Index (fictional),2021-07-12 00:00:00,Fraud allegations in media
WL003923,Individual,IND0058391,,Adverse media-like,Adverse Media Index (fictional),2024-03-07 00:00:00,Fraud allegations in media
WL003924,Entity,,ENT003744,PEP-like,Politically Exposed Persons Register (fictional),2023-06-16 00:00:00,Senior public function
WL003925,Entity,,ENT002458,Sanctions-like,Global Restricted Parties List (fictional),2018-02-07 00:00:00,Asset freeze
WL003926,Individual,IND0019135,,PEP-like,Politically Exposed Persons Register (fictional),2025-11-17 00:00:00,Senior public function
WL003927,Entity,,ENT002531,PEP-like,Politically Exposed Persons Register (fictional),2026-05-18 00:00:00,Senior public function
WL003928,Entity,,ENT008074,Sanctions-like,Global Restricted Parties List (fictional),2018-02-02 00:00:00,Asset freeze
WL003929,Individual,IND0009240,,PEP-like,Politically Exposed Persons Register (fictional),2015-12-16 00:00:00,Senior public function
WL003930,Entity,,ENT005506,PEP-like,Politically Exposed Persons Register (fictional),2016-02-11 00:00:00,Senior public function
WL003931,Individual,IND0053394,,PEP-like,Politically Exposed Persons Register (fictional),2022-09-14 00:00:00,Senior public function
WL003932,Individual,IND0041055,,Adverse media-like,Adverse Media Index (fictional),2024-03-11 00:00:00,Fraud allegations in media
WL003933,Entity,,ENT006946,Sanctions-like,Global Restricted Parties List (fictional),2018-10-03 00:00:00,Asset freeze
WL003934,Individual,IND0013526,,Adverse media-like,Adverse Media Index (fictional),2017-03-31 00:00:00,Fraud allegations in media
WL003935,Entity,,ENT001925,PEP-like,Politically Exposed Persons Register (fictional),2017-07-04 00:00:00,Senior public function
WL003936,Entity,,ENT000479,PEP-like,Politically Exposed Persons Register (fictional),2015-05-04 00:00:00,Senior public function
WL003937,Individual,IND0013464,,Adverse media-like,Adverse Media Index (fictional),2019-08-15 00:00:00,Fraud allegations in media
WL003938,Entity,,ENT008575,PEP-like,Politically Exposed Persons Register (fictional),2020-12-18 00:00:00,Senior public function
WL003939,Entity,,ENT002069,PEP-like,Politically Exposed Persons Register (fictional),2015-09-23 00:00:00,Senior public function
WL003940,Entity,,ENT000680,Sanctions-like,Global Restricted Parties List (fictional),2023-08-16 00:00:00,Asset freeze
WL003941,Entity,,ENT008673,Law enforcement-like,Regional Enforcement Bulletin (fictional),2024-12-13 00:00:00,Under investigation
WL003942,Individual,IND0016162,,Adverse media-like,Adverse Media Index (fictional),2019-11-22 00:00:00,Fraud allegations in media
WL003943,Entity,,ENT004757,Sanctions-like,Global Restricted Parties List (fictional),2025-05-29 00:00:00,Asset freeze
WL003944,Entity,,ENT006504,PEP-like,Politically Exposed Persons Register (fictional),2018-05-11 00:00:00,Senior public function
WL003945,Individual,IND0012468,,Adverse media-like,Adverse Media Index (fictional),2018-05-14 00:00:00,Fraud allegations in media
WL003946,Entity,,ENT001610,PEP-like,Politically Exposed Persons Register (fictional),2026-04-20 00:00:00,Senior public function
WL003947,Entity,,ENT000884,Sanctions-like,Global Restricted Parties List (fictional),2015-09-14 00:00:00,Asset freeze
WL003948,Entity,,ENT002114,PEP-like,Politically Exposed Persons Register (fictional),2025-05-26 00:00:00,Senior public function
WL003949,Individual,IND0057132,,Sanctions-like,Global Restricted Parties List (fictional),2024-09-09 00:00:00,Asset freeze
WL003950,Individual,IND0048374,,PEP-like,Politically Exposed Persons Register (fictional),2020-04-10 00:00:00,Senior public function
WL003951,Entity,,ENT000933,Law enforcement-like,Regional Enforcement Bulletin (fictional),2023-11-22 00:00:00,Under investigation
WL003952,Individual,IND0006996,,PEP-like,Politically Exposed Persons Register (fictional),2017-03-10 00:00:00,Senior public function
WL003953,Individual,IND0052203,,Sanctions-like,Global Restricted Parties List (fictional),2017-04-18 00:00:00,Asset freeze
WL003954,Entity,,ENT006325,Adverse media-like,Adverse Media Index (fictional),2025-12-26 00:00:00,Fraud allegations in media
WL003955,Individual,IND0056039,,PEP-like,Politically Exposed Persons Register (fictional),2026-02-06 00:00:00,Senior public function
WL003956,Individual,IND0047965,,Law enforcement-like,Regional Enforcement Bulletin (fictional),2015-04-13 00:00:00,Under investigation
WL003957,Individual,IND0019107,,Sanctions-like,Global Restricted Parties List (fictional),2020-05-29 00:00:00,Asset freeze
WL003958,Individual,IND0020753,,PEP-like,Politically Exposed Persons Register (fictional),2023-12-14 00:00:00,Senior public function
WL003959,Individual,IND0054761,,PEP-like,Politically Exposed Persons Register (fictional),2023-08-02 00:00:00,Senior public function
WL003960,Individual,IND0055031,,PEP-like,Politically Exposed Persons Register (fictional),2021-11-15 00:00:00,Senior public function
WL003961,Individual,IND0011771,,PEP-like,Politically Exposed Persons Register (fictional),2025-04-18 00:00:00,Senior public function
WL003962,Entity,,ENT000946,Adverse media-like,Adverse Media Index (fictional),2018-06-11 00:00:00,Fraud allegations in media
WL003963,Individual,IND0020753,,Adverse media-like,Adverse Media Index (fictional),2021-01-18 00:00:00,Fraud allegations in media
WL003964,Individual,IND0010374,,Adverse media-like,Adverse Media Index (fictional),2021-12-22 00:00:00,Fraud allegations in media
WL003965,Entity,,ENT003230,Law enforcement-like,Regional Enforcement Bulletin (fictional),2026-03-10 00:00:00,Under investigation
WL003966,Entity,,ENT006402,Sanctions-like,Global Restricted Parties List (fictional),2024-03-19 00:00:00,Asset freeze
WL003967,Entity,,ENT001122,Sanctions-like,Global Restricted Parties List (fictional),2019-02-22 00:00:00,Asset freeze
WL003968,Individual,IND0003571,,Law enforcement-like,Regional Enforcement Bulletin (fictional),2022-12-16 00:00:00,Under investigation
WL003969,Individual,IND0019548,,Adverse media-like,Adverse Media Index (fictional),2015-10-25 00:00:00,Fraud allegations in media
WL003970,Entity,,ENT004595,PEP-like,Politically Exposed Persons Register (fictional),2025-09-21 00:00:00,Senior public function
WL003971,Individual,IND0010114,,Adverse media-like,Adverse Media Index (fictional),2023-09-18 00:00:00,Fraud allegations in media
WL003972,Individual,IND0011155,,Law enforcement-like,Regional Enforcement Bulletin (fictional),2021-10-18 00:00:00,Under investigation
WL003973,Entity,,ENT009823,PEP-like,Politically Exposed Persons Register (fictional),2018-05-02 00:00:00,Senior public function
WL003974,Entity,,ENT006627,Sanctions-like,Global Restricted Parties List (fictional),2020-10-12 00:00:00,Asset freeze
WL003975,Individual,IND0052983,,Adverse media-like,Adverse Media Index (fictional),2019-09-25 00:00:00,Fraud allegations in media
WL003976,Entity,,ENT003471,Sanctions-like,Global Restricted Parties List (fictional),2022-08-22 00:00:00,Asset freeze
WL003977,Entity,,ENT004844,Sanctions-like,Global Restricted Parties List (fictional),2018-03-28 00:00:00,Asset freeze
WL003978,Individual,IND0004988,,Adverse media-like,Adverse Media Index (fictional),2022-03-28 00:00:00,Fraud allegations in media
WL003979,Entity,,ENT006993,PEP-like,Politically Exposed Persons Register (fictional),2015-06-22 00:00:00,Senior public function
WL003980,Entity,,ENT004595,Adverse media-like,Adverse Media Index (fictional),2026-07-01 00:00:00,Fraud allegations in media
WL003981,Individual,IND0046838,,PEP-like,Politically Exposed Persons Register (fictional),2022-05-03 00:00:00,Senior public function
WL003982,Individual,IND0022374,,PEP-like,Politically Exposed Persons Register (fictional),2025-04-17 00:00:00,Senior public function
WL003983,Entity,,ENT001389,Adverse media-like,Adverse Media Index (fictional),2015-05-22 00:00:00,Fraud allegations in media
WL003984,Individual,IND0049368,,PEP-like,Politically Exposed Persons Register (fictional),2024-04-29 00:00:00,Senior public function
WL003985,Entity,,ENT009461,PEP-like,Politically Exposed Persons Register (fictional),2015-10-28 00:00:00,Senior public function
WL003986,Individual,IND0008964,,Adverse media-like,Adverse Media Index (fictional),2019-11-21 00:00:00,Fraud allegations in media
WL003987,Individual,IND0017033,,PEP-like,Politically Exposed Persons Register (fictional),2017-03-01 00:00:00,Senior public function
WL003988,Individual,IND0022402,,Adverse media-like,Adverse Media Index (fictional),2024-06-03 00:00:00,Fraud allegations in media
WL003989,Individual,IND0019247,,PEP-like,Politically Exposed Persons Register (fictional),2017-08-02 00:00:00,Senior public function
WL003990,Individual,IND0038668,,PEP-like,Politically Exposed Persons Register (fictional),2015-02-02 00:00:00,Senior public function
WL003991,Individual,IND0024035,,Adverse media-like,Adverse Media Index (fictional),2019-05-20 00:00:00,Fraud allegations in media
WL003992,Individual,IND0041832,,PEP-like,Politically Exposed Persons Register (fictional),2017-02-09 00:00:00,Senior public function
WL003993,Individual,IND0042750,,Adverse media-like,Adverse Media Index (fictional),2021-02-24 00:00:00,Fraud allegations in media
WL003994,Individual,IND0017966,,Law enforcement-like,Regional Enforcement Bulletin (fictional),2017-01-31 00:00:00,Under investigation
WL003995,Entity,,ENT009020,Sanctions-like,Global Restricted Parties List (fictional),2020-05-22 00:00:00,Asset freeze
WL003996,Entity,,ENT007164,PEP-like,Politically Exposed Persons Register (fictional),2022-11-14 00:00:00,Senior public function
WL003997,Individual,IND0024045,,PEP-like,Politically Exposed Persons Register (fictional),2019-10-08 00:00:00,Senior public function
WL003998,Individual,IND0033197,,PEP-like,Politically Exposed Persons Register (fictional),2017-02-23 00:00:00,Senior public function
WL003999,Individual,IND0008151,,PEP-like,Politically Exposed Persons Register (fictional),2015-11-17 00:00:00,Senior public function
WL004000,Entity,,ENT001868,Adverse media-like,Adverse Media Index (fictional),2020-01-31 00:00:00,Fraud allegations in media
WL900000,Entity,,ENT008368,Sanctions-like,Global Restricted Parties List (fictional),2023-11-15 00:00:00,Asset freeze
WL900001,Entity,,ENT004006,Sanctions-like,Global Restricted Parties List (fictional),2023-11-15 00:00:00,Asset freeze
WL900002,Entity,,ENT001796,Sanctions-like,Global Restricted Parties List (fictional),2023-11-15 00:00:00,Asset freeze
WL900003,Entity,,ENT006474,Sanctions-like,Global Restricted Parties List (fictional),2023-11-15 00:00:00,Asset freeze
WL900004,Entity,,ENT001214,Sanctions-like,Global Restricted Parties List (fictional),2023-11-15 00:00:00,Asset freeze
WL900005,Entity,,ENT002274,Sanctions-like,Global Restricted Parties List (fictional),2023-11-15 00:00:00,Asset freeze
